{"type": "FeatureCollection", "name": "seliger-water-system-audit", "properties": {"source": "OSM Overpass + relation/399081 reconstruction; node-id topology in companion markdown", "seed": "relation/399081"}, "features": [{"type": "Feature", "id": "seliger-south", "properties": {"name": "Селигер", "osm": "relation/399081", "part": "south", "kind": "seed", "status": "DIRECT_MEMBER"}, "geometry": {"type": "Polygon", "coordinates": [[[32.9856259, 57.1338601], [32.9858885, 57.1338163], [32.98685, 57.1338508], [32.9875512, 57.1340907], [32.9882287, 57.1343693], [32.9884578, 57.1344115], [32.9896487, 57.134445], [32.9898321, 57.1343926], [32.9904603, 57.1344435], [32.9906084, 57.1344086], [32.9906759, 57.1343151], [32.9907889, 57.1343115], [32.9909063, 57.1344124], [32.9910056, 57.1344218], [32.9910512, 57.1343783], [32.9910694, 57.134287], [32.9911418, 57.1342668], [32.9913272, 57.1343244], [32.99135, 57.134244], [32.9912202, 57.1341598], [32.9912429, 57.134066], [32.9916445, 57.1338732], [32.9916955, 57.133918], [32.9915721, 57.1340806], [32.9916246, 57.134116], [32.9917376, 57.1341281], [32.9920184, 57.1340499], [32.9923279, 57.1339792], [32.992583, 57.1337809], [32.9928255, 57.1337396], [32.9928488, 57.1336265], [32.9928078, 57.1335227], [32.9928692, 57.1333828], [32.993013, 57.1333003], [32.9931688, 57.1333581], [32.9933574, 57.1333575], [32.9935942, 57.1332831], [32.9937079, 57.1331822], [32.9936827, 57.1331238], [32.9935674, 57.1330635], [32.9936734, 57.1330215], [32.9936561, 57.132982], [32.9936882, 57.1329541], [32.9937498, 57.1329663], [32.9938798, 57.1329296], [32.9940174, 57.1327908], [32.9941316, 57.1327409], [32.9944557, 57.1324598], [32.9944866, 57.1324052], [32.9945735, 57.132341], [32.9947133, 57.1322828], [32.9947517, 57.1322387], [32.9948508, 57.1322514], [32.9951558, 57.1324091], [32.9952543, 57.132372], [32.9954489, 57.1322688], [32.9955427, 57.1321395], [32.9954732, 57.1320841], [32.9953768, 57.1319763], [32.9952098, 57.1318556], [32.9952055, 57.1318193], [32.9952443, 57.1318157], [32.995373, 57.1318767], [32.9955302, 57.1319419], [32.9956186, 57.1319362], [32.9957955, 57.1320315], [32.9958755, 57.1320543], [32.9959227, 57.1320311], [32.9960189, 57.1320262], [32.9960232, 57.1319677], [32.9959667, 57.1318525], [32.9960877, 57.13181], [32.9961523, 57.1316784], [32.9961705, 57.1316097], [32.9966802, 57.1314289], [32.9971808, 57.1312793], [32.9975915, 57.1310883], [32.9980538, 57.1309729], [32.9983371, 57.1308611], [32.9987219, 57.130683], [32.9988658, 57.1305592], [32.9994112, 57.1303326], [32.999921, 57.1301508], [33.0000726, 57.1300049], [33.000147, 57.1298499], [33.0005589, 57.1295943], [33.0008779, 57.1293761], [33.002567, 57.1276052], [33.0035112, 57.1252409], [33.0037236, 57.1235453], [33.0027387, 57.1225736], [33.0014276, 57.1221243], [33.0010629, 57.1208662], [32.9999921, 57.1202089], [32.9989815, 57.1194742], [32.9987454, 57.1188684], [32.9987132, 57.1180355], [32.9978785, 57.1169121], [32.9989922, 57.1162938], [32.9990582, 57.1157851], [32.9995415, 57.1143491], [32.9996053, 57.1142006], [32.999895, 57.1138919], [33.0001739, 57.1138103], [33.0001739, 57.1136472], [33.0000988, 57.1134783], [33.0004422, 57.1133851], [33.0009571, 57.1128608], [33.0019663, 57.1124267], [33.003296, 57.1118704], [33.0067942, 57.1099798], [33.0072442, 57.1095983], [33.0078236, 57.1087826], [33.0075667, 57.1077892], [33.0078236, 57.1071979], [33.007137, 57.105916], [33.0065582, 57.1041882], [33.0061284, 57.1037717], [33.004841, 57.1030841], [33.0046157, 57.1028277], [33.0041972, 57.1025597], [33.0040905, 57.1022653], [33.0037252, 57.1015573], [33.0033604, 57.1008814], [33.0031458, 57.1002753], [33.0027596, 57.0997392], [33.0019227, 57.0993546], [33.0012581, 57.0991533], [33.0007641, 57.0990049], [32.9999487, 57.09883], [32.9991982, 57.0986755], [32.9980389, 57.0986086], [32.9962365, 57.0987485], [32.99525, 57.0989902], [32.9938547, 57.099949], [32.9925457, 57.1001937], [32.9911945, 57.1004355], [32.9904429, 57.1002986], [32.9899279, 57.1002986], [32.9895417, 57.1002287], [32.9888658, 57.0998324], [32.9885444, 57.0996255], [32.9881576, 57.0994944], [32.9874603, 57.0993954], [32.9869667, 57.0994536], [32.9856042, 57.0997275], [32.985336, 57.0995352], [32.9843924, 57.0995963], [32.9836837, 57.0993954], [32.9831473, 57.0993954], [32.9828254, 57.0999373], [32.981892, 57.099949], [32.980862, 57.1003219], [32.9781911, 57.1009482], [32.9774401, 57.1017758], [32.9759804, 57.1030375], [32.9762385, 57.1036055], [32.9772035, 57.1040398], [32.9760233, 57.1051585], [32.9735563, 57.1057032], [32.9712275, 57.1068075], [32.9703907, 57.1065628], [32.9693071, 57.1069823], [32.9688457, 57.1071629], [32.9687175, 57.1075095], [32.9684488, 57.1074484], [32.9678801, 57.107192], [32.9677299, 57.1072503], [32.9692105, 57.1080369], [32.969093, 57.1083717], [32.9687385, 57.1086311], [32.9685856, 57.1086501], [32.9683656, 57.1088783], [32.9685936, 57.1090885], [32.9685775, 57.1093361], [32.9682288, 57.1095284], [32.9679499, 57.1098284], [32.9661963, 57.1103877], [32.9652569, 57.1106732], [32.9646615, 57.1108858], [32.964581, 57.1110868], [32.9642484, 57.1111567], [32.9630361, 57.1110519], [32.9622588, 57.1111566], [32.9604612, 57.1113315], [32.9597482, 57.1116809], [32.9597538, 57.1120812], [32.9582784, 57.112415], [32.9574839, 57.1124355], [32.9568831, 57.1117364], [32.9550598, 57.1115761], [32.952356, 57.112182], [32.9492662, 57.1132655], [32.9453395, 57.1141278], [32.9444382, 57.1154209], [32.9437065, 57.116323], [32.9427747, 57.1163677], [32.941992, 57.1189625], [32.9430628, 57.1197014], [32.9433624, 57.1212471], [32.945656, 57.124151], [32.951418, 57.1265709], [32.9536629, 57.1271909], [32.9556289, 57.1273827], [32.9589436, 57.12679], [32.9611537, 57.12679], [32.9622266, 57.1284438], [32.9654882, 57.130214], [32.9676984, 57.1332418], [32.969284, 57.1345859], [32.9698849, 57.1351273], [32.9711187, 57.1355058], [32.9719877, 57.1361112], [32.9725263, 57.1360947], [32.9720735, 57.1355174], [32.9727387, 57.1354475], [32.9733395, 57.1358085], [32.9750369, 57.1355358], [32.9767513, 57.1354359], [32.9782533, 57.1355989], [32.9794357, 57.1348371], [32.9816619, 57.1348234], [32.9832759, 57.1353412], [32.9840414, 57.1359799], [32.9841733, 57.1365923], [32.9848397, 57.1372485], [32.9856391, 57.1375945], [32.9870846, 57.1379757], [32.9872076, 57.1381098], [32.9871572, 57.1383075], [32.9873852, 57.1388137], [32.9875509, 57.139057], [32.9872712, 57.1391567], [32.9873437, 57.1395223], [32.9871157, 57.1397866], [32.985758, 57.1401803], [32.9854056, 57.1404671], [32.984763, 57.140692], [32.9848943, 57.1409737], [32.9847373, 57.1411137], [32.9841553, 57.141072], [32.9838698, 57.1412746], [32.9835952, 57.1413044], [32.983749, 57.1413997], [32.9838368, 57.1415487], [32.9843859, 57.1416917], [32.9841992, 57.1417989], [32.9841772, 57.1420015], [32.9840828, 57.1421294], [32.9841004, 57.1423173], [32.98432, 57.1423887], [32.9842929, 57.1428709], [32.9840408, 57.1442109], [32.9841573, 57.1457592], [32.9842001, 57.1465571], [32.9844639, 57.1467957], [32.9843906, 57.1470899], [32.9850048, 57.1479681], [32.9861056, 57.1486325], [32.9864711, 57.1489758], [32.9868889, 57.1493682], [32.987674, 57.1499921], [32.9882896, 57.1501432], [32.9889638, 57.1509621], [32.9891312, 57.1515905], [32.9888125, 57.1517419], [32.9889738, 57.1520162], [32.9893182, 57.1524297], [32.9895821, 57.1525648], [32.9896617, 57.1528877], [32.9898386, 57.1529226], [32.9897726, 57.1533002], [32.9898606, 57.1538051], [32.9901713, 57.1543785], [32.9899925, 57.1546438], [32.9901977, 57.1547869], [32.9901903, 57.1549538], [32.990293, 57.1551128], [32.9905201, 57.1551208], [32.9907034, 57.1550254], [32.9911797, 57.1551327], [32.9912457, 57.1553434], [32.9916195, 57.1553235], [32.992114, 57.1555379], [32.9920927, 57.1557549], [32.9921674, 57.1561599], [32.99213, 57.1564637], [32.9921514, 57.1565215], [32.9919007, 57.1566401], [32.9918633, 57.1568021], [32.9922314, 57.1571261], [32.9925567, 57.1572367], [32.9928608, 57.1574328], [32.9931052, 57.1577071], [32.9927708, 57.1579622], [32.9930877, 57.1582077], [32.9931179, 57.1583059], [32.9939145, 57.1585348], [32.9942947, 57.1586086], [32.9945512, 57.1587886], [32.9955085, 57.1588519], [32.9963013, 57.1588541], [32.9972669, 57.1586168], [32.998655, 57.1584941], [32.9996055, 57.1581423], [33.0004259, 57.157658], [33.0013057, 57.1574921], [33.0023665, 57.1572013], [33.0026532, 57.1572176], [33.0031511, 57.1570785], [33.0043279, 57.1570785], [33.0053237, 57.1567512], [33.0060931, 57.1564976], [33.0061837, 57.1563667], [33.0067419, 57.1562112], [33.0071207, 57.1557163], [33.0073454, 57.1554993], [33.0077075, 57.1553029], [33.0075905, 57.154861], [33.0073605, 57.1544191], [33.0070587, 57.153969], [33.0065608, 57.1537154], [33.0055952, 57.1536335], [33.0046296, 57.1533471], [33.0042675, 57.1531425], [33.0042374, 57.1528643], [33.0047986, 57.1525671], [33.005037, 57.1524142], [33.0049314, 57.1518004], [33.0045919, 57.1513994], [33.0038828, 57.1510434], [33.0034604, 57.1509043], [33.0027135, 57.1511089], [33.0023816, 57.1511498], [33.0021402, 57.1510434], [33.0019667, 57.1509207], [33.0021803, 57.150228], [33.0025098, 57.1492552], [33.0032039, 57.149337], [33.003501, 57.1495465], [33.0040714, 57.1501105], [33.005384, 57.1501514], [33.0062289, 57.1499959], [33.0066228, 57.1493101], [33.0083904, 57.1485539], [33.0097594, 57.1485227], [33.011471, 57.1490522], [33.0121432, 57.1490792], [33.0127166, 57.1490056], [33.0135916, 57.1485718], [33.0145422, 57.1483181], [33.0154511, 57.1483462], [33.0166997, 57.1481462], [33.017347, 57.1481374], [33.0188874, 57.1478025], [33.0193249, 57.1475979], [33.0194305, 57.1472377], [33.0200571, 57.1468783], [33.0204112, 57.1464765], [33.0210907, 57.146249], [33.0213971, 57.1462661], [33.0223835, 57.1473304], [33.0263742, 57.1499861], [33.0273338, 57.1504865], [33.0310326, 57.151142], [33.0322923, 57.152264], [33.0337607, 57.1539292], [33.0334311, 57.156491], [33.0317293, 57.1594798], [33.0319223, 57.161267], [33.0334511, 57.1622223], [33.0370097, 57.164336], [33.0408484, 57.165039], [33.0422208, 57.1657863], [33.0419904, 57.1686206], [33.0402018, 57.169209], [33.0362823, 57.1706255], [33.0341806, 57.1716666], [33.0334309, 57.1723179], [33.0322521, 57.1725392], [33.0318841, 57.1725404], [33.0313744, 57.1724407], [33.0315655, 57.1720663], [33.0303121, 57.1715529], [33.0295546, 57.1714712], [33.0286221, 57.1717093], [33.0281737, 57.1721892], [33.0282616, 57.1726219], [33.0284971, 57.1726816], [33.0286957, 57.1726692], [33.0288791, 57.1727272], [33.029156, 57.1727409], [33.0299254, 57.1730614], [33.0301169, 57.1733982], [33.0309268, 57.1735598], [33.0318696, 57.1737572], [33.0331633, 57.1739044], [33.0354417, 57.1734609], [33.0362154, 57.1734803], [33.0366432, 57.1738696], [33.0365974, 57.1740684], [33.0352847, 57.1750391], [33.0356084, 57.1761149], [33.0366921, 57.1758036], [33.036584, 57.1764127], [33.036898, 57.1766744], [33.0364976, 57.17718], [33.0359123, 57.1772335], [33.0359735, 57.1776766], [33.036302, 57.1777636], [33.0369849, 57.1787793], [33.0365524, 57.1796713], [33.0360122, 57.1808104], [33.0355421, 57.1811091], [33.0353472, 57.180831], [33.0343218, 57.1814545], [33.0326042, 57.1823356], [33.0310973, 57.1840302], [33.0302998, 57.1853535], [33.0297308, 57.1869126], [33.0293634, 57.1883648], [33.0286826, 57.1903087], [33.0281871, 57.1908843], [33.0266772, 57.1914696], [33.0256733, 57.1916185], [33.0250993, 57.1917037], [33.0246794, 57.1919009], [33.0240102, 57.1924627], [33.0231885, 57.1932554], [33.0225654, 57.1940365], [33.0222128, 57.194466], [33.0221473, 57.1949422], [33.0226487, 57.195987], [33.0232566, 57.1967381], [33.0239803, 57.1967838], [33.0246537, 57.1971644], [33.0251676, 57.198104], [33.0263587, 57.1985081], [33.0270465, 57.1991218], [33.0262313, 57.1998185], [33.0253313, 57.1998498], [33.0241559, 57.1996786], [33.0240092, 57.1997366], [33.0238717, 57.1998607], [33.0242919, 57.2000222], [33.0245135, 57.2001712], [33.0244289, 57.2004354], [33.0240168, 57.200523], [33.0235559, 57.2010016], [33.022856, 57.2015979], [33.0227058, 57.2017853], [33.0224939, 57.2018478], [33.0221935, 57.2019829], [33.0217536, 57.2021413], [33.0213942, 57.2022009], [33.0211635, 57.2021936], [33.0208068, 57.2022125], [33.020214, 57.2023462], [33.0195462, 57.2024275], [33.0189453, 57.2025481], [33.018602, 57.2026585], [33.0184545, 57.2026687], [33.0180307, 57.2028111], [33.0173387, 57.2031089], [33.0163436, 57.2036116], [33.0157803, 57.2039341], [33.0154826, 57.2040547], [33.0149462, 57.2042174], [33.0148362, 57.2042174], [33.014753, 57.2041782], [33.0147852, 57.2040997], [33.0149006, 57.203985], [33.0149891, 57.2038557], [33.0149784, 57.2037235], [33.0149597, 57.2035289], [33.0148912, 57.2034082], [33.0148925, 57.2033777], [33.0148858, 57.2033268], [33.0148603, 57.2033123], [33.0147504, 57.2032869], [33.0146779, 57.2032244], [33.0146458, 57.2031714], [33.0145277, 57.2031648], [33.0143185, 57.2031271], [33.0140865, 57.2030232], [33.013994, 57.2029353], [33.0138116, 57.2028903], [33.0137284, 57.2028329], [33.0136359, 57.202814], [33.0135769, 57.2027718], [33.0133462, 57.2026956], [33.0129184, 57.2025953], [33.0128125, 57.2025728], [33.0125603, 57.2026019], [33.0124463, 57.202599], [33.0123712, 57.2025583], [33.0123216, 57.2025241], [33.0122479, 57.2025118], [33.0122076, 57.2025096], [33.0121553, 57.2024784], [33.0120239, 57.2024515], [33.0117986, 57.2024094], [33.0117222, 57.2023527], [33.0114512, 57.2022953], [33.0109752, 57.2022357], [33.0108343, 57.2021914], [33.0106587, 57.2021173], [33.01061, 57.2020636], [33.0105271, 57.2020391], [33.0104401, 57.2020171], [33.0102148, 57.2020897], [33.0101504, 57.2021362], [33.0101128, 57.2021842], [33.0100967, 57.2022307], [33.0100592, 57.2022786], [33.0100324, 57.2022946], [33.009968, 57.2022888], [33.0098607, 57.2022408], [33.0097078, 57.2021725], [33.00963, 57.2021362], [33.0095174, 57.2020825], [33.0092492, 57.2020229], [33.0088656, 57.2019473], [33.0086081, 57.2019662], [33.008136, 57.2019866], [33.007849, 57.2020011], [33.007731, 57.2020156], [33.0076693, 57.2020432], [33.007613, 57.2021144], [33.0075406, 57.2021435], [33.0073528, 57.2021842], [33.0069988, 57.2022975], [33.0067949, 57.2024065], [33.0065777, 57.2025735], [33.0063637, 57.2026856], [33.0063416, 57.2026985], [33.0062853, 57.2028423], [33.0058548, 57.203544], [33.0058347, 57.2036973], [33.0058293, 57.2037976], [33.0057542, 57.2039675], [33.0056469, 57.2040395], [33.0054686, 57.204078], [33.0051628, 57.2041048], [33.0048651, 57.2041368], [33.0047524, 57.2041847], [33.0046197, 57.2042966], [33.0045405, 57.204306], [33.0044158, 57.2043511], [33.0044011, 57.2043816], [33.0043957, 57.2044368], [33.0043957, 57.2045508], [33.0043769, 57.2046794], [33.0043394, 57.2047353], [33.0042616, 57.2048182], [33.0041516, 57.2048901], [33.0040591, 57.2049351], [33.0039974, 57.2050063], [33.0037962, 57.205108], [33.0037721, 57.2051719], [33.0037292, 57.2051763], [33.003697, 57.2051915], [33.0036782, 57.2052169], [33.003697, 57.2053121], [33.0035964, 57.2054138], [33.0032397, 57.2056266], [33.0028628, 57.2058917], [33.0025168, 57.2062084], [33.0022928, 57.2063486], [33.0021762, 57.2064227], [33.0020984, 57.2064445], [33.0020206, 57.2064489], [33.0020367, 57.206544], [33.0019442, 57.2066377], [33.0016156, 57.2069072], [33.0013876, 57.2070009], [33.0013447, 57.2070423], [33.0013286, 57.2071033], [33.0012441, 57.207213], [33.0011207, 57.2073038], [33.0010456, 57.2073873], [33.0009397, 57.2075645], [33.0008056, 57.2077127], [33.0007868, 57.2077643], [33.0007975, 57.2078369], [33.0008297, 57.2079095], [33.0008136, 57.2079786], [33.000768, 57.2080592], [33.0007412, 57.208073], [33.0007251, 57.2080853], [33.0006929, 57.2080904], [33.0006728, 57.2080977], [33.0006446, 57.20811], [33.0006339, 57.2081195], [33.0006031, 57.2081209], [33.0005575, 57.2081187], [33.0005373, 57.2081209], [33.0004435, 57.2081906], [33.0003509, 57.2082822], [33.0003013, 57.208301], [33.0002785, 57.2083032], [33.0002423, 57.2082901], [33.0002182, 57.2082647], [32.9999597, 57.2082433], [32.9996144, 57.2082837], [32.999049, 57.208503], [32.9986517, 57.2085858], [32.9981035, 57.2084277], [32.9975667, 57.2084202], [32.996497, 57.2085526], [32.9952401, 57.2087127], [32.9950697, 57.2085893], [32.9946781, 57.2085101], [32.9941481, 57.2085137], [32.993704, 57.2084999], [32.9931026, 57.2080791], [32.9926199, 57.2074626], [32.9919781, 57.207115], [32.992006, 57.2069853], [32.991703, 57.2068419], [32.991428, 57.2068005], [32.9904512, 57.20672], [32.98983, 57.2065058], [32.9884022, 57.2065811], [32.9873786, 57.2067828], [32.9858884, 57.2067922], [32.9854701, 57.2068548], [32.9851472, 57.2068087], [32.9850476, 57.2064997], [32.9847956, 57.2062634], [32.9840149, 57.2058402], [32.9832693, 57.2053201], [32.9827436, 57.2048784], [32.9824861, 57.204723], [32.982124, 57.2045501], [32.9819738, 57.2044891], [32.9818558, 57.2045036], [32.9816774, 57.2046315], [32.9816653, 57.2046591], [32.9816881, 57.204683], [32.9816975, 57.2047099], [32.9817029, 57.2047608], [32.9817096, 57.2048], [32.981833, 57.2049605], [32.9818786, 57.2050673], [32.9818745, 57.2052235], [32.9818423, 57.2053542], [32.9818772, 57.2054399], [32.9818604, 57.2055485], [32.9817639, 57.205672], [32.9816915, 57.2058899], [32.9817022, 57.2060047], [32.9817076, 57.2060715], [32.9817693, 57.2060991], [32.9817961, 57.2061427], [32.9819651, 57.2062357], [32.9822118, 57.2062814], [32.9823835, 57.2062836], [32.9824291, 57.2062923], [32.982527, 57.2062873], [32.9826879, 57.2063149], [32.9829307, 57.2063773], [32.9831734, 57.2064826], [32.9833786, 57.2066047], [32.9834282, 57.2066475], [32.9834416, 57.2067071], [32.9834041, 57.2068981], [32.9833893, 57.2070674], [32.9836763, 57.2075032], [32.9838185, 57.2076107], [32.9843602, 57.2077688], [32.9844407, 57.2078271], [32.9848078, 57.2079527], [32.9850737, 57.2080436], [32.9854259, 57.2082291], [32.9876576, 57.2085712], [32.9887002, 57.2085013], [32.989854, 57.208464], [32.9900526, 57.2083647], [32.9904347, 57.2083192], [32.9910077, 57.2085799], [32.9912522, 57.2086544], [32.9914356, 57.2086378], [32.9918861, 57.2084326], [32.9920729, 57.2084197], [32.9923036, 57.2084536], [32.9930542, 57.2087764], [32.993884, 57.2091314], [32.9941139, 57.2093902], [32.9946868, 57.2095064], [32.9947876, 57.2095535], [32.994894, 57.2096051], [32.9949154, 57.2096422], [32.994902, 57.2096647], [32.9948457, 57.2096814], [32.9947813, 57.2097184], [32.9947867, 57.2097787], [32.9948403, 57.2098405], [32.9949885, 57.2099189], [32.9951065, 57.2099479], [32.9952152, 57.2099458], [32.9953292, 57.209969], [32.9955196, 57.2099567], [32.9956443, 57.2099247], [32.9957612, 57.209866], [32.9959181, 57.2097657], [32.9959731, 57.209716], [32.9960033, 57.2096989], [32.9960442, 57.2096891], [32.9960911, 57.2096899], [32.9961354, 57.2097007], [32.9962266, 57.2097421], [32.9962809, 57.2097861], [32.9963513, 57.209826], [32.9964063, 57.2098377], [32.9964908, 57.209858], [32.9966068, 57.2099012], [32.9966913, 57.2099048], [32.9967255, 57.2099128], [32.9968066, 57.209939], [32.9969072, 57.2099535], [32.9969407, 57.2099499], [32.9969669, 57.2099473], [32.9971653, 57.2099924], [32.9972699, 57.2099924], [32.997333, 57.209984], [32.9975006, 57.2099793], [32.9976173, 57.2099942], [32.9976642, 57.2100116], [32.9977138, 57.2100189], [32.9977789, 57.2100189], [32.9978922, 57.2100076], [32.9979143, 57.2099749], [32.9979284, 57.2099622], [32.997962, 57.2099575], [32.997974, 57.2099651], [32.9980002, 57.2099902], [32.9980498, 57.2100094], [32.9982543, 57.2100287], [32.9984749, 57.2100497], [32.9985976, 57.2100719], [32.9987331, 57.2101431], [32.9988397, 57.2101921], [32.9989061, 57.2102451], [32.9989933, 57.2102818], [32.9990657, 57.2103373], [32.9991736, 57.2104027], [32.9992011, 57.2104129], [32.9992347, 57.21041], [32.9992588, 57.2104143], [32.999289, 57.2104245], [32.999411, 57.2105258], [32.9995921, 57.2106391], [32.9997148, 57.2106631], [32.9998147, 57.2106653], [32.9998489, 57.2106489], [32.9999086, 57.2107121], [32.999952, 57.2107645], [33.0000668, 57.2109031], [33.00015, 57.2110796], [33.0002546, 57.2111537], [33.0002975, 57.2112938], [33.0002613, 57.2113374], [33.0003297, 57.211474], [33.0002358, 57.2116395], [33.0000749, 57.2117862], [33.0000561, 57.2118901], [32.9999367, 57.2120876], [32.9998281, 57.2121523], [32.9997959, 57.2122438], [32.9997597, 57.2122808], [32.9997356, 57.212315], [32.9997624, 57.2123564], [32.9997356, 57.212381], [32.9996551, 57.2124166], [32.9995465, 57.2125503], [32.9994285, 57.2127449], [32.9994405, 57.2128611], [32.9995358, 57.2131574], [32.9995535, 57.213256], [32.999566, 57.21335], [32.9995733, 57.213397], [32.9995786, 57.2134354], [32.9996001, 57.2135924], [32.9995894, 57.2137231], [32.9996001, 57.2137493], [32.9995867, 57.2137776], [32.9995183, 57.213787], [32.999521, 57.2138095], [32.9995089, 57.2138669], [32.9995357, 57.2138931], [32.9995572, 57.2139206], [32.9995438, 57.2139591], [32.9995116, 57.2140136], [32.9995652, 57.2140368], [32.9995277, 57.2140644], [32.9995593, 57.2141081], [32.9996189, 57.2141545], [32.9997034, 57.2144486], [32.9997946, 57.2146745], [32.9998294, 57.2147703], [32.999871, 57.2147957], [32.9999488, 57.2148197], [33.0000494, 57.214946], [33.0001325, 57.2151545], [33.0001848, 57.2151763], [33.000209, 57.2152133], [33.0003042, 57.2153382], [33.0003766, 57.2155328], [33.000323, 57.2157572], [33.0001942, 57.2158458], [32.9999944, 57.2158886], [32.9999649, 57.2159424], [32.9998455, 57.2160077], [32.9995832, 57.216093], [32.9989662, 57.2162979], [32.9988328, 57.216468], [32.9987255, 57.2170097], [32.9986933, 57.2172668], [32.9987416, 57.2173002], [32.9987282, 57.2173568], [32.9987228, 57.2174033], [32.9988033, 57.2174498], [32.9988516, 57.2175137], [32.9988623, 57.2176139], [32.998932, 57.2177852], [32.9989106, 57.2179769], [32.9988596, 57.2181904], [32.9988355, 57.21834], [32.9987604, 57.2184576], [32.9987899, 57.2185245], [32.9988408, 57.2185738], [32.9988516, 57.2186188], [32.9988757, 57.2186464], [32.9988784, 57.2187118], [32.9989374, 57.2187888], [32.9990661, 57.2189703], [32.9992056, 57.2190632], [32.9993371, 57.2191271], [32.9994336, 57.2192114], [32.9994738, 57.2192477], [32.999565, 57.2192883], [32.9996723, 57.2193769], [32.9997287, 57.2194524], [33.0000264, 57.2197167], [33.0000773, 57.2197574], [33.0001256, 57.2197676], [33.0002222, 57.2197995], [33.0004019, 57.2198895], [33.0008605, 57.2200188], [33.0010537, 57.2200289], [33.0014587, 57.2201016], [33.0017484, 57.2201959], [33.0018717, 57.22027], [33.0019281, 57.2203165], [33.002038, 57.2203339], [33.0020595, 57.2203833], [33.0020595, 57.2204385], [33.0020622, 57.2204613], [33.0020803, 57.220474], [33.0021292, 57.220498], [33.002142, 57.2206164], [33.0021312, 57.2208821], [33.0021152, 57.2210331], [33.0021339, 57.2211043], [33.0022144, 57.2211232], [33.002429, 57.2211725], [33.0025443, 57.2212437], [33.0025926, 57.2213076], [33.0025899, 57.221447], [33.0025282, 57.2216082], [33.0024503, 57.2217277], [33.0024558, 57.2218528], [33.002429, 57.221871], [33.0023726, 57.2218986], [33.0023673, 57.2219262], [33.0023726, 57.2219465], [33.0023659, 57.2219705], [33.0022774, 57.2220692], [33.0022439, 57.2221825], [33.0022734, 57.2223408], [33.0023512, 57.2225876], [33.0023405, 57.2226646], [33.0023565, 57.2227909], [33.0023485, 57.2228446], [33.0022493, 57.2229535], [33.0022519, 57.2231917], [33.0023378, 57.2234167], [33.0024451, 57.2235416], [33.0026201, 57.2236385], [33.0026643, 57.2236857], [33.0026858, 57.2237133], [33.0027461, 57.2237591], [33.002903, 57.2238353], [33.0030184, 57.223873], [33.003178, 57.2238861], [33.0032491, 57.223926], [33.0034891, 57.2239841], [33.0036031, 57.2239812], [33.003646, 57.2239943], [33.0037184, 57.2240386], [33.0039049, 57.2240843], [33.0040604, 57.2241286], [33.0042428, 57.2241438], [33.0044574, 57.2241388], [33.0047404, 57.2241678], [33.0047953, 57.2241889], [33.0048463, 57.2241867], [33.0049241, 57.2241591], [33.0049804, 57.2241605], [33.0051199, 57.2241881], [33.005309, 57.2242665], [33.0055718, 57.22448], [33.0056684, 57.2245809], [33.0057784, 57.2246521], [33.0060627, 57.224774], [33.006178, 57.2248699], [33.006229, 57.224986], [33.0062156, 57.2251515], [33.0062719, 57.2252909], [33.0063363, 57.2254448], [33.006339, 57.2255203], [33.0063229, 57.2256292], [33.006223, 57.2259811], [33.0062263, 57.2260227], [33.006111, 57.2261766], [33.0060627, 57.2262892], [33.0060359, 57.226324], [33.0059997, 57.2263494], [33.00595, 57.2263654], [33.0058213, 57.2263567], [33.0056818, 57.2263153], [33.0055799, 57.2262616], [33.0055377, 57.2262194], [33.0055021, 57.2261882], [33.0054203, 57.2261607], [33.0053452, 57.2261527], [33.0052513, 57.2261548], [33.005199, 57.226165], [33.0051789, 57.2261919], [33.0051749, 57.2262129], [33.005187, 57.2262376], [33.0052285, 57.2262841], [33.005364, 57.2263799], [33.0054498, 57.2264227], [33.0055209, 57.2264402], [33.0056845, 57.2264605], [33.0057958, 57.2264873], [33.0059487, 57.2265207], [33.0060023, 57.2265324], [33.0060614, 57.2265432], [33.0061016, 57.2265578], [33.0061297, 57.2265803], [33.0061391, 57.2266957], [33.0061673, 57.2267719], [33.0061847, 57.2268561], [33.0062102, 57.2268895], [33.0062679, 57.2269498], [33.0063068, 57.2270507], [33.006402, 57.2272206], [33.0064047, 57.2273091], [33.0063886, 57.2273904], [33.0063537, 57.2274296], [33.0063027, 57.2274601], [33.0062464, 57.2274819], [33.0061767, 57.2274834], [33.0061177, 57.227479], [33.0060184, 57.2274863], [33.0059407, 57.227508], [33.0058897, 57.227553], [33.0058897, 57.2275893], [33.0059246, 57.2276256], [33.0059246, 57.2276677], [33.005938, 57.2277534], [33.0060104, 57.2277665], [33.0061069, 57.2278216], [33.0061391, 57.227932], [33.0061391, 57.2280467], [33.0061284, 57.228112], [33.0060453, 57.2281628], [33.0060265, 57.2282035], [33.0060399, 57.2282703], [33.0059862, 57.2283777], [33.0056858, 57.2286071], [33.0053586, 57.2288481], [33.0050958, 57.2291196], [33.0048946, 57.2292067], [33.0047605, 57.2293272], [33.0046317, 57.2293621], [33.0044896, 57.2294172], [33.0044091, 57.2295203], [33.0043213, 57.2296161], [33.0042918, 57.2296887], [33.0043213, 57.2297279], [33.0043374, 57.2297569], [33.0043213, 57.229815], [33.0042435, 57.229876], [33.0041496, 57.2299283], [33.0041952, 57.2299762], [33.0042488, 57.2299965], [33.0042864, 57.2299805], [33.0043186, 57.2299849], [33.0043347, 57.2300052], [33.0042864, 57.2300168], [33.0042059, 57.230019], [33.0041912, 57.2300263], [33.0041898, 57.2300386], [33.0042314, 57.2300502], [33.0042851, 57.2300531], [33.0043763, 57.2300604], [33.0044165, 57.2300742], [33.0044581, 57.2301032], [33.0044715, 57.2301359], [33.0044862, 57.2301918], [33.0044862, 57.2302825], [33.004505, 57.2303239], [33.0045573, 57.2303478], [33.0045895, 57.2303819], [33.0045868, 57.2304451], [33.0046525, 57.2305416], [33.0047907, 57.2306367], [33.0048698, 57.2307035], [33.0048805, 57.2307594], [33.0048577, 57.230795], [33.0048349, 57.230808], [33.004796, 57.230816], [33.0047316, 57.2308022], [33.0046941, 57.2307761], [33.0046673, 57.2307391], [33.0041684, 57.2303057], [33.0040812, 57.2302331], [33.0039954, 57.2301351], [33.003935, 57.2300582], [33.0038546, 57.2300125], [33.0037929, 57.2300038], [33.0037111, 57.22999], [33.0035743, 57.2300132], [33.003475, 57.2300197], [33.0034495, 57.2300357], [33.0034321, 57.230064], [33.0034321, 57.230117], [33.0035327, 57.2301141], [33.0036038, 57.2300959], [33.0036628, 57.2301061], [33.0037044, 57.2301293], [33.0037325, 57.2301562], [33.0038452, 57.230289], [33.0038854, 57.2303914], [33.0039484, 57.2304371], [33.0040115, 57.2304661], [33.004053, 57.2305017], [33.0041617, 57.2306135], [33.0041872, 57.2306934], [33.0041536, 57.2307224], [33.0040839, 57.2307565], [33.0039847, 57.2307551], [33.0039525, 57.2307645], [33.0039914, 57.2307884], [33.0040115, 57.2308059], [33.004045, 57.2308538], [33.004045, 57.2308828], [33.0039739, 57.2309793], [33.003923, 57.231057], [33.0038432, 57.2310897], [33.0038472, 57.2311434], [33.0039209, 57.2312363], [33.0039411, 57.2313575], [33.0040001, 57.2314541], [33.0042348, 57.23169], [33.0043421, 57.2317633], [33.004397, 57.2318235], [33.0044654, 57.232029], [33.0045446, 57.2321799], [33.004625, 57.2322678], [33.0047256, 57.232402], [33.0047591, 57.2324289], [33.0048986, 57.2325225], [33.0050461, 57.2326837], [33.0052352, 57.2328303], [33.005482, 57.2329762], [33.0056416, 57.2331743], [33.0057918, 57.2333797], [33.0059353, 57.2335764], [33.006009, 57.2336156], [33.0061753, 57.2336868], [33.006296, 57.2337746], [33.0063108, 57.2338537], [33.0062652, 57.2339495], [33.006284, 57.2340141], [33.0062867, 57.2340424], [33.0062156, 57.2341237], [33.0061807, 57.2341782], [33.0061539, 57.2344104], [33.006115, 57.2345258], [33.0061103, 57.2346144], [33.0060915, 57.2346652], [33.00605, 57.2346993], [33.0060473, 57.2347363], [33.0060701, 57.2348336], [33.0060634, 57.234917], [33.0060432, 57.2349569], [33.0059976, 57.2350041], [33.0059883, 57.235039], [33.0059655, 57.2352204], [33.00594, 57.2352843], [33.0057643, 57.2353315], [33.0055269, 57.2354476], [33.0051984, 57.2356247], [33.0049529, 57.2357531], [33.0047665, 57.2358424], [33.0044648, 57.2360493], [33.004332, 57.2361901], [33.0042636, 57.2363301], [33.004214, 57.2364927], [33.0041764, 57.2366916], [33.0041818, 57.2368171], [33.0041483, 57.2369971], [33.0041053, 57.2371459], [33.0039404, 57.2373252], [33.0037205, 57.2375661], [33.0035153, 57.2377265], [33.0033946, 57.2378237], [33.0029654, 57.2380799], [33.0026972, 57.238302], [33.0025765, 57.2383724], [33.0024531, 57.2384559], [33.0022412, 57.2385197], [33.0019931, 57.2385785], [33.0018577, 57.2385894], [33.0017396, 57.2385792], [33.0016632, 57.2385618], [33.001336, 57.2385335], [33.0002591, 57.2384254], [32.9998876, 57.2383898], [32.9997575, 57.238384], [32.9997055, 57.2384446], [32.999674, 57.2385725], [32.9996596, 57.2386308], [32.9996623, 57.2387149], [32.9997253, 57.2387882], [32.9998567, 57.238855], [33.0001464, 57.2389443], [33.0005675, 57.239051], [33.0006332, 57.2390974], [33.0006359, 57.2391308], [33.0006104, 57.2391613], [33.000593, 57.2391903], [33.0006225, 57.2392121], [33.0006855, 57.239215], [33.0007419, 57.2392288], [33.0008304, 57.239297], [33.0008706, 57.2393463], [33.0008773, 57.2395437], [33.000935, 57.2396359], [33.0010034, 57.2397948], [33.0011429, 57.2399443], [33.0014673, 57.2399528], [33.0018367, 57.2399134], [33.0020188, 57.2398261], [33.0023779, 57.23995], [33.0024605, 57.2400496], [33.0022062, 57.2402428], [33.0017133, 57.2405257], [33.0012435, 57.2405723], [33.0005514, 57.2404709], [33.000234, 57.2405638], [32.999901, 57.2407525], [33.0005834, 57.2410392], [33.0007023, 57.2413409], [33.0004799, 57.2416233], [32.9992294, 57.2417938], [32.9967563, 57.2426147], [32.9981355, 57.2418475], [32.9980534, 57.2415006], [32.9951589, 57.2418478], [32.9947833, 57.2412305], [32.995021, 57.2409615], [32.9954424, 57.2410258], [32.9959251, 57.2407663], [32.9959935, 57.2403183], [32.9944267, 57.2406458], [32.9931142, 57.2413617], [32.9908563, 57.2410486], [32.9902215, 57.2408134], [32.9896506, 57.2404937], [32.9889482, 57.2404704], [32.9880837, 57.2408036], [32.9877388, 57.2409676], [32.985343, 57.2412179], [32.9842369, 57.2411603], [32.9837377, 57.2415802], [32.9844516, 57.2415989], [32.9849441, 57.2417071], [32.9861171, 57.2417119], [32.986828, 57.2419077], [32.9871194, 57.2423225], [32.9871844, 57.2428686], [32.9875038, 57.2429616], [32.9885596, 57.2426212], [32.9888013, 57.2427457], [32.9883874, 57.2431214], [32.9885002, 57.2433641], [32.989094, 57.2437949], [32.989651, 57.2438841], [32.9901759, 57.2437846], [32.9908423, 57.2438115], [32.991597, 57.2440243], [32.9920967, 57.2441357], [32.9923341, 57.2443784], [32.9921459, 57.2446561], [32.9916847, 57.2450307], [32.9912983, 57.2451785], [32.9901433, 57.2454021], [32.9896592, 57.2456088], [32.9894813, 57.2460521], [32.989581, 57.2462072], [32.9896744, 57.2464484], [32.9895785, 57.2465539], [32.9894826, 57.2465839], [32.9892256, 57.2465641], [32.9890531, 57.2465258], [32.9889036, 57.2463923], [32.9887373, 57.2460724], [32.9884295, 57.2458256], [32.9881233, 57.2456694], [32.9874714, 57.2456256], [32.9869637, 57.2458214], [32.9861895, 57.2461891], [32.9854151, 57.2465823], [32.9849694, 57.2469247], [32.9845705, 57.2470389], [32.9839605, 57.247077], [32.9834677, 57.2473052], [32.9831627, 57.2476603], [32.98267, 57.2478759], [32.9814968, 57.2482944], [32.9810041, 57.2485734], [32.9807929, 57.2493597], [32.980441, 57.2496133], [32.9800187, 57.2498036], [32.9792913, 57.2498036], [32.9787986, 57.2497401], [32.9784936, 57.2495753], [32.9783293, 57.2493343], [32.9778836, 57.2490299], [32.9775551, 57.2488524], [32.9770858, 57.2487763], [32.9767104, 57.2488778], [32.9765227, 57.2492202], [32.97664, 57.2494992], [32.9769216, 57.2497148], [32.9770858, 57.2496387], [32.9769451, 57.2494231], [32.9772735, 57.2494484], [32.9777897, 57.2497782], [32.9775316, 57.2501079], [32.9771327, 57.2501586], [32.9769684, 57.2500318], [32.9765462, 57.2501713], [32.9763819, 57.2506533], [32.9760769, 57.2506533], [32.9757953, 57.2507801], [32.9754668, 57.2511479], [32.9752087, 57.2513254], [32.9751383, 57.2516425], [32.9752322, 57.2519088], [32.9756546, 57.2519722], [32.9764992, 57.2519214], [32.9768981, 57.2517313], [32.9771797, 57.2514396], [32.9773908, 57.2513127], [32.9777897, 57.2511859], [32.9783763, 57.2510464], [32.9785874, 57.2508688], [32.9788455, 57.2508308], [32.978822, 57.2511732], [32.9785405, 57.2514142], [32.9781651, 57.2516932], [32.9780478, 57.2519468], [32.9777662, 57.2520229], [32.9776489, 57.2518707], [32.9772031, 57.252099], [32.9769216, 57.2522892], [32.9770623, 57.2523399], [32.9771797, 57.2525048], [32.9768981, 57.2526316], [32.9761942, 57.252657], [32.9755842, 57.2524795], [32.9745518, 57.2524922], [32.9728625, 57.2526823], [32.9718301, 57.2528219], [32.9715251, 57.2523907], [32.9714312, 57.2519595], [32.9710558, 57.2515917], [32.9703989, 57.2513635], [32.9693195, 57.2513635], [32.968381, 57.2516044], [32.9679587, 57.25182], [32.9680291, 57.2530501], [32.9687095, 57.2530121], [32.9691319, 57.2530755], [32.9695541, 57.2532657], [32.9696246, 57.2535067], [32.9687564, 57.2536716], [32.9682403, 57.2538111], [32.9666448, 57.2535448], [32.9663867, 57.2533418], [32.9663398, 57.2531136], [32.9660113, 57.2529994], [32.9653778, 57.2530755], [32.9645306, 57.2535194], [32.9643211, 57.2537461], [32.9644142, 57.2538719], [32.9647402, 57.2538971], [32.9655087, 57.2540733], [32.9658114, 57.2543125], [32.9659046, 57.2545265], [32.9654854, 57.2545768], [32.9648334, 57.2545516], [32.9644142, 57.254388], [32.9640881, 57.2543628], [32.9638786, 57.2542622], [32.9633663, 57.2540733], [32.9628539, 57.254111], [32.9618991, 57.2543754], [32.9612471, 57.254602], [32.9609443, 57.2549544], [32.9606649, 57.255332], [32.9603156, 57.2555335], [32.9596869, 57.2557474], [32.9594773, 57.2558481], [32.9593608, 57.2560872], [32.9589649, 57.2562131], [32.9584759, 57.2562509], [32.9582896, 57.256125], [32.9582896, 57.2558733], [32.9581499, 57.2558481], [32.9577772, 57.2558481], [32.9573814, 57.2557726], [32.9571485, 57.2555964], [32.9570088, 57.2553446], [32.9570787, 57.2551306], [32.9574047, 57.2549544], [32.957754, 57.2546901], [32.9578704, 57.2544761], [32.9578005, 57.2537587], [32.9576143, 57.2535824], [32.9575444, 57.2538719], [32.9573814, 57.2541992], [32.9568691, 57.2546398], [32.9568225, 57.254816], [32.9565896, 57.2549796], [32.956217, 57.2550677], [32.955402, 57.2551432], [32.9548431, 57.2551558], [32.9542842, 57.2550929], [32.953702, 57.2549419], [32.9525841, 57.2547153], [32.951839, 57.2545265], [32.9513108, 57.2541896], [32.9508531, 57.2539298], [32.9503955, 57.2538185], [32.9498463, 57.253868], [32.9492513, 57.2538804], [32.9488166, 57.2537072], [32.9484504, 57.2535217], [32.9481072, 57.2535217], [32.9478555, 57.2534969], [32.9476953, 57.2533485], [32.9476267, 57.2531382], [32.9476495, 57.2528538], [32.9473978, 57.2526559], [32.9474436, 57.2523591], [32.9476038, 57.2521982], [32.9482216, 57.2520127], [32.9484962, 57.2518767], [32.9485191, 57.251419], [32.9486793, 57.2512087], [32.9487021, 57.2510108], [32.948931, 57.2508995], [32.9492056, 57.2508501], [32.9492056, 57.2509614], [32.9493886, 57.2510356], [32.9495717, 57.2509614], [32.9499149, 57.2508625], [32.9505328, 57.2508377], [32.9513565, 57.2505903], [32.9516311, 57.2504295], [32.9515625, 57.2501945], [32.9513565, 57.2500585], [32.950876, 57.250009], [32.9503726, 57.2500709], [32.9502124, 57.2501698], [32.9499607, 57.250244], [32.9497776, 57.2501451], [32.9492971, 57.2501327], [32.9486335, 57.2501575], [32.9483589, 57.2500832], [32.9481758, 57.2499348], [32.9478784, 57.2498111], [32.9474894, 57.2497864], [32.9471919, 57.249873], [32.9467799, 57.24991], [32.9463452, 57.2498606], [32.9460248, 57.2494153], [32.945796, 57.249304], [32.9452926, 57.2492546], [32.9442399, 57.2493163], [32.9432331, 57.2494401], [32.9429128, 57.2496008], [32.942867, 57.249774], [32.9431416, 57.2497987], [32.9433018, 57.2499966], [32.9431874, 57.2501945], [32.9424093, 57.250343], [32.9411278, 57.2504543], [32.9406473, 57.2506522], [32.9402812, 57.2508377], [32.9398235, 57.2511593], [32.9392972, 57.2514066], [32.9389023, 57.251468], [32.9387573, 57.2514876], [32.9386784, 57.2514983], [32.9386085, 57.2515035], [32.9380845, 57.2515303], [32.9374895, 57.2517654], [32.9373522, 57.252124], [32.9373751, 57.2525693], [32.9372378, 57.2529651], [32.9366886, 57.2533733], [32.9357046, 57.253967], [32.9357046, 57.2541896], [32.9356131, 57.2543503], [32.9349495, 57.2545482], [32.9343316, 57.254808], [32.933096, 57.2558717], [32.9327298, 57.2559954], [32.9323637, 57.2560201], [32.9318603, 57.256082], [32.9315857, 57.2568983], [32.9317917, 57.2569849], [32.932318, 57.2572693], [32.9323866, 57.2574301], [32.9322035, 57.2574548], [32.9302813, 57.2575044], [32.9300983, 57.2576157], [32.9298466, 57.2580733], [32.9294118, 57.2583577], [32.9293203, 57.2585433], [32.9294118, 57.2587165], [32.9301669, 57.2597183], [32.9295948, 57.2596317], [32.9292287, 57.259743], [32.9288855, 57.2599533], [32.9287482, 57.2602502], [32.928794, 57.2605717], [32.9285651, 57.2607944], [32.9282219, 57.2607944], [32.9278786, 57.2608562], [32.9272837, 57.2614499], [32.9277871, 57.2617097], [32.9278786, 57.2619447], [32.9275583, 57.2622168], [32.9269862, 57.2623652], [32.9266887, 57.262625], [32.926437, 57.2631691], [32.926048, 57.2635896], [32.9251098, 57.2642329], [32.9251098, 57.2649873], [32.9249267, 57.2651852], [32.9244462, 57.2653831], [32.9243775, 57.2656057], [32.9239084, 57.2653595], [32.922975, 57.2653885], [32.9227232, 57.2660122], [32.9237775, 57.266029], [32.9238741, 57.2661994], [32.9240114, 57.266422], [32.9244004, 57.2665705], [32.9248581, 57.2663479], [32.9253386, 57.2663602], [32.9254302, 57.2660757], [32.9255217, 57.2659768], [32.9258879, 57.265717], [32.9258879, 57.265445], [32.9259565, 57.2651605], [32.9262769, 57.2649502], [32.9271235, 57.2645173], [32.9276041, 57.2641339], [32.9278558, 57.2636392], [32.9279931, 57.2630578], [32.9282678, 57.2626865], [32.9284049, 57.2625012], [32.9288626, 57.261722], [32.9292745, 57.2617097], [32.9294575, 57.2616478], [32.9300067, 57.2612644], [32.9303729, 57.261116], [32.9306932, 57.2611036], [32.9310594, 57.2611407], [32.9313798, 57.261252], [32.9318145, 57.2612891], [32.932318, 57.2612767], [32.9336451, 57.261017], [32.9341028, 57.2608933], [32.9342859, 57.260683], [32.9343087, 57.2604851], [32.9344003, 57.2602131], [32.9346291, 57.2598915], [32.9352012, 57.2598791], [32.9354529, 57.2596812], [32.9354986, 57.2594215], [32.9353613, 57.2593349], [32.9356359, 57.2589886], [32.9355215, 57.2588031], [32.9354758, 57.258432], [32.9357732, 57.2583454], [32.935819, 57.2581846], [32.9356588, 57.2579991], [32.9353156, 57.2578754], [32.9349266, 57.2578383], [32.9339197, 57.2575044], [32.9331646, 57.2573065], [32.9325697, 57.2573188], [32.9324552, 57.2572446], [32.932501, 57.2571704], [32.9328443, 57.2571333], [32.9337367, 57.257158], [32.9346062, 57.2573312], [32.9353613, 57.2575167], [32.9360092, 57.2575804], [32.9368717, 57.2576651], [32.9374895, 57.2578383], [32.9388396, 57.2582836], [32.9391599, 57.2584691], [32.9391828, 57.2592854], [32.9393659, 57.2594586], [32.940899, 57.2597678], [32.9412423, 57.2600028], [32.9413338, 57.2602378], [32.9416084, 57.2603862], [32.9421576, 57.2604976], [32.942478, 57.2605346], [32.9426611, 57.2607325], [32.9426611, 57.2608686], [32.9431874, 57.261017], [32.9434619, 57.2609923], [32.9436908, 57.2610418], [32.9436679, 57.2608809], [32.9438738, 57.2608686], [32.9439425, 57.2614376], [32.9441484, 57.2615983], [32.9443544, 57.2617962], [32.9442399, 57.2618581], [32.9440111, 57.2618334], [32.9439882, 57.2619817], [32.943851, 57.2619817], [32.9435992, 57.2618581], [32.9435535, 57.2620065], [32.943645, 57.2626867], [32.9439341, 57.2630704], [32.9441484, 57.2633547], [32.9446747, 57.263602], [32.9452697, 57.2636762], [32.9456129, 57.2635526], [32.9456816, 57.26333], [32.9456129, 57.2631691], [32.9454298, 57.2631938], [32.9451324, 57.2630825], [32.9451324, 57.2629589], [32.9454298, 57.2628723], [32.9459562, 57.2628723], [32.9464825, 57.2629589], [32.9470088, 57.2631197], [32.9473521, 57.263367], [32.9474894, 57.2636515], [32.9475123, 57.2638865], [32.9473292, 57.263936], [32.9472148, 57.2638371], [32.9472605, 57.2636886], [32.9471004, 57.263602], [32.9468486, 57.263602], [32.946574, 57.2636886], [32.9464138, 57.2638371], [32.9463909, 57.2640597], [32.9465282, 57.2643318], [32.9468028, 57.2646287], [32.9470775, 57.264777], [32.9473978, 57.2647894], [32.9476038, 57.264641], [32.9479928, 57.2645421], [32.9484047, 57.2645421], [32.9491369, 57.2646534], [32.950281, 57.2647152], [32.9505099, 57.2648513], [32.9507158, 57.2650862], [32.9508073, 57.2654078], [32.9507616, 57.2656799], [32.9510819, 57.2657912], [32.9514709, 57.2661005], [32.9519286, 57.2665705], [32.9522032, 57.2668178], [32.9513794, 57.2668302], [32.9506243, 57.2667437], [32.9500522, 57.2665458], [32.9494344, 57.2665458], [32.9489767, 57.2665705], [32.9484962, 57.2666199], [32.9481072, 57.2665334], [32.9477411, 57.2663107], [32.946963, 57.2661005], [32.9465053, 57.2659026], [32.9463909, 57.2656552], [32.9463452, 57.2653089], [32.9461392, 57.2652347], [32.9456816, 57.2652471], [32.9454298, 57.265346], [32.9453612, 57.2654944], [32.9451781, 57.2656057], [32.9449036, 57.2657295], [32.9449036, 57.2658531], [32.945018, 57.2661005], [32.9448578, 57.2663355], [32.944629, 57.2665705], [32.9441255, 57.2667684], [32.9435077, 57.2668426], [32.9430043, 57.2669663], [32.9425238, 57.2672631], [32.9422034, 57.2674981], [32.9417915, 57.2676713], [32.9405329, 57.2677455], [32.9399837, 57.2678321], [32.9394574, 57.2680052], [32.9386794, 57.2685], [32.9383819, 57.2686484], [32.9380616, 57.2687102], [32.9352927, 57.2687968], [32.9349266, 57.2688587], [32.9344918, 57.2688587], [32.9342401, 57.268735], [32.9341257, 57.2685123], [32.9337596, 57.2684134], [32.9333934, 57.268265], [32.9330731, 57.2682278], [32.9329587, 57.2682774], [32.9326612, 57.2682526], [32.9323637, 57.2681908], [32.9321807, 57.2680299], [32.931723, 57.2678939], [32.9313798, 57.2677084], [32.9312882, 57.2673621], [32.9311052, 57.2670652], [32.9308764, 57.2668426], [32.9304644, 57.2666571], [32.9302813, 57.2665086], [32.9302584, 57.2662984], [32.9305101, 57.2661623], [32.9309679, 57.2661005], [32.9312425, 57.2659397], [32.9323866, 57.2659521], [32.9323866, 57.2657665], [32.9326383, 57.2654697], [32.933279, 57.2649626], [32.9330044, 57.2648636], [32.932501, 57.2647523], [32.9320891, 57.2646287], [32.9318145, 57.264641], [32.9313798, 57.2647276], [32.930945, 57.2647523], [32.9305559, 57.2647028], [32.9302127, 57.2645173], [32.9299838, 57.2642081], [32.929722, 57.2639888], [32.9295262, 57.2638247], [32.9292058, 57.2637258], [32.9288626, 57.2639731], [32.9287024, 57.2642205], [32.9289541, 57.264406], [32.9290457, 57.26474], [32.9289541, 57.265012], [32.9286338, 57.2652099], [32.9281761, 57.265346], [32.9278786, 57.2655191], [32.9277414, 57.265816], [32.9280617, 57.2659768], [32.9283592, 57.2662118], [32.9285194, 57.2667189], [32.928588, 57.2670529], [32.9284507, 57.2672508], [32.9281761, 57.2675228], [32.9281532, 57.2678073], [32.9280388, 57.2680424], [32.9279931, 57.2684381], [32.9284278, 57.268636], [32.9288626, 57.2688587], [32.9290914, 57.2690318], [32.9295033, 57.2690566], [32.9299381, 57.2690194], [32.9300983, 57.2689081], [32.9300983, 57.2687845], [32.9303729, 57.2686855], [32.9314713, 57.2686732], [32.9320205, 57.2686979], [32.9322722, 57.2688215], [32.9326841, 57.2691184], [32.933096, 57.2693286], [32.9339426, 57.2696627], [32.9345376, 57.2700955], [32.9350868, 57.2708376], [32.9353156, 57.2709242], [32.9357046, 57.2709365], [32.9358648, 57.2710355], [32.9357961, 57.271221], [32.9354071, 57.2713695], [32.9350181, 57.271555], [32.9345147, 57.2719137], [32.9342172, 57.27226], [32.9340342, 57.2728661], [32.9337824, 57.272965], [32.9335994, 57.2731877], [32.9336223, 57.2733608], [32.933874, 57.2735092], [32.934057, 57.27367], [32.9340799, 57.2738927], [32.9352012, 57.2747832], [32.9358419, 57.2749811], [32.9365284, 57.2750801], [32.9370547, 57.2750429], [32.9372149, 57.2748822], [32.937192, 57.2746348], [32.9372836, 57.2744864], [32.9376955, 57.2743998], [32.937787, 57.2742143], [32.9393659, 57.2732124], [32.9401439, 57.2729403], [32.9407617, 57.2728413], [32.9412423, 57.272829], [32.9416313, 57.2728413], [32.9419059, 57.27273], [32.9420661, 57.2724827], [32.9420661, 57.2723466], [32.9410592, 57.2720003], [32.9421348, 57.2721239], [32.9425466, 57.2721858], [32.9431416, 57.2725693], [32.9444459, 57.2729403], [32.9450408, 57.2730887], [32.9457731, 57.2731505], [32.9468486, 57.2731382], [32.9473063, 57.2730516], [32.9475809, 57.2729774], [32.9478784, 57.2730764], [32.947947, 57.2732866], [32.9480843, 57.2735216], [32.9479928, 57.2738308], [32.9479928, 57.2755872], [32.9482445, 57.2758098], [32.9485191, 57.2759829], [32.948931, 57.2760201], [32.9492971, 57.2759829], [32.9496632, 57.2756366], [32.9502353, 57.2754017], [32.9515625, 57.2752532], [32.9519744, 57.2753027], [32.952638, 57.2755377], [32.9527982, 57.275649], [32.9526838, 57.2759954], [32.9522261, 57.2768117], [32.9520659, 57.2772445], [32.9519057, 57.2773558], [32.9514938, 57.2773435], [32.9508531, 57.2772692], [32.94932, 57.2773064], [32.9485648, 57.2773806], [32.9481301, 57.2775414], [32.9475809, 57.2778135], [32.946574, 57.2779372], [32.945796, 57.2778753], [32.9454527, 57.2777022], [32.9453383, 57.277529], [32.9451095, 57.2773558], [32.9446976, 57.277393], [32.9441942, 57.2775661], [32.9430501, 57.2781722], [32.9424322, 57.2785927], [32.942089, 57.278939], [32.941883, 57.2792235], [32.9418602, 57.2796193], [32.9419517, 57.2799903], [32.9428212, 57.2800151], [32.944423, 57.2803738], [32.9446747, 57.2805469], [32.9449722, 57.2805469], [32.9460248, 57.2808067], [32.9464138, 57.2810293], [32.9472148, 57.2813385], [32.9482674, 57.2817838], [32.9488623, 57.2819817], [32.9495946, 57.282328], [32.9507158, 57.2828969], [32.9509446, 57.2830454], [32.9508073, 57.2831691], [32.9504641, 57.2832185], [32.9498005, 57.2831444], [32.949114, 57.2829712], [32.9486106, 57.282699], [32.948153, 57.2824146], [32.9476495, 57.2822291], [32.9471232, 57.2822538], [32.9465969, 57.2822538], [32.9461621, 57.2821549], [32.9456816, 57.2821301], [32.9452697, 57.2822538], [32.9447205, 57.2822415], [32.9442628, 57.2821549], [32.9435077, 57.2821796], [32.9431645, 57.282427], [32.9428899, 57.282798], [32.9428212, 57.2830454], [32.9431187, 57.2828969], [32.9435764, 57.2829465], [32.9440111, 57.2832185], [32.9440111, 57.2835402], [32.9439654, 57.283837], [32.9433933, 57.2838494], [32.9426839, 57.2839111], [32.942089, 57.2840473], [32.9419746, 57.2842699], [32.9413754, 57.2843065], [32.9408128, 57.2843408], [32.9405558, 57.2843565], [32.9401668, 57.2845544], [32.9400981, 57.2848636], [32.9402125, 57.2851604], [32.9400524, 57.285383], [32.9396633, 57.2854325], [32.9392744, 57.2852841], [32.9391828, 57.2849378], [32.9387938, 57.2848759], [32.938565, 57.2847027], [32.9384048, 57.2843812], [32.937398, 57.283837], [32.9363683, 57.2835525], [32.9359563, 57.2832927], [32.9357046, 57.2829712], [32.9355215, 57.2831814], [32.9354529, 57.2835153], [32.9352469, 57.283837], [32.9348122, 57.2840473], [32.934263, 57.2841462], [32.9336909, 57.2841214], [32.9330731, 57.2838988], [32.9326383, 57.2837628], [32.9321578, 57.2837998], [32.9318145, 57.2839235], [32.9314255, 57.2840967], [32.9307847, 57.2841214], [32.9295491, 57.2840225], [32.9284736, 57.2840967], [32.9277414, 57.2842452], [32.9270091, 57.2843317], [32.9265515, 57.2842699], [32.9259336, 57.2842822], [32.9256362, 57.2844307], [32.9244233, 57.2844801], [32.9238741, 57.2844554], [32.9234622, 57.2843317], [32.9229588, 57.2843317], [32.9222494, 57.2846285], [32.9208078, 57.2847523], [32.9204417, 57.2848141], [32.9198238, 57.2850615], [32.9197552, 57.2852222], [32.9195263, 57.2852594], [32.9190687, 57.2851109], [32.9184966, 57.2850491], [32.9179246, 57.2850491], [32.9174898, 57.2852099], [32.9169406, 57.2851851], [32.9161855, 57.2850491], [32.9152702, 57.2851109], [32.9148354, 57.2851851], [32.9145378, 57.2856675], [32.9142604, 57.2857175], [32.9139887, 57.2857665], [32.9135081, 57.2857417], [32.9130505, 57.2856428], [32.9125928, 57.2856304], [32.912364, 57.2858036], [32.9123869, 57.285952], [32.9125699, 57.286088], [32.9125242, 57.2861746], [32.9120665, 57.2862736], [32.9115173, 57.2862736], [32.9111283, 57.2862117], [32.9102359, 57.2857293], [32.9096867, 57.2855933], [32.9088629, 57.2855686], [32.9083366, 57.2857417], [32.9081535, 57.285952], [32.9079476, 57.2860757], [32.907673, 57.2860633], [32.9072153, 57.2859644], [32.9069636, 57.2859767], [32.9067806, 57.2860757], [32.906689, 57.2863107], [32.9067119, 57.2865086], [32.9069636, 57.2867436], [32.9071238, 57.2870157], [32.9071924, 57.2872631], [32.9075128, 57.287461], [32.908062, 57.2879186], [32.9080849, 57.2881412], [32.9079018, 57.2883639], [32.9074899, 57.2884504], [32.9062771, 57.2884257], [32.9053161, 57.2883391], [32.9041429, 57.2880049], [32.9031595, 57.2877613], [32.9025755, 57.2878609], [32.9019915, 57.2881267], [32.9012845, 57.2881267], [32.9001472, 57.2878609], [32.8978112, 57.2870636], [32.8959032, 57.2867495], [32.8948143, 57.2863882], [32.8939382, 57.2856682], [32.8936615, 57.285203], [32.8927087, 57.2846548], [32.8916943, 57.284389], [32.8914791, 57.2842727], [32.8916943, 57.2842063], [32.892555, 57.2843059], [32.8942148, 57.2841897], [32.8951062, 57.2840567], [32.8957517, 57.2837412], [32.8964894, 57.2833258], [32.8969505, 57.2829604], [32.8971657, 57.2824288], [32.897596, 57.2823955], [32.8978419, 57.2821796], [32.8979034, 57.2819304], [32.8986718, 57.2815816], [32.8991944, 57.2813822], [32.9000858, 57.2806845], [32.9005469, 57.2807011], [32.9009772, 57.2805849], [32.9020837, 57.2800366], [32.903098, 57.2794054], [32.9031595, 57.2791894], [32.9031167, 57.2789829], [32.9027932, 57.278908], [32.9022386, 57.278908], [32.9012448, 57.2791828], [32.8999043, 57.2796574], [32.899419, 57.2801446], [32.8987026, 57.2803694], [32.8978475, 57.2804193], [32.8970385, 57.2805692], [32.8966688, 57.2809065], [32.8964839, 57.281431], [32.8963683, 57.2822928], [32.8961372, 57.2825052], [32.8957212, 57.2826176], [32.8953514, 57.2826301], [32.8953746, 57.2824178], [32.8956519, 57.282168], [32.8957212, 57.2819931], [32.895675, 57.2817184], [32.8953514, 57.2813936], [32.8949817, 57.2812312], [32.8936874, 57.2812812], [32.8921852, 57.2811687], [32.8917461, 57.2812562], [32.891723, 57.2816434], [32.8915612, 57.2819307], [32.8902901, 57.2826426], [32.8891576, 57.2836293], [32.8883949, 57.2844787], [32.888603, 57.284716], [32.8881407, 57.2850033], [32.8877247, 57.2857527], [32.8874243, 57.2859026], [32.887378, 57.286065], [32.8876785, 57.2862023], [32.8879158, 57.286662], [32.8874977, 57.2879675], [32.8868242, 57.2884696], [32.8866151, 57.2887959], [32.8866848, 57.2894613], [32.8867777, 57.2899885], [32.8871493, 57.2905157], [32.8875442, 57.2907542], [32.8875906, 57.2908923], [32.8873584, 57.2911434], [32.8871725, 57.2915702], [32.8871493, 57.2919594], [32.8869867, 57.2919594], [32.886801, 57.291746], [32.8853376, 57.2913316], [32.8823645, 57.2911936], [32.8813193, 57.2910304], [32.879136, 57.2911057], [32.8773242, 57.2916706], [32.8766971, 57.291997], [32.8761861, 57.2919718], [32.8756286, 57.2917208], [32.8752803, 57.2912814], [32.8752803, 57.2902647], [32.8755125, 57.2897625], [32.8758145, 57.2889843], [32.8757216, 57.2875532], [32.8737705, 57.284892], [32.8719588, 57.2837999], [32.8702168, 57.2829589], [32.8700077, 57.2826701], [32.8695664, 57.2823437], [32.8681728, 57.2819797], [32.8668255, 57.2817537], [32.8660359, 57.2817412], [32.8650835, 57.2819797], [32.8640847, 57.2816031], [32.8629002, 57.2814399], [32.861855, 57.2813144], [32.8605318, 57.281403], [32.859091, 57.281704], [32.8573964, 57.282282], [32.8559553, 57.2827329], [32.8556533, 57.282758], [32.8550726, 57.2823939], [32.8540042, 57.2820675], [32.8531913, 57.281465], [32.8528893, 57.2812767], [32.8523318, 57.2812642], [32.851937, 57.2809378], [32.8520995, 57.2807746], [32.8538416, 57.2802223], [32.8558159, 57.2796825], [32.856234, 57.2796448], [32.8567683, 57.2794691], [32.8580922, 57.2793687], [32.8583709, 57.2793938], [32.8588587, 57.2791804], [32.8588587, 57.2784021], [32.8582788, 57.2777286], [32.8567407, 57.2777942], [32.8554051, 57.2779473], [32.8547475, 57.2781636], [32.8541504, 57.2782536], [32.8552352, 57.2777117], [32.856025, 57.2774355], [32.8572328, 57.2773602], [32.8580922, 57.277197], [32.8585799, 57.2769334], [32.8588122, 57.2766823], [32.8588122, 57.2761803], [32.8592768, 57.2760673], [32.8596949, 57.2758162], [32.8597645, 57.2753015], [32.8597878, 57.2748119], [32.8621337, 57.2721256], [32.8628305, 57.2717867], [32.8634112, 57.2708829], [32.8646887, 57.2697657], [32.8652229, 57.2694267], [32.8660127, 57.2693011], [32.8665004, 57.2693389], [32.8668953, 57.2692887], [32.8671275, 57.269138], [32.8670114, 57.2686987], [32.8673366, 57.268435], [32.8686141, 57.268435], [32.8685444, 57.2686987], [32.8686605, 57.269138], [32.8683586, 57.269138], [32.8682889, 57.2694141], [32.8680566, 57.2694895], [32.8678475, 57.2693765], [32.8674992, 57.2693765], [32.8667327, 57.2696151], [32.8666165, 57.2697155], [32.8668488, 57.2699791], [32.8671043, 57.2700543], [32.8678475, 57.2701548], [32.8682656, 57.2703054], [32.8685908, 57.2705314], [32.8688695, 57.2705439], [32.8697057, 57.2703807], [32.8697987, 57.2702427], [32.8695896, 57.2696401], [32.8697522, 57.2695523], [32.8709832, 57.269728], [32.8724465, 57.2694141], [32.8729344, 57.2691255], [32.8734685, 57.2691003], [32.8737937, 57.2689873], [32.8739796, 57.2686484], [32.874537, 57.2684099], [32.8751873, 57.2683848], [32.8753499, 57.2686861], [32.8757216, 57.2687489], [32.8763719, 57.2685731], [32.8777423, 57.2684099], [32.8781139, 57.2686107], [32.8787643, 57.2689121], [32.8798793, 57.2688995], [32.8804599, 57.2688241], [32.8810638, 57.2688995], [32.8820394, 57.2687237], [32.8822484, 57.2685229], [32.8823645, 57.2685229], [32.8825968, 57.2686359], [32.8828523, 57.2686987], [32.8830614, 57.2689246], [32.8840136, 57.2692133], [32.8848498, 57.2693137], [32.8853841, 57.2695146], [32.8856396, 57.2698159], [32.8855931, 57.2701673], [32.8854073, 57.2704059], [32.8855467, 57.2705314], [32.886917, 57.2704937], [32.8872423, 57.2703807], [32.8886126, 57.270318], [32.8888914, 57.2704184], [32.8888217, 57.2705941], [32.8891469, 57.2708578], [32.8897276, 57.2708954], [32.8900527, 57.2709958], [32.890494, 57.2712218], [32.8904476, 57.2713724], [32.8911211, 57.2716486], [32.8924219, 57.2718746], [32.8930258, 57.2722512], [32.8931419, 57.272565], [32.8936761, 57.2728788], [32.8942568, 57.2730546], [32.8949304, 57.2730671], [32.895395, 57.2729164], [32.8955111, 57.272791], [32.8958827, 57.2727784], [32.8962544, 57.272678], [32.896626, 57.272452], [32.8969048, 57.2719875], [32.8965795, 57.2713473], [32.896626, 57.2710712], [32.897137, 57.2706443], [32.8970208, 57.2699665], [32.8972763, 57.2697907], [32.8977874, 57.2698912], [32.8979732, 57.2703807], [32.8982519, 57.2705314], [32.8986932, 57.2705565], [32.8995062, 57.270318], [32.9002495, 57.2703682], [32.9006676, 57.2706193], [32.9009462, 57.2708452], [32.9013876, 57.2709833], [32.9035709, 57.2708452], [32.9039658, 57.2707322], [32.9041748, 57.2705314], [32.9041051, 57.2701673], [32.9036638, 57.2700543], [32.9035942, 57.2696151], [32.9033386, 57.2693639], [32.9028509, 57.2693639], [32.9025257, 57.2692761], [32.9024792, 57.2686861], [32.9023631, 57.2682467], [32.9020611, 57.2681212], [32.9013411, 57.2681338], [32.9005978, 57.2684099], [32.9000869, 57.2684727], [32.8994133, 57.2683974], [32.8990184, 57.2681338], [32.8985771, 57.2680835], [32.8977923, 57.2680616], [32.8973417, 57.2677715], [32.8970896, 57.2678557], [32.897486, 57.2681944], [32.8950698, 57.268548], [32.8946749, 57.2688241], [32.8941872, 57.2688241], [32.8935842, 57.2685836], [32.8933704, 57.2683268], [32.8934416, 57.2680957], [32.893798, 57.2680571], [32.8943206, 57.2681727], [32.8946294, 57.2681855], [32.894772, 57.2679673], [32.8945344, 57.2677362], [32.8942018, 57.2674665], [32.8941543, 57.2672354], [32.8933228, 57.2669915], [32.8916599, 57.2669401], [32.891256, 57.2672226], [32.8910185, 57.2672098], [32.8889755, 57.2665036], [32.8886429, 57.2662469], [32.8883815, 57.2658103], [32.8884766, 57.2656691], [32.8887616, 57.2656177], [32.888239, 57.2652968], [32.88736, 57.265117], [32.8864098, 57.2651042], [32.8860297, 57.2652968], [32.8853645, 57.265194], [32.8840579, 57.2652968], [32.8835827, 57.2654252], [32.8833689, 57.2656177], [32.8831789, 57.2655921], [32.8832026, 57.2653738], [32.8830126, 57.2653353], [32.8828463, 57.2655022], [32.8825612, 57.2654765], [32.8824186, 57.2650143], [32.882086, 57.2649373], [32.8819436, 57.2648217], [32.8816822, 57.2649758], [32.8811358, 57.2649629], [32.8812784, 57.264642], [32.881017, 57.2645906], [32.8807558, 57.2650271], [32.8801856, 57.2652069], [32.8797817, 57.2652968], [32.8794017, 57.2651427], [32.8788077, 57.2651684], [32.8784276, 57.2654508], [32.8780475, 57.2655663], [32.8775249, 57.2654637], [32.8769309, 57.2654637], [32.8765034, 57.2659387], [32.8762658, 57.2660158], [32.875957, 57.2659644], [32.8754105, 57.2661313], [32.875173, 57.2663495], [32.8745078, 57.266478], [32.8744128, 57.2666706], [32.8736763, 57.2669273], [32.8736051, 57.2674794], [32.87332, 57.2675307], [32.8727499, 57.2674665], [32.8721084, 57.2673638], [32.8700891, 57.2674794], [32.8698516, 57.2676206], [32.8697803, 57.267903], [32.8695665, 57.2680315], [32.8693764, 57.2682883], [32.8690201, 57.2683396], [32.8679273, 57.2682754], [32.8674046, 57.2680957], [32.8674284, 57.2676848], [32.8675472, 57.2672996], [32.8673809, 57.2670557], [32.8662644, 57.2660286], [32.8653378, 57.2655792], [32.8646964, 57.265438], [32.8639125, 57.2653995], [32.8632236, 57.2655535], [32.8628435, 57.2657333], [32.8625821, 57.265759], [32.8625346, 57.2656563], [32.8627247, 57.2654123], [32.8628672, 57.264796], [32.8628672, 57.2644237], [32.8629622, 57.2642183], [32.8632948, 57.2641156], [32.8636274, 57.2642055], [32.8636511, 57.2644365], [32.8634848, 57.2646934], [32.8635562, 57.2649116], [32.8640075, 57.2650528], [32.8652666, 57.2651427], [32.865813, 57.2650271], [32.8665257, 57.2647447], [32.8679511, 57.2638716], [32.8686162, 57.2636277], [32.8694477, 57.2634736], [32.8698991, 57.2635507], [32.8703267, 57.2637946], [32.8699466, 57.2638074], [32.869614, 57.2637689], [32.8692576, 57.263846], [32.8692576, 57.2641541], [32.8694715, 57.2644494], [32.8701366, 57.2649116], [32.8704212, 57.26501], [32.8707306, 57.265117], [32.8712769, 57.2651427], [32.8716808, 57.2649116], [32.8722035, 57.2643081], [32.8722094, 57.2641399], [32.872251, 57.2629472], [32.8719184, 57.2626648], [32.8701366, 57.2623695], [32.8698279, 57.2622026], [32.8696377, 57.2616505], [32.8689726, 57.2613937], [32.8673097, 57.2612011], [32.866692, 57.2610085], [32.8655992, 57.2604051], [32.8651003, 57.2599301], [32.8640313, 57.2598145], [32.8632473, 57.2596605], [32.8618694, 57.2594165], [32.8606816, 57.259378], [32.8598264, 57.2591469], [32.8597076, 57.2589928], [32.8599452, 57.2588388], [32.8607767, 57.2589286], [32.8611092, 57.2590955], [32.8615368, 57.2591212], [32.8618694, 57.2590313], [32.8620832, 57.258736], [32.8621307, 57.2583509], [32.861822, 57.2578887], [32.861228, 57.2573623], [32.8603253, 57.2570798], [32.8603253, 57.2567974], [32.8598264, 57.2565021], [32.8587574, 57.2562966], [32.8583772, 57.2561426], [32.857617, 57.2552567], [32.8577359, 57.2551411], [32.8578308, 57.2547945], [32.8574508, 57.2542296], [32.8575458, 57.2539214], [32.8571182, 57.2536004], [32.856453, 57.2532409], [32.8557403, 57.252997], [32.8546713, 57.2530098], [32.8541487, 57.2531126], [32.8540536, 57.2533179], [32.854315, 57.2535234], [32.8540773, 57.2537802], [32.8535784, 57.2540241], [32.8529846, 57.2540755], [32.8524619, 57.254268], [32.8518574, 57.2547367], [32.8513691, 57.2551154], [32.8513453, 57.2553851], [32.8519631, 57.2556547], [32.8519156, 57.2559243], [32.8508702, 57.2569129], [32.8503952, 57.2572339], [32.850015, 57.2573366], [32.8494449, 57.2573623], [32.8488971, 57.257191], [32.8480624, 57.2570619], [32.8472871, 57.2570721], [32.8465703, 57.2572211], [32.8460002, 57.2578501], [32.8460477, 57.258261], [32.8462377, 57.2584022], [32.8468792, 57.2585691], [32.8471405, 57.258736], [32.8473068, 57.2592881], [32.8474493, 57.2594422], [32.8476632, 57.2594936], [32.848067, 57.2594036], [32.8483521, 57.2593908], [32.8487084, 57.2594807], [32.8487322, 57.2597375], [32.8485659, 57.2599429], [32.8477581, 57.2600842], [32.8481383, 57.2602125], [32.8488034, 57.2604051], [32.8493499, 57.2608031], [32.8493974, 57.2610471], [32.8498963, 57.2612782], [32.8513216, 57.2613295], [32.8524144, 57.2614322], [32.854695, 57.2613808], [32.8549563, 57.2614964], [32.8553127, 57.261689], [32.8560017, 57.2619073], [32.856548, 57.2621256], [32.8568331, 57.262408], [32.8570469, 57.2626904], [32.8575458, 57.2627932], [32.8588999, 57.2628445], [32.8581634, 57.2629857], [32.8574745, 57.2631527], [32.8569756, 57.2633196], [32.8568806, 57.2636149], [32.8569044, 57.263923], [32.8574033, 57.2640386], [32.8573082, 57.2642183], [32.856453, 57.2645136], [32.8559303, 57.2647832], [32.8538635, 57.2651684], [32.851773, 57.2656305], [32.84973, 57.2662853], [32.8493023, 57.2666448], [32.8492311, 57.2669787], [32.8495637, 57.267274], [32.8503238, 57.2674023], [32.850894, 57.2675307], [32.8510841, 57.267672], [32.850989, 57.2678132], [32.8504426, 57.2680186], [32.8489222, 57.2683524], [32.8486371, 57.2684552], [32.8484471, 57.2683011], [32.8483521, 57.2679801], [32.8483045, 57.267428], [32.8480433, 57.2669787], [32.8473543, 57.2663881], [32.8469505, 57.2658488], [32.8465228, 57.2653353], [32.846214, 57.2650528], [32.8454538, 57.2649373], [32.844456, 57.2649629], [32.8425556, 57.2657076], [32.8420092, 57.2659644], [32.8412964, 57.265913], [32.8402037, 57.2656563], [32.8396309, 57.2657912], [32.8392772, 57.2658745], [32.8385407, 57.2667347], [32.836759, 57.2674794], [32.8340982, 57.2680828], [32.8307563, 57.2682803], [32.8281814, 57.2685391], [32.8270036, 57.2683675], [32.825723, 57.2685146], [32.8245482, 57.2691484], [32.8237589, 57.2690817], [32.8230371, 57.2686303], [32.8221488, 57.2688018], [32.8205334, 57.2691998], [32.8199395, 57.2695079], [32.8196069, 57.2699316], [32.8174926, 57.2706249], [32.81716, 57.2706378], [32.817255, 57.2702783], [32.8136203, 57.2701627], [32.8132402, 57.2702783], [32.8132639, 57.2705993], [32.8130502, 57.2707148], [32.8114109, 57.2706763], [32.8103182, 57.2708689], [32.8097005, 57.2712797], [32.809463, 57.2717162], [32.8095817, 57.2720115], [32.8101519, 57.2721656], [32.8108408, 57.2721785], [32.8112684, 57.2720373], [32.8118861, 57.2719859], [32.812385, 57.2717548], [32.8126938, 57.271498], [32.8135253, 57.2714851], [32.8141905, 57.2713567], [32.8155446, 57.2713311], [32.8159247, 57.2714467], [32.8171837, 57.2714338], [32.8176826, 57.2715109], [32.8183241, 57.271652], [32.8189893, 57.2716649], [32.8194406, 57.2715109], [32.819987, 57.2714338], [32.8204384, 57.2713311], [32.8206997, 57.2711256], [32.8206997, 57.2709202], [32.8205809, 57.270779], [32.8207472, 57.2707405], [32.8211035, 57.2708561], [32.8219113, 57.2709459], [32.8224339, 57.271177], [32.823004, 57.2712027], [32.8232178, 57.2712797], [32.8232891, 57.2714467], [32.8236692, 57.2716264], [32.8249996, 57.271742], [32.8258786, 57.2715622], [32.8264249, 57.2713567], [32.8264963, 57.2711385], [32.827494, 57.2711385], [32.8283492, 57.2711128], [32.8291094, 57.2707919], [32.8294895, 57.2710358], [32.8299647, 57.2711898], [32.8304873, 57.2712412], [32.8304873, 57.2714081], [32.830321, 57.2715237], [32.8298696, 57.2716778], [32.8291807, 57.2720244], [32.8288243, 57.272294], [32.8287768, 57.2725508], [32.8278266, 57.273167], [32.8271139, 57.2732056], [32.82652, 57.2731157], [32.8258073, 57.2729488], [32.8245957, 57.2730386], [32.8232178, 57.2732698], [32.8229328, 57.2735009], [32.8225051, 57.2735265], [32.8216024, 57.2739374], [32.8198682, 57.2738732], [32.8189179, 57.2740529], [32.818419, 57.274605], [32.8176826, 57.2749774], [32.8171125, 57.2751956], [32.8167086, 57.2757605], [32.8165661, 57.2760815], [32.8161385, 57.2762484], [32.8160672, 57.2767106], [32.8159009, 57.2770059], [32.8156158, 57.2771471], [32.8151169, 57.27716], [32.8143805, 57.2772371], [32.8139054, 57.2771857], [32.8127176, 57.2767877], [32.8121236, 57.2767748], [32.811791, 57.277083], [32.8113634, 57.2772241], [32.8109596, 57.27716], [32.8107457, 57.2768904], [32.8102944, 57.2768133], [32.8097718, 57.2768647], [32.8095579, 57.2772627], [32.8091778, 57.2775194], [32.8063509, 57.2781229], [32.805662, 57.278033], [32.8043791, 57.2782256], [32.8031438, 57.2782256], [32.8028824, 57.2786108], [32.8019085, 57.2786493], [32.8010294, 57.2790216], [32.8003405, 57.2790088], [32.7999366, 57.2791243], [32.7993903, 57.2791501], [32.7976111, 57.2795381], [32.7972366, 57.2791366], [32.7978148, 57.2788239], [32.797754, 57.2783305], [32.7983321, 57.2781001], [32.7984843, 57.2777711], [32.7982409, 57.2774585], [32.7969627, 57.2770473], [32.7956541, 57.2771131], [32.7945586, 57.2774256], [32.792824, 57.2775244], [32.7916068, 57.2773269], [32.7906634, 57.2768334], [32.7900852, 57.2760438], [32.7901156, 57.2753529], [32.7904199, 57.2749416], [32.7901765, 57.2745139], [32.7895374, 57.2742013], [32.7897504, 57.273461], [32.7892939, 57.2726713], [32.7891722, 57.2717008], [32.7887158, 57.2711415], [32.7888679, 57.270138], [32.7887158, 57.2691838], [32.7885635, 57.2685751], [32.7883201, 57.2681145], [32.7874985, 57.2673578], [32.7874985, 57.2668807], [32.7875897, 57.2666997], [32.7873767, 57.2664365], [32.786829, 57.2664365], [32.7864334, 57.2666669], [32.7860377, 57.267621], [32.7857335, 57.26795], [32.7850335, 57.2681639], [32.7833902, 57.2681474], [32.7820816, 57.2676374], [32.7804384, 57.2675388], [32.7795558, 57.2676868], [32.7779734, 57.2677197], [32.777243, 57.2676046], [32.7758736, 57.2673578], [32.7746564, 57.2669301], [32.7742912, 57.2665846], [32.7737434, 57.2664201], [32.770822, 57.2662885], [32.7684179, 57.2664694], [32.7671093, 57.2663378], [32.7663789, 57.2660252], [32.7660442, 57.2655975], [32.7662572, 57.2642486], [32.7662268, 57.2638045], [32.7658616, 57.2635412], [32.7659834, 57.2633109], [32.7662268, 57.2633438], [32.7665615, 57.2632944], [32.7667745, 57.2630477], [32.7668658, 57.2626693], [32.7665615, 57.2626035], [32.7661659, 57.2623897], [32.7657399, 57.2620278], [32.765253, 57.2615671], [32.7651617, 57.2613862], [32.7653442, 57.2611887], [32.765679, 57.2610243], [32.7662572, 57.2609749], [32.7666528, 57.2609255], [32.766805, 57.2607611], [32.7667137, 57.2601524], [32.7661355, 57.2599056], [32.7653442, 57.2597247], [32.7640966, 57.2597247], [32.7627576, 57.2596589], [32.7620576, 57.2594615], [32.7614794, 57.2592476], [32.760536, 57.2592969], [32.7599274, 57.2595273], [32.759684, 57.259955], [32.7599883, 57.2604814], [32.76011, 57.2608762], [32.7608708, 57.2611559], [32.76081, 57.2613697], [32.7606883, 57.2616165], [32.7603839, 57.2616494], [32.7599579, 57.2618962], [32.7588015, 57.2637222], [32.758558, 57.2639031], [32.7584059, 57.2641335], [32.7586493, 57.2642979], [32.7595014, 57.2645118], [32.7598057, 57.2644296], [32.7599883, 57.2645776], [32.759897, 57.2650711], [32.7595622, 57.2653837], [32.7585276, 57.2657292], [32.7575842, 57.266091], [32.7571886, 57.2664201], [32.7572799, 57.266782], [32.7570364, 57.2671275], [32.7565495, 57.2673414], [32.7559409, 57.2673414], [32.7551192, 57.2678678], [32.7549975, 57.2683941], [32.7554236, 57.2686574], [32.7560322, 57.2689864], [32.7559494, 57.2693372], [32.7553327, 57.2693594], [32.7545928, 57.2696038], [32.7540583, 57.2707592], [32.753894, 57.2716479], [32.7535651, 57.2719368], [32.7528251, 57.2721812], [32.7520441, 57.2721367], [32.750893, 57.2722478], [32.7493231, 57.2721048], [32.7479287, 57.271728], [32.7476499, 57.2712004], [32.7472548, 57.2708864], [32.7464879, 57.2708236], [32.7448844, 57.2710497], [32.7445125, 57.2708111], [32.7436062, 57.2706352], [32.7425372, 57.2705599], [32.7419561, 57.2700449], [32.7411428, 57.269756], [32.7399808, 57.2697308], [32.7380287, 57.2698564], [32.7374245, 57.2693289], [32.7359371, 57.268324], [32.7349146, 57.2669173], [32.7344962, 57.2660128], [32.7337991, 57.2652089], [32.7325674, 57.2649954], [32.7316843, 57.2641539], [32.7304759, 57.2637896], [32.728361, 57.2637771], [32.7276871, 57.2638776], [32.7274083, 57.2633374], [32.727199, 57.2624205], [32.7265949, 57.2619306], [32.7258977, 57.2617673], [32.7250378, 57.2617925], [32.7242012, 57.2615413], [32.7239687, 57.2612146], [32.7228068, 57.2608881], [32.7224349, 57.2607625], [32.7222955, 57.2604987], [32.7221561, 57.2598455], [32.7212265, 57.2595943], [32.7195765, 57.2590291], [32.7186005, 57.2588909], [32.7177638, 57.2585266], [32.7165786, 57.2578987], [32.7162068, 57.2577604], [32.7153236, 57.2574841], [32.7158117, 57.2573837], [32.7166251, 57.2573334], [32.7178103, 57.2571701], [32.7183448, 57.2569691], [32.7191582, 57.256542], [32.7194371, 57.2539169], [32.7186934, 57.2538415], [32.7186934, 57.2531884], [32.7186469, 57.2528994], [32.7188096, 57.2527111], [32.7205293, 57.2521584], [32.7208547, 57.2519825], [32.7209941, 57.2516434], [32.7209709, 57.2512164], [32.7212033, 57.2509776], [32.7222258, 57.2503999], [32.7233646, 57.2494453], [32.7238293, 57.2490056], [32.7241314, 57.2486665], [32.7242012, 57.2483148], [32.7235505, 57.2479757], [32.723411, 57.2475863], [32.7234575, 57.247423], [32.7231089, 57.2473727], [32.7231554, 57.2472346], [32.7235273, 57.2472346], [32.7235969, 57.247109], [32.7234575, 57.2470336], [32.7232483, 57.2470462], [32.7234575, 57.2467447], [32.7234807, 57.2465186], [32.7231787, 57.2463176], [32.7231787, 57.2461167], [32.7233413, 57.2459911], [32.7237364, 57.2459031], [32.7241314, 57.2458906], [32.7245266, 57.245765], [32.7250611, 57.2457399], [32.7258977, 57.2453254], [32.7262231, 57.2451872], [32.7267575, 57.2451746], [32.7270131, 57.2451495], [32.7271758, 57.2449234], [32.7270131, 57.244622], [32.7265484, 57.2444336], [32.7258047, 57.2441698], [32.7249913, 57.2440693], [32.724573, 57.2431524], [32.7240153, 57.2430267], [32.7233878, 57.2431147], [32.7227371, 57.2432905], [32.7220864, 57.2436799], [32.7215751, 57.2440316], [32.7209476, 57.2442703], [32.7197713, 57.2441745], [32.7189258, 57.2441949], [32.717973, 57.2443958], [32.7171364, 57.2446973], [32.7164624, 57.2452249], [32.7158815, 57.2456017], [32.7157652, 57.2463679], [32.7156722, 57.2466568], [32.7153469, 57.2468955], [32.7152307, 57.2472597], [32.7150448, 57.247624], [32.7146962, 57.248051], [32.7142779, 57.2487168], [32.7140455, 57.2494704], [32.7141617, 57.2500859], [32.7146265, 57.2507014], [32.7146497, 57.2512666], [32.7144638, 57.251882], [32.7141152, 57.2525855], [32.7137666, 57.2527487], [32.7137202, 57.2528492], [32.7137898, 57.2530377], [32.7135342, 57.2533265], [32.7128603, 57.2535024], [32.7119307, 57.2536154], [32.7107454, 57.2537159], [32.7098856, 57.2539169], [32.7094906, 57.2540425], [32.7092116, 57.2542686], [32.7091652, 57.2545198], [32.7093511, 57.2546705], [32.7095138, 57.2549343], [32.7094906, 57.2552357], [32.7087236, 57.2562281], [32.7085145, 57.2566174], [32.7084448, 57.2568435], [32.7080962, 57.2568058], [32.70798, 57.2572706], [32.7082589, 57.2575846], [32.7087702, 57.2578107], [32.7093279, 57.2581247], [32.7099786, 57.2584011], [32.7093046, 57.2583885], [32.709049, 57.2584011], [32.709049, 57.2586648], [32.7092116, 57.2589914], [32.709537, 57.2592426], [32.710792, 57.2594688], [32.7106061, 57.2597702], [32.710304, 57.259946], [32.7100948, 57.260147], [32.7101413, 57.2603982], [32.7100715, 57.2606117], [32.7096532, 57.2606369], [32.7095602, 57.2605615], [32.7097695, 57.2604736], [32.7098624, 57.2603103], [32.7097462, 57.2601093], [32.7091652, 57.2600465], [32.7088398, 57.2599334], [32.7078405, 57.2598832], [32.7071898, 57.2601219], [32.7065856, 57.2601721], [32.7054004, 57.2602098], [32.7052145, 57.2599962], [32.7050054, 57.2598832], [32.7046102, 57.259833], [32.7040061, 57.259833], [32.7038434, 57.2599334], [32.7038898, 57.2601721], [32.703518, 57.2601596], [32.7031694, 57.2602349], [32.7032391, 57.260461], [32.7028905, 57.2604359], [32.7020539, 57.2604359], [32.7016124, 57.2605615], [32.7011476, 57.2608755], [32.7010778, 57.2610765], [32.701194, 57.2611644], [32.7014032, 57.2611267], [32.7014729, 57.2613277], [32.7012405, 57.2615161], [32.7008454, 57.2615035], [32.7008454, 57.2616166], [32.7010081, 57.2617925], [32.7008222, 57.2620185], [32.7005201, 57.2620563], [32.7005433, 57.2623326], [32.7007758, 57.2626089], [32.70101, 57.2629378], [32.7011708, 57.2630988], [32.7013799, 57.2632244], [32.7020771, 57.2633751], [32.7027278, 57.2634756], [32.7028905, 57.2634881], [32.7029602, 57.2633751], [32.7027976, 57.2632621], [32.7027976, 57.263149], [32.7031229, 57.2629983], [32.7035645, 57.2629857], [32.7040061, 57.2632244], [32.7044243, 57.2635635], [32.7042849, 57.2637771], [32.7039131, 57.2639781], [32.704099, 57.2644679], [32.7045405, 57.2647568], [32.70468, 57.2652467], [32.7050518, 57.2654477], [32.7062835, 57.265636], [32.7064694, 57.2657491], [32.7064229, 57.2662264], [32.7069342, 57.2667665], [32.7070039, 57.2672187], [32.7071433, 57.2675955], [32.7077476, 57.2680351], [32.7080497, 57.2681733], [32.7080264, 57.2684371], [32.7083286, 57.2686632], [32.709537, 57.2690023], [32.7104201, 57.2692912], [32.7114194, 57.2695424], [32.7124419, 57.269756], [32.7131392, 57.2698187], [32.7133018, 57.2699067], [32.7138596, 57.2699444], [32.7146497, 57.2699444], [32.7148124, 57.2698062], [32.7153702, 57.2697685], [32.7162765, 57.2696429], [32.7167645, 57.2695424], [32.7170667, 57.2692912], [32.7172061, 57.2692912], [32.7173455, 57.2694294], [32.717299, 57.2698062], [32.7171364, 57.2701579], [32.7167181, 57.2706101], [32.7158117, 57.2710999], [32.7154166, 57.2717907], [32.7151843, 57.2718033], [32.7148589, 57.2720545], [32.7148356, 57.2724565], [32.7145336, 57.2727203], [32.7142314, 57.2730594], [32.7142082, 57.2737251], [32.7140455, 57.2739763], [32.7139061, 57.2742527], [32.7140223, 57.2746421], [32.7143941, 57.2751697], [32.7146032, 57.2753204], [32.7148589, 57.275358], [32.7149983, 57.275245], [32.7150448, 57.2751194], [32.7154166, 57.2751194], [32.7159511, 57.2752701], [32.71623, 57.2754333], [32.717299, 57.275559], [32.7169272, 57.2757474], [32.7167413, 57.2759358], [32.7170201, 57.2760488], [32.7178568, 57.2760614], [32.7192977, 57.2763503], [32.7201343, 57.2763755], [32.7202737, 57.2761996], [32.7201807, 57.2761368], [32.7206223, 57.2761745], [32.720599, 57.2763252], [32.7208082, 57.2764257], [32.721087, 57.2764131], [32.7210406, 57.2762247], [32.7212963, 57.2761745], [32.7215054, 57.2762875], [32.7213892, 57.2764131], [32.7214589, 57.2765638], [32.7220167, 57.2766895], [32.7228068, 57.2767146], [32.7230392, 57.2766267], [32.7232019, 57.2764508], [32.7232251, 57.2762121], [32.7234807, 57.276074], [32.724085, 57.2760991], [32.7242477, 57.2762875], [32.724178, 57.2764508], [32.7238526, 57.2764885], [32.7236667, 57.2764257], [32.7233878, 57.2765136], [32.7232483, 57.2767522], [32.7234343, 57.276991], [32.7238991, 57.2772296], [32.7247125, 57.2773301], [32.7254329, 57.2773301], [32.7256885, 57.2772044], [32.7263392, 57.2773175], [32.727199, 57.2775939], [32.7273617, 57.2777948], [32.7274547, 57.2781339], [32.7278962, 57.2784228], [32.7284773, 57.2785233], [32.729128, 57.2785233], [32.729616, 57.2783851], [32.7297322, 57.2781213], [32.7300807, 57.2781089], [32.7305456, 57.2779832], [32.7308245, 57.2778827], [32.7309859, 57.2779873], [32.7312326, 57.2780134], [32.7313698, 57.2782153], [32.7317101, 57.2781583], [32.7315055, 57.2777387], [32.7317101, 57.2774856], [32.7320794, 57.2777446], [32.7326604, 57.2776818], [32.7331483, 57.2776818], [32.7331019, 57.2778325], [32.7333808, 57.2779456], [32.7333932, 57.2781436], [32.7337579, 57.2783157], [32.7341187, 57.2783584], [32.734423, 57.2783398], [32.7349843, 57.2782847], [32.7351934, 57.2784103], [32.7353794, 57.2786489], [32.7351772, 57.2789426], [32.735669, 57.2792573], [32.7362552, 57.2795776], [32.7370991, 57.2798924], [32.7379125, 57.280219], [32.7384237, 57.2803069], [32.7386561, 57.2804442], [32.7384666, 57.2805747], [32.7386892, 57.2807101], [32.7389574, 57.2807768], [32.7393168, 57.2808145], [32.7396387, 57.2807913], [32.7392203, 57.2807391], [32.7391674, 57.2806712], [32.7393168, 57.2805651], [32.7399337, 57.2805912], [32.7401686, 57.2806431], [32.7407477, 57.280734], [32.7413287, 57.2807968], [32.7420491, 57.2811988], [32.7426301, 57.2811988], [32.7432576, 57.281249], [32.7431879, 57.2814248], [32.7430717, 57.281563], [32.7436526, 57.2817012], [32.7442337, 57.2817765], [32.7450935, 57.281651], [32.7460696, 57.281362], [32.7463484, 57.2811234], [32.747371, 57.2811234], [32.748928, 57.2809727], [32.7501365, 57.2805581], [32.7508569, 57.2803948], [32.7522977, 57.2802567], [32.7533203, 57.2801814], [32.7548541, 57.2801311], [32.7555794, 57.2799577], [32.7571004, 57.2792911], [32.7579226, 57.2793801], [32.7582842, 57.2796959], [32.7586189, 57.2801071], [32.7588015, 57.2804361], [32.7595014, 57.2807486], [32.7599579, 57.2808638], [32.7604143, 57.2809461], [32.7607795, 57.2811764], [32.7613273, 57.2812587], [32.7621794, 57.2812257], [32.7628184, 57.2809626], [32.7636705, 57.2805513], [32.7641879, 57.2801071], [32.7643704, 57.279811], [32.7643704, 57.2794984], [32.7648269, 57.2789884], [32.7656486, 57.2782317], [32.7675658, 57.2768827], [32.7679918, 57.2764057], [32.7686004, 57.2758957], [32.769483, 57.2758135], [32.7704872, 57.2756654], [32.7711262, 57.2757805], [32.7721609, 57.2758793], [32.773926, 57.2758464], [32.774352, 57.2759615], [32.7755388, 57.2761425], [32.7757215, 57.2763399], [32.7769387, 57.276488], [32.7780647, 57.2766525], [32.778582, 57.2768005], [32.7792515, 57.2769651], [32.7797688, 57.2769979], [32.7798905, 57.2770967], [32.7795254, 57.2772776], [32.7790689, 57.2775737], [32.7787646, 57.2775902], [32.7782473, 57.2777382], [32.7774864, 57.2782153], [32.77703, 57.2788898], [32.7769995, 57.279811], [32.7776691, 57.2802881], [32.7780343, 57.2807322], [32.7786125, 57.2819332], [32.7790081, 57.2822622], [32.7800123, 57.2828215], [32.7804688, 57.2831341], [32.781047, 57.2847791], [32.7814426, 57.285174], [32.7814426, 57.2855359], [32.7810618, 57.2857403], [32.7809941, 57.2859051], [32.7811568, 57.2864185], [32.7813818, 57.2868941], [32.7817568, 57.2869401], [32.781935, 57.2871855], [32.7823208, 57.2877429], [32.7819295, 57.2887273], [32.7816556, 57.2890399], [32.7818382, 57.2908824], [32.7817773, 57.2912607], [32.7811497, 57.291752], [32.78095, 57.2922444], [32.7804992, 57.2924616], [32.7800123, 57.2924616], [32.7795863, 57.2923136], [32.7790385, 57.2923629], [32.7786429, 57.2926426], [32.7780647, 57.2927413], [32.7775169, 57.2925603], [32.7770605, 57.292659], [32.7760257, 57.2927577], [32.7753563, 57.2930209], [32.7747781, 57.2930374], [32.7745198, 57.2932624], [32.7739368, 57.2931772], [32.7737893, 57.2933291], [32.7742607, 57.2934651], [32.774565, 57.2937942], [32.7753258, 57.2940244], [32.7758127, 57.2941231], [32.7758127, 57.2943041], [32.7753563, 57.2945015], [32.774991, 57.2948963], [32.7743824, 57.2948141], [32.7739564, 57.2950608], [32.7736564, 57.2952854], [32.7734235, 57.295543], [32.7727857, 57.2957351], [32.7724128, 57.295977], [32.7722232, 57.2964021], [32.7729435, 57.2964651], [32.7729572, 57.2966393], [32.772772, 57.2967764], [32.7727103, 57.2967764], [32.7718048, 57.2965059], [32.7716814, 57.2965874], [32.7720023, 57.2967462], [32.7713838, 57.2972131], [32.7716132, 57.2978246], [32.7719214, 57.2980918], [32.7716882, 57.298344], [32.7719283, 57.298596], [32.7716911, 57.2986903], [32.771674, 57.2996835], [32.7717958, 57.3000454], [32.7721001, 57.3003745], [32.7725565, 57.3006376], [32.7732565, 57.300687], [32.7742303, 57.3007199], [32.775265, 57.3009338], [32.7767976, 57.3005472], [32.7770909, 57.3005907], [32.7766587, 57.3012688], [32.7766039, 57.3012688], [32.7765181, 57.3014096], [32.7768508, 57.3015208], [32.7772074, 57.3010752], [32.7776427, 57.3016661], [32.7786733, 57.3029737], [32.7792819, 57.303862], [32.7793428, 57.3046023], [32.7791298, 57.30503], [32.778795, 57.3053754], [32.7782473, 57.3054248], [32.778156, 57.30554], [32.7784908, 57.3057045], [32.7788863, 57.3060171], [32.7787646, 57.3063296], [32.7786125, 57.3064612], [32.7792515, 57.3065928], [32.7798601, 57.3068724], [32.7795254, 57.3071357], [32.7790385, 57.3072508], [32.7794036, 57.3076457], [32.7796167, 57.3081392], [32.7794341, 57.3087643], [32.7796775, 57.3090769], [32.7798905, 57.3094717], [32.7797993, 57.3098336], [32.7798297, 57.3103601], [32.7800304, 57.3107931], [32.7801949, 57.3111003], [32.7806818, 57.311347], [32.7814426, 57.3114787], [32.782386, 57.3115938], [32.7843336, 57.3116267], [32.7850335, 57.3114458], [32.7853378, 57.3111332], [32.7854291, 57.3107384], [32.7853987, 57.3103436], [32.7851552, 57.3099652], [32.7847901, 57.3096362], [32.7850944, 57.3094388], [32.7854596, 57.3090605], [32.7856725, 57.308715], [32.7856117, 57.3084518], [32.7847597, 57.3080734], [32.7844249, 57.3076127], [32.7845162, 57.3072344], [32.7851353, 57.3068825], [32.785959, 57.3069361], [32.7864167, 57.3069031], [32.7867827, 57.3065897], [32.7873624, 57.3065073], [32.7873271, 57.3063175], [32.7870573, 57.3058146], [32.7873319, 57.3054683], [32.7879725, 57.3049406], [32.7882879, 57.3048354], [32.7884692, 57.3044497], [32.7889549, 57.3041827], [32.7901295, 57.3038084], [32.7905731, 57.3039858], [32.7896421, 57.3047296], [32.7898505, 57.305043], [32.7914809, 57.3045777], [32.7919386, 57.3045283], [32.7924877, 57.3044129], [32.7930674, 57.3044129], [32.793342, 57.3045612], [32.793708, 57.3044953], [32.7937385, 57.3040665], [32.7944671, 57.3037566], [32.7955996, 57.3032748], [32.7956809, 57.302945], [32.7954775, 57.3025492], [32.7970051, 57.3017649], [32.797446, 57.3010986], [32.7972825, 57.3008112], [32.7965874, 57.3004797], [32.7966837, 57.3001764], [32.7972984, 57.2999603], [32.7976673, 57.2997443], [32.7977903, 57.2992126], [32.7983128, 57.29898], [32.7993578, 57.2989135], [32.8003722, 57.2988969], [32.8012944, 57.2989302], [32.8018784, 57.29898], [32.8021857, 57.2989468], [32.8023394, 57.2987308], [32.8015028, 57.2985865], [32.8012631, 57.2985451], [32.8010792, 57.2984981], [32.8005566, 57.2983984], [32.7992656, 57.2982987], [32.7985895, 57.2983154], [32.7981591, 57.2981491], [32.7979747, 57.2979], [32.7976058, 57.2977171], [32.7969296, 57.2976507], [32.7962841, 57.2976839], [32.7960074, 57.2979], [32.7959767, 57.2982156], [32.7964071, 57.298415], [32.7965607, 57.2986144], [32.7963456, 57.2988138], [32.7957616, 57.2988969], [32.7955157, 57.2991628], [32.7951161, 57.3002429], [32.7949009, 57.3007247], [32.7940402, 57.3010903], [32.792657, 57.3016053], [32.7919193, 57.3016386], [32.7916427, 57.3015389], [32.7916734, 57.3013395], [32.7904439, 57.3013395], [32.7894603, 57.3015389], [32.7879849, 57.3016219], [32.786909, 57.3016219], [32.7863557, 57.301838], [32.7862943, 57.3023365], [32.7860484, 57.302619], [32.7859562, 57.3032338], [32.7853721, 57.3036325], [32.7847574, 57.3038486], [32.7844808, 57.3042972], [32.7844808, 57.3046129], [32.7840505, 57.3047459], [32.7836201, 57.3049619], [32.7833742, 57.3052277], [32.7829773, 57.3047544], [32.7831414, 57.3043695], [32.7829439, 57.3041311], [32.7829131, 57.30335], [32.7830669, 57.3032338], [32.7833434, 57.3033833], [32.7838967, 57.3033999], [32.78445, 57.3029845], [32.7844808, 57.3026688], [32.7840505, 57.3023199], [32.7840197, 57.3020706], [32.7843885, 57.3017716], [32.7860791, 57.3008078], [32.7864479, 57.3003924], [32.7862021, 57.2998606], [32.7861406, 57.2994286], [32.7866939, 57.2991462], [32.7884459, 57.2986144], [32.7905976, 57.2981824], [32.791489, 57.2979664], [32.7917042, 57.2975676], [32.7921652, 57.2973516], [32.7929029, 57.2973183], [32.7941325, 57.2973017], [32.7956693, 57.2970691], [32.7968374, 57.2967202], [32.7975443, 57.2962715], [32.7980362, 57.2957066], [32.7985895, 57.2951915], [32.7988968, 57.2947761], [32.7986817, 57.2942775], [32.7981898, 57.2936129], [32.797114, 57.2925993], [32.7967144, 57.2921673], [32.7966837, 57.291619], [32.7977903, 57.2907217], [32.7985279, 57.2904226], [32.7994194, 57.2902398], [32.8012329, 57.2894589], [32.8028005, 57.2891099], [32.8043374, 57.2884287], [32.8054863, 57.2878856], [32.80611, 57.2877476], [32.8063482, 57.2875789], [32.8066551, 57.2874801], [32.8068601, 57.2874882], [32.8076173, 57.2875959], [32.8078701, 57.2875125], [32.8084651, 57.2872099], [32.8087751, 57.2870869], [32.8095336, 57.2871675], [32.8098069, 57.287194], [32.8109153, 57.2872323], [32.8114071, 57.2874483], [32.8125137, 57.287631], [32.8138046, 57.2876477], [32.8147268, 57.2875314], [32.8154031, 57.2873652], [32.8158641, 57.287199], [32.8165403, 57.2871824], [32.8171858, 57.2872988], [32.8178928, 57.2875314], [32.8195526, 57.2877806], [32.8206592, 57.2880132], [32.8213969, 57.2881961], [32.8225956, 57.2884452], [32.8232719, 57.2884951], [32.8241018, 57.2884785], [32.8253621, 57.2882957], [32.8262534, 57.2879966], [32.8268067, 57.2877806], [32.8273293, 57.287332], [32.8276981, 57.2869166], [32.82819, 57.2864181], [32.8289277, 57.2858365], [32.8297576, 57.2854045], [32.8305876, 57.2848894], [32.8313559, 57.284125], [32.8320629, 57.2836598], [32.8326162, 57.2833274], [32.8328928, 57.2832278], [32.8333232, 57.2828788], [32.8341224, 57.2824634], [32.8347986, 57.2822972], [32.8355363, 57.2823139], [32.8357515, 57.2823969], [32.8357515, 57.282696], [32.8362126, 57.2829453], [32.8369503, 57.2832776], [32.8372269, 57.2836598], [32.8382105, 57.2843078], [32.8391633, 57.2848728], [32.8397166, 57.2851054], [32.8398089, 57.2853713], [32.8404544, 57.2858365], [32.8415609, 57.2863183], [32.8424523, 57.2866008], [32.8432822, 57.2868002], [32.8440814, 57.2868667], [32.8445117, 57.2869498], [32.8448499, 57.2870994], [32.8455261, 57.2870994], [32.8459872, 57.287332], [32.8467863, 57.2874649], [32.847647, 57.287631], [32.8488765, 57.2877142], [32.8493991, 57.287847], [32.85152, 57.2879468], [32.852811, 57.2879468], [32.8541942, 57.2878637], [32.8549934, 57.2877308], [32.8566225, 57.2876975], [32.8576676, 57.2876477], [32.8586819, 57.2876809], [32.8591123, 57.2876809], [32.8592967, 57.2878304], [32.8591123, 57.2879302], [32.858559, 57.2879966], [32.8580364, 57.2881628], [32.8579442, 57.2887942], [32.857852, 57.2890269], [32.857729, 57.2890933], [32.8579749, 57.2893591], [32.858313, 57.2896749], [32.8587434, 57.2897745], [32.8592351, 57.2897579], [32.8595733, 57.2894921], [32.8596348, 57.2892262], [32.8593274, 57.2891265], [32.8589893, 57.2892096], [32.8587126, 57.2891597], [32.8588356, 57.2890102], [32.8593274, 57.2888939], [32.8598806, 57.2890435], [32.8601881, 57.289409], [32.8601573, 57.2898743], [32.860311, 57.2906885], [32.8603725, 57.2916522], [32.8602495, 57.2923168], [32.8603417, 57.2929815], [32.8606798, 57.2931975], [32.8605569, 57.2935797], [32.8607414, 57.2947262], [32.8612946, 57.295773], [32.8618786, 57.2966703], [32.8622782, 57.2971356], [32.8628622, 57.2975343], [32.8636307, 57.2978335], [32.8646143, 57.2980495], [32.8654442, 57.2981824], [32.8692557, 57.2983984], [32.8701471, 57.2983154], [32.8730057, 57.2980994], [32.8717762, 57.2990797], [32.8706696, 57.2998275], [32.8701779, 57.3000435], [32.8687332, 57.300193], [32.8682721, 57.3002595], [32.867811, 57.3000766], [32.8671963, 57.3001431], [32.8661819, 57.3003924], [32.8655979, 57.3007081], [32.865352, 57.301273], [32.865352, 57.3016718], [32.8656901, 57.3018047], [32.866059, 57.3018546], [32.8663971, 57.3019377], [32.8664278, 57.3022036], [32.8662127, 57.3024362], [32.8657823, 57.3025691], [32.8657516, 57.302918], [32.8661512, 57.3031839], [32.8667659, 57.3032338], [32.867227, 57.303134], [32.8679033, 57.3032005], [32.868395, 57.3033168], [32.8687332, 57.3035494], [32.868641, 57.3038486], [32.8683028, 57.3039317], [32.8682106, 57.3041311], [32.8685488, 57.3043471], [32.8692249, 57.3045797], [32.8699934, 57.3046461], [32.8708848, 57.3046129], [32.8716533, 57.3046794], [32.8719606, 57.3049452], [32.8719606, 57.3054271], [32.8713459, 57.3054769], [32.8710385, 57.3056431], [32.8711922, 57.3062746], [32.8709156, 57.3064739], [32.8704545, 57.306557], [32.868641, 57.3065238], [32.8682721, 57.3066235], [32.8682106, 57.3070056], [32.8678417, 57.3070389], [32.8675344, 57.3069226], [32.8668274, 57.306773], [32.8662434, 57.3066733], [32.863354, 57.30669], [32.8627085, 57.3065736], [32.8621553, 57.306341], [32.8614483, 57.3063243], [32.8609565, 57.3064241], [32.8607414, 57.3067398], [32.860895, 57.3069724], [32.8606798, 57.3071718], [32.8607106, 57.3074709], [32.8602495, 57.3075208], [32.8596348, 57.3075208], [32.8593889, 57.3076869], [32.8594503, 57.3081688], [32.8598192, 57.3082519], [32.8603725, 57.3082519], [32.8608028, 57.3084181], [32.8607106, 57.3086341], [32.8600958, 57.3086341], [32.8598806, 57.3087503], [32.8600958, 57.3091325], [32.8609565, 57.3095313], [32.8617864, 57.3098803], [32.8623089, 57.3102458], [32.86277, 57.3104618], [32.8636307, 57.3105449], [32.8649217, 57.310412], [32.8658438, 57.3101462], [32.8667659, 57.3100132], [32.86735, 57.3096809], [32.8676881, 57.309415], [32.868641, 57.3093153], [32.8690405, 57.3094482], [32.8692249, 57.3097805], [32.8695938, 57.310196], [32.8697168, 57.3105782], [32.8698704, 57.3108606], [32.8704545, 57.3110932], [32.8712537, 57.3112262], [32.8718377, 57.3112096], [32.8721291, 57.3110422], [32.8723295, 57.3109271], [32.8726369, 57.310628], [32.8732824, 57.3104784], [32.8738356, 57.3105782], [32.8745426, 57.3106446], [32.8749422, 57.3104951], [32.8752188, 57.3101462], [32.8750959, 57.3096809], [32.8751881, 57.3092821], [32.8758336, 57.3088168], [32.876602, 57.3085842], [32.8767865, 57.3082353], [32.8767865, 57.3067398], [32.876725, 57.3055767], [32.8770323, 57.3051945], [32.8772783, 57.3047791], [32.8771553, 57.3035328], [32.8770631, 57.3031673], [32.8766942, 57.3029845], [32.8758336, 57.3029014], [32.8755262, 57.3028184], [32.8758029, 57.3023863], [32.8765713, 57.3018047], [32.8774627, 57.3012897], [32.8790303, 57.3005087], [32.8805365, 57.2999603], [32.8815509, 57.2994951], [32.88235, 57.2992957], [32.8830262, 57.2992957], [32.8834873, 57.2992791], [32.8841328, 57.2990298], [32.8848705, 57.2988304], [32.8862537, 57.298764], [32.8872988, 57.2986809], [32.8878828, 57.2986809], [32.8886206, 57.2987308], [32.8887742, 57.298764], [32.8883439, 57.29898], [32.8879443, 57.2993289], [32.8877906, 57.3009573], [32.8876062, 57.3020706], [32.8873295, 57.3026522], [32.8868378, 57.3030676], [32.886223, 57.3034498], [32.8857619, 57.3035162], [32.8852086, 57.3034996], [32.884932, 57.3033002], [32.884471, 57.3031839], [32.8839484, 57.3031673], [32.8833029, 57.3034165], [32.8828111, 57.3037488], [32.8821042, 57.3039151], [32.8814279, 57.3038984], [32.8813664, 57.3037322], [32.881059, 57.3037488], [32.8805979, 57.3039151], [32.8807517, 57.3040812], [32.881059, 57.3041144], [32.8812742, 57.3044301], [32.8812127, 57.3047292], [32.879768, 57.3049452], [32.8793069, 57.3052443], [32.8790303, 57.3056099], [32.8792455, 57.3065072], [32.8793069, 57.3070056], [32.8792147, 57.307637], [32.8793992, 57.3081854], [32.8798602, 57.3086673], [32.8808132, 57.3092821], [32.8816431, 57.3097308], [32.8820119, 57.3100132], [32.8820734, 57.3103788], [32.8820119, 57.3107942], [32.8817353, 57.3112428], [32.8814279, 57.3114754], [32.8809054, 57.3115252], [32.8803213, 57.3116084], [32.8801676, 57.3118244], [32.8803521, 57.3123727], [32.8807209, 57.312489], [32.8813357, 57.3125223], [32.8828418, 57.312489], [32.8833336, 57.3123893], [32.8838869, 57.3124225], [32.8856082, 57.3124225], [32.8862845, 57.3122896], [32.8870222, 57.3122564], [32.8875447, 57.31214], [32.8880365, 57.3119406], [32.8883747, 57.3112594], [32.888805, 57.3110932], [32.889389, 57.3110434], [32.8907722, 57.3104951], [32.891264, 57.3101462], [32.8916021, 57.3100132], [32.891971, 57.309415], [32.8927701, 57.3089996], [32.8936001, 57.3086174], [32.8948603, 57.3084181], [32.8957825, 57.3080524], [32.8967354, 57.3075208], [32.8973808, 57.3074709], [32.9000858, 57.307554], [32.9005775, 57.3076537], [32.9007313, 57.3078863], [32.9009157, 57.3080857], [32.9023911, 57.3083682], [32.9034669, 57.3086174], [32.904389, 57.3086673], [32.9054649, 57.3089331], [32.9072784, 57.3092156], [32.9102907, 57.3092987], [32.9107518, 57.3092987], [32.9109055, 57.3091657], [32.9113973, 57.309199], [32.9118891, 57.3093153], [32.9124116, 57.3093817], [32.9131801, 57.3093817], [32.9138256, 57.3092987], [32.915885, 57.3093153], [32.916592, 57.3091657], [32.9177293, 57.3086341], [32.9198502, 57.3071884], [32.9208338, 57.3061748], [32.9216637, 57.3052111], [32.9221051, 57.3046098], [32.9224322, 57.3041642], [32.922801, 57.303051], [32.9227703, 57.3019543], [32.9224322, 57.299196], [32.9214793, 57.2983485], [32.9206493, 57.2976507], [32.9196043, 57.2966869], [32.9183441, 57.2952413], [32.9171453, 57.2944769], [32.9156084, 57.2935797], [32.913303, 57.2924332], [32.9124116, 57.2923501], [32.9112128, 57.2925494], [32.9083543, 57.2931643], [32.9073399, 57.2932806], [32.9059874, 57.2935797], [32.9043276, 57.2934966], [32.9036821, 57.2932473], [32.903098, 57.2930646], [32.9023604, 57.2930978], [32.9015919, 57.2933138], [32.9007005, 57.2934301], [32.899932, 57.2933637], [32.8989792, 57.2930978], [32.8983645, 57.2928984], [32.8982415, 57.2927489], [32.8984259, 57.2925329], [32.8991944, 57.2924498], [32.9011616, 57.2923168], [32.9017456, 57.2923501], [32.902514, 57.292134], [32.9031595, 57.2916854], [32.9042817, 57.2913126], [32.9051014, 57.2912485], [32.9053126, 57.2908807], [32.9054299, 57.2904876], [32.9058991, 57.2902213], [32.9073304, 57.2900691], [32.9085035, 57.2899676], [32.9093013, 57.2900945], [32.9101225, 57.2903227], [32.9108498, 57.2903227], [32.9117414, 57.2901959], [32.9122576, 57.2899676], [32.9124453, 57.2897139], [32.9127972, 57.2897393], [32.9134777, 57.2898154], [32.9141581, 57.2896379], [32.914557, 57.2893589], [32.9149324, 57.2891686], [32.9154485, 57.2891179], [32.9161994, 57.289194], [32.9168329, 57.2891559], [32.9172083, 57.2889404], [32.9175133, 57.2886233], [32.9179591, 57.2883443], [32.9185457, 57.2880146], [32.919015, 57.2878878], [32.9196719, 57.2886994], [32.9202116, 57.2887248], [32.92054, 57.2886487], [32.9207747, 57.2884331], [32.9213847, 57.2883443], [32.9221121, 57.288357], [32.9229098, 57.2884965], [32.9236137, 57.2882428], [32.9241298, 57.2879385], [32.9252561, 57.2878497], [32.9264058, 57.2879639], [32.9276493, 57.2887121], [32.9282828, 57.2887121], [32.9288929, 57.2889277], [32.9293621, 57.2889658], [32.9301364, 57.2890545], [32.9309341, 57.2893462], [32.931685, 57.2894603], [32.9324358, 57.2894476], [32.9328581, 57.2895871], [32.9330224, 57.2899169], [32.9326469, 57.2900437], [32.9325765, 57.2902973], [32.9332335, 57.2910203], [32.9336793, 57.2916163], [32.933867, 57.2920094], [32.9333977, 57.2921997], [32.9327642, 57.293062], [32.9320134, 57.2936073], [32.9315676, 57.2940258], [32.9314034, 57.294381], [32.9310749, 57.2946092], [32.9306995, 57.2949136], [32.9305118, 57.295256], [32.9296437, 57.2963086], [32.9292683, 57.2966764], [32.9288929, 57.2969934], [32.9285878, 57.2977544], [32.9287052, 57.2982237], [32.9286583, 57.2985787], [32.9284002, 57.2987562], [32.9281889, 57.2989846], [32.9281889, 57.2992509], [32.928447, 57.2995933], [32.9287755, 57.2997962], [32.9292918, 57.2999103], [32.9294805, 57.2999152], [32.9295327, 57.2999165], [32.9297844, 57.299923], [32.9304179, 57.2998469], [32.931028, 57.299682], [32.9313095, 57.2993777], [32.9312157, 57.2990353], [32.9308873, 57.2989085], [32.9307934, 57.2984265], [32.9309576, 57.2980968], [32.9314034, 57.2980334], [32.9317319, 57.2977544], [32.9323419, 57.2976275], [32.9325296, 57.29745], [32.9325061, 57.2972218], [32.9322246, 57.2971203], [32.9323185, 57.296892], [32.9326939, 57.2967145], [32.9333508, 57.2955731], [32.9333742, 57.295218], [32.933257, 57.2951038], [32.9329285, 57.2951545], [32.9326469, 57.2953448], [32.9324592, 57.2955984], [32.9321542, 57.2956492], [32.9317788, 57.295535], [32.9317788, 57.2952941], [32.9327174, 57.2947234], [32.9331866, 57.2942542], [32.9338201, 57.293861], [32.9347821, 57.2934298], [32.9355798, 57.2928845], [32.9357206, 57.292504], [32.9362367, 57.2919587], [32.9366356, 57.2914007], [32.9367295, 57.2903988], [32.9370345, 57.2900691], [32.9377618, 57.289676], [32.9382781, 57.2893335], [32.9387473, 57.2891433], [32.9391931, 57.2891179], [32.9394277, 57.2892447], [32.9394277, 57.2893843], [32.9392166, 57.2894603], [32.9389116, 57.2896252], [32.9384423, 57.2899296], [32.9380903, 57.2902213], [32.9379965, 57.2904495], [32.9381138, 57.2905763], [32.9385127, 57.2906271], [32.9390758, 57.2905509], [32.9395919, 57.2903734], [32.9400612, 57.2902973], [32.9406289, 57.2902334], [32.9406412, 57.2908697], [32.9406815, 57.2909232], [32.9408008, 57.2908731], [32.9408913, 57.2907216], [32.9409557, 57.2905578], [32.9410477, 57.2903239], [32.9409981, 57.2901211], [32.9418679, 57.2900817], [32.9429706, 57.2900437], [32.9433226, 57.289676], [32.9432522, 57.2892194], [32.9428299, 57.2889404], [32.9422902, 57.2887501], [32.9420321, 57.2885219], [32.9421964, 57.2883824], [32.9426891, 57.2884331], [32.9434164, 57.288395], [32.9438388, 57.2881921], [32.9444958, 57.288116], [32.9451996, 57.2883316], [32.9454811, 57.2884711], [32.9456689, 57.2887374], [32.9460209, 57.2885219], [32.9462555, 57.2884077], [32.9460442, 57.2882682], [32.9459739, 57.2879511], [32.9461851, 57.2877356], [32.9462555, 57.2874185], [32.9461147, 57.2867971], [32.946232, 57.2865815], [32.9465135, 57.2865307], [32.9467951, 57.2866068], [32.9470297, 57.2867337], [32.9475459, 57.2868732], [32.9482498, 57.2870888], [32.9487425, 57.2871776], [32.9493526, 57.2872283], [32.9499391, 57.2873044], [32.9505961, 57.2874312], [32.9508307, 57.2875834], [32.9512766, 57.2879511], [32.9516051, 57.2883316], [32.9520743, 57.2887374], [32.9526374, 57.2889911], [32.9533882, 57.2892575], [32.9540452, 57.289435], [32.9551714, 57.2895745], [32.9560864, 57.2896252], [32.9568608, 57.2896125], [32.9575176, 57.2896506], [32.9595355, 57.2899042], [32.9596762, 57.2900691], [32.9599813, 57.2901324], [32.9602629, 57.2903481], [32.9605913, 57.2904622], [32.9613656, 57.2904749], [32.9621398, 57.2904115], [32.963008, 57.2902593], [32.9645801, 57.2898281], [32.9654247, 57.289473], [32.9672079, 57.2884584], [32.9678883, 57.2879511], [32.9685218, 57.2873551], [32.968733, 57.2865815], [32.9687652, 57.2858742], [32.9687965, 57.285187], [32.9687753, 57.284861], [32.9687434, 57.2843693], [32.9686626, 57.2842226], [32.9684514, 57.2836773], [32.9679353, 57.2830939], [32.9673018, 57.2825613], [32.966762, 57.2822949], [32.966152, 57.2818511], [32.9651901, 57.2814579], [32.9645097, 57.281217], [32.9637353, 57.2807605], [32.9636884, 57.2806083], [32.9634069, 57.2802532], [32.9627734, 57.2798727], [32.9620461, 57.2795303], [32.9615533, 57.2793781], [32.9612248, 57.2792386], [32.9609902, 57.2788962], [32.9609902, 57.2784777], [32.9612952, 57.2782621], [32.9619522, 57.277945], [32.9621868, 57.2776026], [32.9622572, 57.2771841], [32.9622572, 57.2768543], [32.9628907, 57.2768797], [32.9637823, 57.2768417], [32.9642516, 57.2766895], [32.9648616, 57.276309], [32.9655889, 57.2761442], [32.9673018, 57.2749647], [32.967724, 57.2745462], [32.9678883, 57.2743434], [32.9682403, 57.2742799], [32.9687095, 57.2743434], [32.9692726, 57.2744574], [32.9701173, 57.2747111], [32.970915, 57.2750408], [32.9713139, 57.2753072], [32.9715016, 57.2754847], [32.9722994, 57.2757637], [32.973449, 57.2757637], [32.9750445, 57.2758652], [32.9756546, 57.2760554], [32.9772031, 57.2765754], [32.9778132, 57.2768036], [32.9780008, 57.277146], [32.9780712, 57.2774631], [32.9783059, 57.2776787], [32.9786109, 57.2777294], [32.9786578, 57.2775519], [32.9787986, 57.2774631], [32.9792209, 57.2776406], [32.9791271, 57.277945], [32.9789628, 57.2782875], [32.9789394, 57.2786806], [32.9790332, 57.2790864], [32.9792913, 57.2792386], [32.9794555, 57.2795937], [32.9792444, 57.2798347], [32.9787986, 57.2799868], [32.9780243, 57.2801517], [32.9775081, 57.2803927], [32.9768746, 57.2808745], [32.9765462, 57.2814707], [32.9765931, 57.2821048], [32.9768042, 57.2825105], [32.9776254, 57.2830939], [32.9776489, 57.2834744], [32.9773673, 57.2837788], [32.9765462, 57.284007], [32.9761707, 57.2843494], [32.97542, 57.2844382], [32.9741764, 57.2844382], [32.973496, 57.2843368], [32.9728625, 57.2842987], [32.9721586, 57.2844382], [32.9716893, 57.2847299], [32.9714312, 57.285085], [32.9711496, 57.2855669], [32.9707977, 57.2858459], [32.9703989, 57.2866703], [32.9702581, 57.2870254], [32.9703519, 57.2874946], [32.9707508, 57.2878243], [32.9719474, 57.288395], [32.9736837, 57.2892575], [32.9738479, 57.2895618], [32.9738479, 57.2899042], [32.9738948, 57.2904749], [32.9741295, 57.2908046], [32.9745518, 57.2911471], [32.9752792, 57.2915402], [32.9765462, 57.2919587], [32.9776958, 57.2922504], [32.9793383, 57.2925547], [32.9813091, 57.293303], [32.9822241, 57.2934679], [32.9832331, 57.2934932], [32.983632, 57.2934045], [32.9840778, 57.2934932], [32.9843359, 57.2936708], [32.9847112, 57.2936962], [32.9850866, 57.2936073], [32.9856497, 57.2933917], [32.9860956, 57.2933537], [32.9870341, 57.2935186], [32.9873626, 57.2936962], [32.9878787, 57.2937341], [32.9890988, 57.2936708], [32.9907647, 57.2936073], [32.9921959, 57.2935186], [32.9928764, 57.2933664], [32.993416, 57.2934045], [32.9955746, 57.2932777], [32.9967947, 57.2932649], [32.9970997, 57.2931508], [32.998226, 57.2931255], [32.9985075, 57.2932777], [32.9998683, 57.2932016], [33.0005253, 57.2931001], [33.0012761, 57.2930113], [33.0018392, 57.2930367], [33.0022616, 57.2932142], [33.0025197, 57.2935313], [33.0038571, 57.2953575], [33.0041855, 57.2956618], [33.0043967, 57.2956618], [33.0046783, 57.2957126], [33.0047487, 57.2959789], [33.0045374, 57.2962452], [33.0041855, 57.2963594], [33.0036693, 57.296372], [33.0036693, 57.2961945], [33.0035521, 57.2960043], [33.0030358, 57.2958521], [33.0026135, 57.295776], [33.0022381, 57.2956238], [33.0021677, 57.2957886], [33.0018158, 57.2958521], [33.0015342, 57.2961057], [33.0012527, 57.2962452], [33.0015342, 57.2963213], [33.0019331, 57.2962706], [33.0021208, 57.296055], [33.0024727, 57.2961057], [33.0028716, 57.2961945], [33.0028012, 57.2963974], [33.0026135, 57.2966003], [33.0028951, 57.2967652], [33.0032001, 57.2973358], [33.0034659, 57.2977266], [33.0031864, 57.2978899], [33.0035585, 57.2978628], [33.0037867, 57.2981983], [33.0048425, 57.2996187], [33.0056402, 57.3003415], [33.0062972, 57.3006713], [33.0069542, 57.3009629], [33.0073999, 57.3009883], [33.0082446, 57.301318], [33.0093943, 57.3016605], [33.0100513, 57.3017873], [33.0110132, 57.3018633], [33.0117406, 57.3020536], [33.0123976, 57.302155], [33.0129137, 57.3022058], [33.0133126, 57.3023199], [33.0143216, 57.3023072], [33.0153304, 57.3021931], [33.0163863, 57.3020282], [33.0175829, 57.3017112], [33.0185683, 57.3013688], [33.0194599, 57.3008868], [33.0198588, 57.3005444], [33.020023, 57.3002147], [33.0200934, 57.2995552], [33.0201873, 57.2993016], [33.0204923, 57.2991494], [33.020985, 57.2987943], [33.0225101, 57.2979192], [33.022862, 57.2978178], [33.0237067, 57.2976275], [33.0242464, 57.2975515], [33.0246452, 57.2975768], [33.0248799, 57.2977924], [33.0251145, 57.2980841], [33.0251849, 57.2984646], [33.0253257, 57.2996948], [33.025443, 57.3001513], [33.0257245, 57.3004683], [33.026053, 57.3007474], [33.0276485, 57.3011024], [33.0284462, 57.3011532], [33.028587, 57.3013434], [33.0289389, 57.3013561], [33.0291736, 57.3015463], [33.0295021, 57.301597], [33.0297602, 57.3017239], [33.0316372, 57.3023199], [33.0326227, 57.3026624], [33.032998, 57.302916], [33.0331858, 57.3031823], [33.0334908, 57.3033091], [33.0339131, 57.3032837], [33.034312, 57.3031823], [33.0350159, 57.303233], [33.035227, 57.3032837], [33.0355086, 57.3035754], [33.0357901, 57.303753], [33.0364236, 57.3039432], [33.0368929, 57.3039559], [33.0371745, 57.3040954], [33.0375264, 57.3041207], [33.0378314, 57.3042476], [33.0378549, 57.3044632], [33.0381599, 57.3045139], [33.0388168, 57.3045266], [33.0402481, 57.3043744], [33.0414682, 57.3043744], [33.0422112, 57.3045515], [33.0431028, 57.3047671], [33.0435721, 57.3049066], [33.0437128, 57.3051983], [33.0434782, 57.3055787], [33.0431732, 57.3056168], [33.0428916, 57.3055154], [33.0429621, 57.3052998], [33.042704, 57.3052617], [33.0424223, 57.3054393], [33.0424693, 57.3056041], [33.0426336, 57.3056548], [33.0427743, 57.3058578], [33.0429386, 57.3062129], [33.0433843, 57.3063524], [33.0435486, 57.3065173], [33.0435017, 57.3067202], [33.0432436, 57.3067202], [33.0432436, 57.306847], [33.0435252, 57.3069484], [33.0441587, 57.3070879], [33.044886, 57.3071387], [33.0455742, 57.3069235], [33.0459496, 57.3067206], [33.0463719, 57.3064543], [33.0470993, 57.3062767], [33.0477094, 57.3060612], [33.0481316, 57.3057948], [33.048859, 57.3057948], [33.0498679, 57.3056426], [33.0505484, 57.3054271], [33.0516981, 57.3049325], [33.0521907, 57.3048563], [33.0526267, 57.3050746], [33.0529815, 57.3052572], [33.0532126, 57.3054032], [33.0536689, 57.3054271], [33.0541851, 57.3057695], [33.0544088, 57.3059722], [33.0536168, 57.3061386], [33.053361, 57.3066075], [33.0535315, 57.3069912], [33.0541426, 57.3071191], [33.0550067, 57.3072501], [33.0541852, 57.3080996], [33.0515213, 57.3088363], [33.0501172, 57.3102372], [33.0480179, 57.3125759], [33.0478616, 57.3134712], [33.0474025, 57.3137574], [33.0464974, 57.3149491], [33.0463979, 57.3156454], [33.0457865, 57.3169249], [33.0463126, 57.3179333], [33.0455737, 57.3182033], [33.0462457, 57.3196766], [33.0471937, 57.3205622], [33.0482026, 57.3208464], [33.0483398, 57.3213792], [33.0485119, 57.3219675], [33.0489434, 57.3230645], [33.051079, 57.3249756], [33.0516264, 57.3251374], [33.0560891, 57.3264567], [33.0576687, 57.3269237], [33.0622296, 57.327966], [33.0671958, 57.3285608], [33.0731928, 57.3280242], [33.0751597, 57.3278399], [33.0756521, 57.3273969], [33.0765092, 57.3274067], [33.0766904, 57.3278405], [33.0759896, 57.328235], [33.0750104, 57.3284189], [33.0749157, 57.3290472], [33.0737758, 57.3293013], [33.0730852, 57.3300376], [33.0727983, 57.3302124], [33.0718069, 57.3306139], [33.0697119, 57.3314623], [33.0698967, 57.3320273], [33.07015, 57.3322584], [33.071238, 57.3324716], [33.0713089, 57.3326842], [33.0717, 57.3326741], [33.0723242, 57.332576], [33.0732846, 57.3326747], [33.0736493, 57.3330438], [33.0731509, 57.3337539], [33.0723274, 57.3346334], [33.0730049, 57.3348478], [33.0736824, 57.3335207], [33.0740095, 57.3334292], [33.0746577, 57.333694], [33.0741555, 57.3333063], [33.0742956, 57.333114], [33.0741736, 57.3329208], [33.0741355, 57.3327929], [33.074465, 57.3326821], [33.074279, 57.3324885], [33.0757238, 57.3320594], [33.0755104, 57.3318735], [33.07756, 57.3305222], [33.0796527, 57.3299302], [33.0799867, 57.328897], [33.0798499, 57.3287001], [33.0798759, 57.3285217], [33.0803514, 57.328577], [33.0810353, 57.3282448], [33.0814457, 57.3284909], [33.0820156, 57.3281832], [33.0817648, 57.327851], [33.0818788, 57.3274326], [33.0823575, 57.3270265], [33.0821979, 57.3266942], [33.0825399, 57.3264111], [33.0835234, 57.3260253], [33.0843012, 57.3261151], [33.0848776, 57.3260315], [33.085581, 57.3264836], [33.0857221, 57.3264376], [33.0854421, 57.3261097], [33.0857067, 57.3259819], [33.085873, 57.3257299], [33.0867913, 57.3255678], [33.087362, 57.325467], [33.0886728, 57.3248516], [33.0893895, 57.3246844], [33.0895277, 57.3249901], [33.0925176, 57.3245115], [33.0932108, 57.3255652], [33.0948934, 57.3264407], [33.0953819, 57.326619], [33.0954444, 57.3267529], [33.0957836, 57.3267657], [33.0970738, 57.3270892], [33.0991319, 57.3273402], [33.100027, 57.3273594], [33.1002005, 57.3272328], [33.1003287, 57.327099], [33.1001583, 57.3269817], [33.0999586, 57.3268441], [33.0998448, 57.3264695], [33.1000007, 57.3261361], [33.1006336, 57.325916], [33.1010544, 57.3253387], [33.1020993, 57.325416], [33.1029734, 57.325942], [33.1036922, 57.3262693], [33.1040409, 57.3264546], [33.1047677, 57.3265258], [33.105086, 57.326442], [33.1052694, 57.3263011], [33.1054571, 57.3263504], [33.1054987, 57.3264619], [33.1056677, 57.3264423], [33.1055912, 57.326139], [33.1053868, 57.3260377], [33.1053048, 57.3258906], [33.1049342, 57.3257621], [33.1041231, 57.324591], [33.10414, 57.3233353], [33.1049255, 57.3230787], [33.1054387, 57.3227702], [33.1066733, 57.3227433], [33.1071869, 57.3227321], [33.1085715, 57.3223601], [33.1093292, 57.3224399], [33.1097623, 57.3230061], [33.1107881, 57.323043], [33.1116888, 57.3228164], [33.1126802, 57.3224276], [33.1136149, 57.3216029], [33.1154375, 57.3206954], [33.1181143, 57.3205533], [33.1197385, 57.320461], [33.1203815, 57.3202424], [33.1186557, 57.3194455], [33.116946, 57.3196301], [33.1148943, 57.319507], [33.1143513, 57.3197217], [33.1133806, 57.3193538], [33.11265, 57.3192368], [33.1127925, 57.3189291], [33.1131983, 57.318694], [33.112926, 57.3179072], [33.1126411, 57.3171225], [33.1137239, 57.3171379], [33.1154336, 57.3176918], [33.1184691, 57.3176662], [33.1210757, 57.3161069], [33.1227877, 57.3155054], [33.1247677, 57.3149803], [33.1277151, 57.3151375], [33.1292539, 57.3149221], [33.1318871, 57.3142695], [33.1334142, 57.3144296], [33.1350954, 57.3142911], [33.1373206, 57.3138368], [33.1399112, 57.3126446], [33.1410435, 57.3120746], [33.1448694, 57.3112287], [33.1490831, 57.309344], [33.1504823, 57.3092296], [33.1529526, 57.3081535], [33.1537304, 57.3071155], [33.1541679, 57.3062274], [33.1537824, 57.3055152], [33.1540085, 57.3044088], [33.1554575, 57.3035705], [33.1578103, 57.3034528], [33.1588234, 57.303924], [33.1580925, 57.3049038], [33.1565519, 57.3061725], [33.1553632, 57.3061198], [33.154646, 57.3061951], [33.1545265, 57.3066256], [33.1551241, 57.3071313], [33.1570822, 57.3074251], [33.1601046, 57.3075294], [33.1618378, 57.3072497], [33.1625262, 57.3065766], [33.1637066, 57.3060383], [33.1650453, 57.3058831], [33.1665394, 57.3052482], [33.1660015, 57.3049576], [33.1654508, 57.3045632], [33.1665329, 57.3037476], [33.1680967, 57.3036383], [33.1699369, 57.3030684], [33.1728728, 57.3020641], [33.1756017, 57.299852], [33.1773347, 57.2982987], [33.1775764, 57.2982325], [33.1780277, 57.2979706], [33.1783133, 57.2976608], [33.1777289, 57.2972006], [33.1772525, 57.2964346], [33.1753977, 57.295358], [33.1724481, 57.2945575], [33.1700448, 57.2941558], [33.1666643, 57.2944577], [33.1653154, 57.2945875], [33.163316, 57.2950563], [33.1619707, 57.2951366], [33.1589256, 57.2960224], [33.1564826, 57.2973031], [33.1539695, 57.298002], [33.1523112, 57.2983195], [33.1515463, 57.2985318], [33.1511001, 57.2991862], [33.1508451, 57.3004174], [33.1501916, 57.3006671], [33.14973, 57.301441], [33.1479399, 57.3005899], [33.1479514, 57.2999729], [33.1467626, 57.2990173], [33.1455698, 57.2985232], [33.1420872, 57.2992731], [33.1408044, 57.299565], [33.1404697, 57.3000903], [33.1405813, 57.3004519], [33.1421432, 57.3008996], [33.143211, 57.3011062], [33.1432907, 57.3021738], [33.1445338, 57.3025785], [33.144996, 57.3031209], [33.1469563, 57.3032931], [33.1475335, 57.3035454], [33.147291, 57.3037408], [33.1447888, 57.3034136], [33.1442629, 57.3038527], [33.1440397, 57.3044295], [33.1434022, 57.3040163], [33.1422707, 57.3038785], [33.14141, 57.3039474], [33.1407725, 57.3043692], [33.1405813, 57.3049546], [33.1408355, 57.3055126], [33.1394019, 57.3068572], [33.1364629, 57.3082902], [33.1354494, 57.3087252], [33.1341585, 57.3099561], [33.133505, 57.3098442], [33.1326864, 57.3099591], [33.1304609, 57.3099733], [33.1285665, 57.3094028], [33.1267383, 57.307561], [33.1252812, 57.3067108], [33.1234927, 57.3061491], [33.1163785, 57.3061577], [33.1129453, 57.306714], [33.1118589, 57.3070551], [33.1101987, 57.3068067], [33.1062505, 57.3060649], [33.1039807, 57.3056404], [33.1033026, 57.305281], [33.1027172, 57.304548], [33.1021585, 57.3046198], [33.1018209, 57.3049391], [33.1025892, 57.3050584], [33.1022109, 57.3057723], [33.1005924, 57.3072235], [33.0987218, 57.307443], [33.0985525, 57.3069758], [33.0982103, 57.306283], [33.097953, 57.306019], [33.0979401, 57.3060057], [33.0979191, 57.3059928], [33.097893, 57.3059781], [33.0978567, 57.3059599], [33.0978564, 57.3059451], [33.0978476, 57.3059248], [33.0978469, 57.3059004], [33.0978665, 57.3058732], [33.0979037, 57.3058814], [33.0979279, 57.3058937], [33.0979555, 57.3058866], [33.097999, 57.3058696], [33.0980415, 57.3058447], [33.0980108, 57.305824], [33.0979348, 57.3058016], [33.097871, 57.3057706], [33.0977806, 57.3057367], [33.0977546, 57.3057025], [33.0976952, 57.3056735], [33.0976368, 57.305645], [33.0975706, 57.3056632], [33.0974857, 57.3056436], [33.0973805, 57.3056161], [33.0972696, 57.3056013], [33.0971864, 57.3055555], [33.0971038, 57.3055088], [33.0970124, 57.3054714], [33.0969003, 57.3054333], [33.0968021, 57.3054348], [33.0967003, 57.3054124], [33.0966243, 57.30543], [33.0965218, 57.3054088], [33.0965121, 57.3053756], [33.0964145, 57.3053599], [33.0963116, 57.3053777], [33.0962216, 57.3053796], [33.0961276, 57.3053955], [33.0959962, 57.3053912], [33.095962, 57.3053696], [33.0959728, 57.3053365], [33.0959282, 57.3053193], [33.0958571, 57.3053425], [33.0957082, 57.3053286], [33.0956411, 57.3052761], [33.0956489, 57.3052282], [33.0956392, 57.3051853], [33.0955834, 57.3051523], [33.0954848, 57.3051503], [33.0954005, 57.3051253], [33.0953225, 57.3051216], [33.0952799, 57.305083], [33.0952016, 57.3050798], [33.0951049, 57.3050515], [33.0950936, 57.3050135], [33.0951513, 57.3049699], [33.0951438, 57.3049279], [33.0951223, 57.3048859], [33.0951512, 57.3048354], [33.0952076, 57.304798], [33.0952733, 57.3047652], [33.0953357, 57.3047617], [33.0953839, 57.3047426], [33.0954509, 57.3047185], [33.0954735, 57.3046684], [33.0955264, 57.3046555], [33.0955824, 57.3046619], [33.0956403, 57.3046605], [33.0956694, 57.3046422], [33.0956959, 57.3046257], [33.0957249, 57.3046074], [33.0957471, 57.3045995], [33.095762, 57.3045868], [33.0957603, 57.3045759], [33.0957703, 57.3045638], [33.0958017, 57.3045491], [33.095809, 57.3045291], [33.0957928, 57.3044914], [33.0957765, 57.3044761], [33.0957689, 57.3044621], [33.0957757, 57.3044516], [33.0958029, 57.304453], [33.0958316, 57.3044672], [33.0958649, 57.3044889], [33.0958923, 57.3045069], [33.0959346, 57.3045134], [33.0959808, 57.3045085], [33.0960086, 57.304497], [33.0960252, 57.3044879], [33.0960603, 57.3044587], [33.0960823, 57.3044355], [33.0961478, 57.3043989], [33.0962113, 57.3044053], [33.0963986, 57.3044658], [33.0964136, 57.3044731], [33.0964583, 57.3044704], [33.0965042, 57.3044735], [33.0965413, 57.3044856], [33.0965689, 57.3044774], [33.0965877, 57.3044689], [33.0966056, 57.304454], [33.0966264, 57.3044288], [33.0966501, 57.3044201], [33.0966793, 57.3044043], [33.0967039, 57.304391], [33.0967146, 57.3043819], [33.096723, 57.3043565], [33.0967312, 57.3043326], [33.0967193, 57.3043035], [33.0966858, 57.3042926], [33.096644, 57.3042773], [33.0966182, 57.3042503], [33.0966064, 57.3042397], [33.0966036, 57.3042231], [33.0966182, 57.3042131], [33.0966264, 57.3042052], [33.09663, 57.3041956], [33.0966245, 57.3041877], [33.0966077, 57.3041803], [33.0966198, 57.3041729], [33.0966828, 57.30417], [33.0967066, 57.304155], [33.09677, 57.3041306], [33.0967942, 57.304117], [33.0967942, 57.3040553], [33.0968075, 57.3040232], [33.0967924, 57.303996], [33.0967729, 57.3039726], [33.0967978, 57.3039482], [33.0968318, 57.303919], [33.0968865, 57.3039178], [33.0969231, 57.3038973], [33.0969549, 57.303865], [33.0969726, 57.3038224], [33.0969789, 57.3037836], [33.0974495, 57.303329], [33.0990569, 57.3024929], [33.0990627, 57.3024707], [33.0990733, 57.3024583], [33.0991217, 57.3024462], [33.0991716, 57.3024407], [33.0992096, 57.3024483], [33.0992236, 57.3024473], [33.0992293, 57.3024426], [33.0992217, 57.3024328], [33.0992332, 57.3024237], [33.0992524, 57.302414], [33.0992711, 57.3024045], [33.0992785, 57.3023765], [33.0992745, 57.3023351], [33.0992743, 57.3023241], [33.0992875, 57.302313], [33.0993369, 57.3022857], [33.0993811, 57.3022828], [33.0994086, 57.3022738], [33.0995699, 57.3021617], [33.0997456, 57.302065], [33.0998221, 57.3020229], [33.0998609, 57.3019808], [33.100017, 57.3018936], [33.1001502, 57.3017841], [33.1003182, 57.301688], [33.1005915, 57.3015386], [33.1008014, 57.3010691], [33.1028337, 57.2981633], [33.1043424, 57.2964783], [33.1047056, 57.2946582], [33.1047473, 57.2927575], [33.1073128, 57.2927401], [33.1099996, 57.2920421], [33.1131447, 57.2919755], [33.1168333, 57.2911435], [33.1195826, 57.2899718], [33.1210946, 57.2884616], [33.1211118, 57.2866752], [33.1206701, 57.2838974], [33.1207828, 57.2825495], [33.1219339, 57.2816703], [33.1226796, 57.281103], [33.1226796, 57.2807659], [33.1235631, 57.2804007], [33.1248419, 57.2803146], [33.1279024, 57.279544], [33.1312508, 57.2789764], [33.1319386, 57.2787412], [33.1327218, 57.2792501], [33.132644, 57.2792892], [33.1325421, 57.279311], [33.1324656, 57.2793226], [33.1324247, 57.2793389], [33.1324314, 57.2793635], [33.132475, 57.2793654], [33.1325756, 57.2793538], [33.1326869, 57.2793342], [33.1328854, 57.2792646], [33.1330597, 57.2792066], [33.1330007, 57.2791631], [33.1328988, 57.2791196], [33.1327942, 57.279137], [33.1325126, 57.2790254], [33.1320888, 57.2786774], [33.133277, 57.2782613], [33.1346208, 57.279295], [33.1351197, 57.2796995], [33.1354067, 57.2799736], [33.1356588, 57.2801722], [33.1358492, 57.2802925], [33.1360343, 57.280381], [33.1361979, 57.2804491], [33.1363428, 57.2804868], [33.1364849, 57.2804404], [33.1365359, 57.2804143], [33.1365439, 57.2803694], [33.1364715, 57.2803592], [33.1363749, 57.2803679], [33.1362113, 57.2803041], [33.1359565, 57.2801722], [33.1356829, 57.2799779], [33.1353101, 57.2796416], [33.1347629, 57.2791979], [33.1342024, 57.2787281], [33.1334513, 57.2781902], [33.1336927, 57.2781032], [33.1346422, 57.2776712], [33.1352699, 57.2780974], [33.135581, 57.2783381], [33.1355864, 57.2783918], [33.1353638, 57.2785136], [33.1355461, 57.2786629], [33.1359163, 57.2784643], [33.1362033, 57.2783048], [33.1362033, 57.2782482], [33.1357956, 57.2780655], [33.1352913, 57.2778771], [33.1348461, 57.2775697], [33.1359114, 57.2770126], [33.1368041, 57.2772855], [33.1371903, 57.277387], [33.1374371, 57.2773087], [33.137657, 57.2771492], [33.1376034, 57.2770593], [33.1373781, 57.2770448], [33.1371421, 57.2770999], [33.1370187, 57.2771811], [33.136906, 57.2771666], [33.1360155, 57.2768563], [33.1368322, 57.2760832], [33.136875, 57.2760427], [33.1369763, 57.27593], [33.1377965, 57.2750177], [33.1398565, 57.2751888], [33.1399262, 57.2750496], [33.1389016, 57.2749945], [33.1379322, 57.274815], [33.1379626, 57.2747133], [33.1379937, 57.2746097], [33.1380384, 57.2744605], [33.1380705, 57.2743533], [33.1395678, 57.2693568], [33.1380999, 57.2674242], [33.1389756, 57.2662643], [33.1416313, 57.2651189], [33.1428286, 57.2633244], [33.1433072, 57.2625174], [33.1426228, 57.2610564], [33.1423803, 57.2608574], [33.1416241, 57.2598881], [33.1406175, 57.259377], [33.1405485, 57.2591801], [33.1396043, 57.2588319], [33.1396748, 57.2584555], [33.1405216, 57.2579383], [33.1400818, 57.2577149], [33.1388801, 57.258243], [33.1384778, 57.2580515], [33.1397116, 57.2572275], [33.139438, 57.2571288], [33.1393576, 57.2571839], [33.1394702, 57.2572478], [33.1383008, 57.2580341], [33.1379682, 57.2580428], [33.1374693, 57.2577004], [33.1381774, 57.2569721], [33.13851, 57.2570621], [33.1387567, 57.2568793], [33.137936, 57.2566037], [33.1376731, 57.2567922], [33.1380218, 57.2569141], [33.1372333, 57.2577033], [33.1370777, 57.2575843], [33.1371099, 57.2571404], [33.138054, 57.2561423], [33.1378394, 57.2561945], [33.1375015, 57.2565224], [33.1373352, 57.2564789], [33.1375819, 57.256003], [33.1372976, 57.2560088], [33.1371474, 57.2561075], [33.137303, 57.2562119], [33.1372333, 57.256386], [33.1365573, 57.2562729], [33.1365412, 57.2563512], [33.1371421, 57.2564528], [33.1367773, 57.257387], [33.1365788, 57.257535], [33.1358741, 57.257369], [33.13564, 57.2572333], [33.1353664, 57.257213], [33.1349695, 57.2570012], [33.134755, 57.2567461], [33.1345618, 57.2564861], [33.1346825, 57.2564165], [33.1344679, 57.2563933], [33.134433, 57.2565065], [33.1337598, 57.2564774], [33.1336015, 57.2562511], [33.1326326, 57.2564813], [33.1325367, 57.2565384], [33.1325045, 57.256624], [33.1324967, 57.2570912], [33.1324321, 57.2571143], [33.1323221, 57.2571143], [33.1322068, 57.2570766], [33.1321666, 57.2570331], [33.1321692, 57.256962], [33.132078, 57.2569881], [33.1321231, 57.2575634], [33.1320137, 57.2576424], [33.131032, 57.25777], [33.1307208, 57.2573058], [33.1304526, 57.2572826], [33.1287789, 57.2575698], [33.1285912, 57.2576453], [33.1284785, 57.2577555], [33.1285429, 57.2584315], [33.1284471, 57.2584884], [33.1283122, 57.2582582], [33.1281781, 57.2580079], [33.1281674, 57.2577671], [33.1280681, 57.2576554], [33.1279394, 57.2576583], [33.1279126, 57.2577193], [33.1280735, 57.2579876], [33.1281023, 57.2582161], [33.1276685, 57.2583822], [33.1263984, 57.2585613], [33.1252626, 57.2585578], [33.1241159, 57.2584548], [33.1206021, 57.2588943], [33.1190393, 57.258722], [33.1178737, 57.2584517], [33.1175217, 57.2577436], [33.1178807, 57.2569441], [33.1189858, 57.2561941], [33.1203653, 57.2549302], [33.1207876, 57.2547208], [33.1207806, 57.2545647], [33.1201039, 57.2545707], [33.119815, 57.2543462], [33.1193236, 57.2541763], [33.1197721, 57.253911], [33.1194475, 57.2538007], [33.119131, 57.2540807], [33.1190237, 57.254043], [33.1192249, 57.2537717], [33.1190506, 57.2537485], [33.118718, 57.2540619], [33.1185383, 57.2540923], [33.1182405, 57.253953], [33.11825, 57.2536567], [33.1166301, 57.2536419], [33.1159151, 57.2536353], [33.1156549, 57.2536904], [33.1156411, 57.2539388], [33.1124842, 57.2540016], [33.1102508, 57.2543439], [33.1095121, 57.2543819], [33.1071088, 57.2540105], [33.1061011, 57.2537551], [33.1051353, 57.2533341], [33.1052555, 57.2526053], [33.10298, 57.2533349], [33.1024358, 57.2543495], [33.1013588, 57.2552748], [33.0999222, 57.2554912], [33.0950925, 57.254939], [33.0920026, 57.2561461], [33.0903377, 57.2566899], [33.089256, 57.2559604], [33.0895994, 57.2533605], [33.0879614, 57.2510935], [33.0867518, 57.2510014], [33.0830162, 57.2506955], [33.0821669, 57.2505609], [33.081288, 57.2503752], [33.0807745, 57.2502435], [33.0799727, 57.2500348], [33.0788946, 57.2497403], [33.078106, 57.2494256], [33.077193, 57.2489874], [33.0760796, 57.2485377], [33.0757403, 57.2489623], [33.0755401, 57.2489333], [33.0759234, 57.2483206], [33.0746408, 57.2478692], [33.0738856, 57.2477358], [33.0736566, 57.2476658], [33.0735021, 57.2476648], [33.073447, 57.24763], [33.0733931, 57.2475493], [33.0721222, 57.2471373], [33.0714642, 57.2468181], [33.0709163, 57.2465836], [33.0707336, 57.2465125], [33.0704805, 57.2465717], [33.0703856, 57.2465853], [33.0702505, 57.24653], [33.0702449, 57.2464692], [33.0705676, 57.2463097], [33.070192, 57.2457825], [33.0694234, 57.2451554], [33.0683893, 57.2447966], [33.0674437, 57.2446039], [33.0665495, 57.2445095], [33.0658196, 57.2445648], [33.0657294, 57.2444276], [33.0661957, 57.2441286], [33.0669784, 57.2437673], [33.0678309, 57.243336], [33.068565, 57.2429713], [33.0689168, 57.2427014], [33.0697193, 57.2425548], [33.0704727, 57.2425899], [33.0714687, 57.2427386], [33.0723844, 57.2430145], [33.0729061, 57.243045], [33.0736161, 57.2431269], [33.0740091, 57.2432485], [33.0744116, 57.2433623], [33.0746942, 57.2431283], [33.0748429, 57.2428658], [33.0750373, 57.242637], [33.0751461, 57.2420419], [33.0749439, 57.2416347], [33.0744693, 57.2413611], [33.0740811, 57.2409636], [33.0730895, 57.2416334], [33.0719149, 57.2413189], [33.0710691, 57.2403928], [33.0678063, 57.2387353], [33.0677516, 57.2386573], [33.0668818, 57.2374174], [33.0670157, 57.2370076], [33.0669728, 57.2369364], [33.0668262, 57.2368806], [33.0666076, 57.2368827], [33.0663425, 57.2368203], [33.066327, 57.2366609], [33.0663077, 57.2364702], [33.0664129, 57.2364191], [33.0664723, 57.2363708], [33.0674473, 57.2365801], [33.0678927, 57.2365306], [33.0683812, 57.2363789], [33.0691644, 57.236197], [33.069768, 57.2360966], [33.0702342, 57.2361577], [33.0716705, 57.2359437], [33.0720001, 57.2359717], [33.0721084, 57.2361093], [33.0724286, 57.2361756], [33.0722308, 57.2363845], [33.0722779, 57.2366929], [33.0719106, 57.2370828], [33.0717034, 57.2373861], [33.0717599, 57.2377658], [33.0720519, 57.2379365], [33.0723957, 57.2379722], [33.0731632, 57.2378015], [33.074138, 57.2378269], [33.0748303, 57.2380461], [33.0752494, 57.2383086], [33.0749245, 57.2387545], [33.0749527, 57.2389253], [33.0756685, 57.2391317], [33.0760123, 57.2393126], [33.0761065, 57.2395598], [33.0758239, 57.2396362], [33.0743311, 57.2393916], [33.0737236, 57.2394044], [33.0735164, 57.239491], [33.0733375, 57.239677], [33.0733045, 57.2399752], [33.0735747, 57.2402325], [33.0748915, 57.2406453], [33.0755319, 57.2411881], [33.075645, 57.2416952], [33.0759087, 57.2422634], [33.076276, 57.2427501], [33.0765416, 57.2429024], [33.076555, 57.24293], [33.0765496, 57.2429547], [33.0766313, 57.2429968], [33.0766958, 57.2430301], [33.0768125, 57.2430149], [33.0769319, 57.2430005], [33.0771821, 57.243022], [33.0788568, 57.2429606], [33.0822313, 57.2424313], [33.0851303, 57.2423518], [33.0862652, 57.2425378], [33.0864442, 57.2428181], [33.0882572, 57.2435468], [33.0890719, 57.2436844], [33.0895569, 57.2435086], [33.0897717, 57.2432945], [33.0913339, 57.2429099], [33.0913615, 57.2424881], [33.0913634, 57.2424597], [33.0913882, 57.2420816], [33.0909132, 57.2416256], [33.090524, 57.2412278], [33.0900033, 57.2408137], [33.088701, 57.2406696], [33.0874375, 57.2408006], [33.0865738, 57.2408515], [33.0856849, 57.2406199], [33.0846427, 57.2405099], [33.0829109, 57.2398602], [33.082451, 57.2398313], [33.0818216, 57.2398837], [33.0812261, 57.2395746], [33.080742, 57.239069], [33.0805096, 57.2390166], [33.0806742, 57.2388018], [33.0806438, 57.2385364], [33.0804709, 57.2382909], [33.0798173, 57.2379949], [33.0797786, 57.2378036], [33.0795172, 57.2374473], [33.0794494, 57.237188], [33.0796349, 57.237033], [33.0800836, 57.2367216], [33.0807856, 57.2363155], [33.0811971, 57.2361269], [33.0799239, 57.2359225], [33.079735, 57.2357522], [33.0795608, 57.2359199], [33.0788733, 57.2361269], [33.077847, 57.2360745], [33.0759831, 57.2365618], [33.075315, 57.2364832], [33.0753198, 57.2361557], [33.0756636, 57.236009], [33.0762231, 57.2359762], [33.077082, 57.235878], [33.0779099, 57.2356972], [33.0789131, 57.2352657], [33.0794204, 57.2352675], [33.0799075, 57.2351113], [33.0806602, 57.2349064], [33.0816005, 57.2348473], [33.0817527, 57.2346847], [33.0814749, 57.2344655], [33.0818921, 57.2339556], [33.081489, 57.2334409], [33.0809429, 57.2332846], [33.0806632, 57.2333389], [33.0804115, 57.2335741], [33.0803536, 57.2335205], [33.0798496, 57.233356], [33.0792004, 57.2333976], [33.0779995, 57.2331631], [33.077458, 57.2331631], [33.0773403, 57.2334588], [33.0765115, 57.233497], [33.0759934, 57.2334664], [33.0759322, 57.2337162], [33.0755696, 57.2338793], [33.0759746, 57.2344553], [33.0755319, 57.2345114], [33.0750234, 57.2343151], [33.074689, 57.2340093], [33.0742228, 57.2337646], [33.0741522, 57.2338181], [33.0741333, 57.2339405], [33.0743876, 57.2340756], [33.0742746, 57.2342412], [33.0739591, 57.2343253], [33.0734832, 57.234216], [33.0729835, 57.2340255], [33.0723486, 57.2338844], [33.0714561, 57.2338998], [33.0714067, 57.2338003], [33.0719347, 57.233736], [33.0721248, 57.233637], [33.0721952, 57.2334427], [33.0723359, 57.2333379], [33.0724767, 57.2330827], [33.0727118, 57.2329508], [33.0728181, 57.2326046], [33.0727671, 57.2323017], [33.0723853, 57.2319565], [33.0721125, 57.2319065], [33.0719048, 57.2318846], [33.0717394, 57.2319274], [33.0716247, 57.231884], [33.0712912, 57.2318485], [33.0708253, 57.2318079], [33.0706757, 57.2316014], [33.0704119, 57.2314829], [33.0703472, 57.2313158], [33.0700073, 57.2312444], [33.0689287, 57.2310518], [33.0687396, 57.2308525], [33.0681523, 57.2306612], [33.0676447, 57.2305723], [33.066923, 57.2308148], [33.0665646, 57.2306666], [33.0666692, 57.2303299], [33.068227, 57.2297615], [33.0688939, 57.229581], [33.0698445, 57.2290934], [33.0702676, 57.2291446], [33.0710539, 57.2287432], [33.071044, 57.2286192], [33.0713277, 57.22856], [33.0725719, 57.2277706], [33.0727312, 57.2277544], [33.0728457, 57.2276143], [33.0736171, 57.2274392], [33.0746474, 57.2269785], [33.075369, 57.2269651], [33.0760658, 57.2266256], [33.0776336, 57.2264182], [33.0785643, 57.2265582], [33.0789674, 57.2263912], [33.0793158, 57.2264128], [33.0795, 57.2266337], [33.079928, 57.2266687], [33.0816351, 57.2262161], [33.08274, 57.2256988], [33.0834338, 57.2255101], [33.084957, 57.2243946], [33.0855095, 57.2243162], [33.0861318, 57.2239793], [33.0867079, 57.223411], [33.0871886, 57.2226086], [33.0874767, 57.2218017], [33.0876017, 57.2216618], [33.087827, 57.2215282], [33.0887657, 57.2213133], [33.0925208, 57.2214469], [33.0954545, 57.221499], [33.0993792, 57.2211482], [33.1001713, 57.2211876], [33.1015263, 57.220999], [33.1024374, 57.2208077], [33.1026482, 57.2207651], [33.102876, 57.2206772], [33.1033289, 57.2204982], [33.1035767, 57.2203065], [33.1036046, 57.2202267], [33.1037036, 57.2201748], [33.1039226, 57.2201151], [33.1040791, 57.2200559], [33.1043006, 57.2199481], [33.1044307, 57.2197801], [33.1044933, 57.2196545], [33.1046424, 57.2195769], [33.1049147, 57.2195235], [33.1051618, 57.2195317], [33.1056796, 57.2193609], [33.1059011, 57.2191804], [33.1059785, 57.2191341], [33.1062933, 57.2191617], [33.1065641, 57.2191054], [33.1067613, 57.2189887], [33.1067786, 57.2188138], [33.1066662, 57.2186796], [33.1075079, 57.2182555], [33.1081144, 57.2181089], [33.1083725, 57.2178924], [33.1085875, 57.2178064], [33.1086865, 57.2177031], [33.1087746, 57.2175274], [33.108808, 57.2174609], [33.1087893, 57.2174115], [33.1089153, 57.2173984], [33.108969, 57.2173941], [33.1090548, 57.2173766], [33.1091138, 57.2173476], [33.1091245, 57.2172848], [33.109095, 57.2171689], [33.1090092, 57.2170455], [33.1087678, 57.2169438], [33.1085632, 57.2168419], [33.1083605, 57.2167512], [33.1081907, 57.2166831], [33.1081045, 57.2166586], [33.1079879, 57.2166584], [33.1079134, 57.2166449], [33.1078496, 57.2166262], [33.1078191, 57.2166118], [33.1078134, 57.2165917], [33.1078298, 57.2165706], [33.1078523, 57.2165382], [33.1079153, 57.2165243], [33.1079879, 57.2165444], [33.1083069, 57.2166188], [33.1084216, 57.2166827], [33.1086097, 57.2167698], [33.1088534, 57.2168609], [33.1090637, 57.216944], [33.1092157, 57.2170484], [33.1094038, 57.2172023], [33.109416, 57.217218], [33.1094578, 57.2172237], [33.1094878, 57.2172042], [33.1095354, 57.2171732], [33.11009, 57.2170436], [33.1108609, 57.2165113], [33.1109962, 57.2162959], [33.1120655, 57.215206], [33.113235, 57.2133585], [33.113587, 57.212311], [33.1141574, 57.2106133], [33.1142002, 57.2100995], [33.1142877, 57.2090496], [33.1143905, 57.2080161], [33.1124508, 57.206738], [33.1127176, 57.2063667], [33.1127564, 57.2061704], [33.1139471, 57.2052412], [33.1160961, 57.2049217], [33.1171996, 57.2041957], [33.1187094, 57.2042631], [33.1213576, 57.2039819], [33.1262407, 57.2030411], [33.133373, 57.2020684], [33.1379941, 57.2007444], [33.1383902, 57.200834], [33.1385919, 57.2009011], [33.1388804, 57.2008619], [33.1390034, 57.2008686], [33.1390332, 57.2008841], [33.1390344, 57.2009048], [33.1390059, 57.2009234], [33.1389798, 57.2009211], [33.1389034, 57.200908], [33.138824, 57.2009199], [33.1387568, 57.2009356], [33.1386827, 57.2009527], [33.1386351, 57.2009827], [33.1386229, 57.2010088], [33.1386406, 57.2010367], [33.1386749, 57.2010722], [33.138735, 57.2011024], [33.1387968, 57.2011261], [33.1389517, 57.2010891], [33.1390755, 57.2010549], [33.1391789, 57.2010503], [33.1393905, 57.2010109], [33.1395977, 57.2009416], [33.1403066, 57.2006479], [33.1406733, 57.2004495], [33.1411417, 57.2001992], [33.1412119, 57.2000287], [33.1411157, 57.1999079], [33.1409202, 57.1998051], [33.1409749, 57.1996667], [33.1410703, 57.1996081], [33.1411988, 57.1995718], [33.1415481, 57.1995612], [33.141882, 57.1995536], [33.1424711, 57.1994647], [33.1429536, 57.1992907], [33.1436178, 57.1988423], [33.1452177, 57.1967678], [33.1462476, 57.1939778], [33.1476209, 57.1913735], [33.1479642, 57.1890481], [33.1465145, 57.1890026], [33.1465163, 57.1875648], [33.1436932, 57.1859087], [33.1409293, 57.1842096], [33.1396054, 57.183554], [33.1388023, 57.1828566], [33.1381484, 57.1824141], [33.1377214, 57.1819527], [33.1378373, 57.1816134], [33.1377895, 57.1810781], [33.1374923, 57.1806754], [33.1377986, 57.180323], [33.1378008, 57.1801015], [33.1382299, 57.1798762], [33.1393184, 57.1797226], [33.1396821, 57.1795342], [33.141058, 57.1782732], [33.1419035, 57.1778717], [33.1429533, 57.1768103], [33.1433535, 57.1767624], [33.143656, 57.1765783], [33.1441646, 57.1765015], [33.1444543, 57.1763428], [33.1449478, 57.1762677], [33.14565, 57.1759165], [33.1458989, 57.1753329], [33.1474358, 57.1750991], [33.1484127, 57.1751023], [33.1488633, 57.1749921], [33.1492747, 57.1750261], [33.1506368, 57.1747269], [33.1509182, 57.1745372], [33.1512799, 57.1744643], [33.1514452, 57.1742934], [33.1519489, 57.1741668], [33.1526447, 57.1734814], [33.1532406, 57.1729506], [33.1531618, 57.1725403], [33.1536854, 57.1719293], [33.1531795, 57.1711092], [33.1534043, 57.1706994], [33.1534725, 57.1703696], [33.1536719, 57.1701483], [33.1533615, 57.1696144], [33.1538581, 57.1693866], [33.1541682, 57.1689245], [33.1549084, 57.1686915], [33.1555744, 57.1685215], [33.1559108, 57.1680886], [33.156436, 57.167633], [33.1569332, 57.1676372], [33.1572741, 57.1675402], [33.1576856, 57.1673583], [33.1578468, 57.1671676], [33.1581113, 57.167092], [33.1582475, 57.1671131], [33.1585042, 57.1670364], [33.1586386, 57.1668459], [33.1587923, 57.1666785], [33.1590911, 57.1665833], [33.1596613, 57.1665613], [33.1598078, 57.1666015], [33.1600494, 57.1665926], [33.1604566, 57.1667482], [33.1612593, 57.1668716], [33.1612991, 57.1669389], [33.16143, 57.1668538], [33.1616333, 57.1667897], [33.161765, 57.1668314], [33.1619407, 57.1668478], [33.1621131, 57.1670572], [33.1625104, 57.1671551], [33.1627037, 57.1671814], [33.1625782, 57.1672434], [33.1627558, 57.167351], [33.1636291, 57.1672859], [33.164676, 57.1671854], [33.1647908, 57.1670977], [33.1654369, 57.1670891], [33.165994, 57.1669681], [33.1661794, 57.1668299], [33.1662695, 57.1668123], [33.1667021, 57.166859], [33.1670658, 57.1668648], [33.1673445, 57.1670252], [33.1675331, 57.1670196], [33.1677814, 57.1671153], [33.1678742, 57.1670599], [33.1678716, 57.1669694], [33.1679603, 57.166929], [33.1681408, 57.1669592], [33.1683822, 57.167069], [33.1686392, 57.1672605], [33.1693725, 57.1675321], [33.1697148, 57.1676224], [33.1700927, 57.1678137], [33.1706125, 57.1679272], [33.1710655, 57.168046], [33.17158, 57.1682493], [33.1717119, 57.1682291], [33.1718635, 57.168267], [33.1725252, 57.1685742], [33.1730101, 57.1688846], [33.171174, 57.1707166], [33.1718094, 57.1718283], [33.1724794, 57.1719663], [33.1730304, 57.1720343], [33.1734194, 57.1720423], [33.1742234, 57.1720083], [33.1744534, 57.1718733], [33.1745244, 57.1716133], [33.1745054, 57.1713093], [33.1746444, 57.1710833], [33.1750554, 57.1708473], [33.1752254, 57.1708293], [33.1754014, 57.1708943], [33.1755144, 57.1709693], [33.1753354, 57.1711763], [33.1751094, 57.1713573], [33.1750274, 57.1717223], [33.1751384, 57.1719153], [33.1753834, 57.1721333], [33.1758434, 57.1723393], [33.1763604, 57.1724723], [33.1766874, 57.1725433], [33.1775534, 57.1726993], [33.1779064, 57.1727933], [33.1781394, 57.1729603], [33.1782024, 57.1732013], [33.1782054, 57.1733803], [33.1784264, 57.1735223], [33.1786734, 57.1735553], [33.1789694, 57.1736193], [33.1791714, 57.1738873], [33.1793454, 57.1740953], [33.1798754, 57.1742243], [33.1803134, 57.1742283], [33.1809774, 57.1741553], [33.1814724, 57.1740713], [33.1821304, 57.1739353], [33.1823864, 57.1738313], [33.1826244, 57.1738003], [33.1827524, 57.1738113], [33.1829474, 57.1738283], [33.1833414, 57.1740423], [33.1837814, 57.1743133], [33.1840424, 57.1744023], [33.1846004, 57.1745443], [33.1850454, 57.1746793], [33.1854734, 57.1747383], [33.1859424, 57.1748263], [33.1864124, 57.1748553], [33.1869214, 57.1747228], [33.1873414, 57.1744335], [33.1877485, 57.1739809], [33.1881047, 57.1737608], [33.1906282, 57.1739532], [33.1923767, 57.1733875], [33.1906047, 57.1725642], [33.1894044, 57.1723463], [33.1893654, 57.1723053], [33.1894714, 57.1722363], [33.1894264, 57.1721883], [33.1893434, 57.1721853], [33.1890034, 57.1722633], [33.1887114, 57.1722163], [33.1885144, 57.1721523], [33.1882914, 57.1720573], [33.1881704, 57.1720583], [33.1875394, 57.1721473], [33.1870214, 57.1722283], [33.1865294, 57.1723383], [33.1861384, 57.1723863], [33.1856824, 57.1723593], [33.1853094, 57.1723893], [33.1845834, 57.1724583], [33.1841294, 57.1725383], [33.1837194, 57.1726593], [33.1835564, 57.1727483], [33.1834434, 57.1728503], [33.1833574, 57.1729263], [33.1832894, 57.1729713], [33.1832204, 57.1730913], [33.1831864, 57.1731613], [33.1831274, 57.1732003], [33.1830534, 57.1732333], [33.1829314, 57.1732313], [33.1828064, 57.1732293], [33.1825454, 57.1731943], [33.1823064, 57.1730283], [33.1822204, 57.1729063], [33.1822024, 57.1728063], [33.1822204, 57.1727053], [33.1822804, 57.1725633], [33.1823414, 57.1723943], [33.1822164, 57.1723563], [33.1821564, 57.1723203], [33.1821644, 57.1722523], [33.1822544, 57.1721923], [33.1824014, 57.1721613], [33.1824294, 57.1720513], [33.1823764, 57.1719403], [33.1822934, 57.1717633], [33.1820944, 57.1717253], [33.1818674, 57.1716813], [33.1816284, 57.1715873], [33.1813814, 57.1715053], [33.1813434, 57.1714553], [33.1813794, 57.1713883], [33.1813554, 57.1713803], [33.1811314, 57.1714763], [33.1810234, 57.1714763], [33.1809034, 57.1714323], [33.1808104, 57.1713653], [33.1807464, 57.1712583], [33.1807634, 57.1712323], [33.1806934, 57.1712113], [33.1805864, 57.1712213], [33.1805374, 57.1711973], [33.1805154, 57.1711183], [33.1803984, 57.1710153], [33.1802704, 57.1709423], [33.1801714, 57.1709463], [33.1796944, 57.1711303], [33.1795844, 57.1711813], [33.1795064, 57.1712163], [33.1794014, 57.1712433], [33.1792194, 57.1712453], [33.1790564, 57.1712273], [33.1788774, 57.1711933], [33.1786504, 57.1711773], [33.1785034, 57.1711973], [33.1783304, 57.1712093], [33.1781784, 57.1711963], [33.1779374, 57.1712253], [33.1776354, 57.1712123], [33.1774924, 57.1711993], [33.1772934, 57.1711433], [33.1771454, 57.1710893], [33.1770614, 57.1710273], [33.1770024, 57.1709663], [33.1768584, 57.1708653], [33.1767814, 57.1707533], [33.1766464, 57.1706293], [33.1765854, 57.1704663], [33.1766024, 57.1703883], [33.1766794, 57.1702843], [33.1767924, 57.1702033], [33.1768564, 57.1701893], [33.1770004, 57.1702353], [33.1771114, 57.1702463], [33.1771704, 57.1702353], [33.1771814, 57.1702113], [33.1771674, 57.1701903], [33.1770704, 57.1701523], [33.1769674, 57.1701103], [33.1769664, 57.1700713], [33.1769764, 57.1700373], [33.1772244, 57.1699933], [33.1774194, 57.1699973], [33.1774764, 57.1699753], [33.1775554, 57.1698663], [33.1779638, 57.16922], [33.177829, 57.1690212], [33.1776472, 57.1689716], [33.1773085, 57.1688791], [33.1772396, 57.1686389], [33.1766369, 57.1684853], [33.1760513, 57.1681799], [33.1757004, 57.1680303], [33.1756964, 57.1679583], [33.1758054, 57.1678733], [33.1762654, 57.1676433], [33.1768404, 57.1674943], [33.1771214, 57.1673963], [33.1772904, 57.1673103], [33.1774854, 57.1671683], [33.1776265, 57.1670646], [33.177579, 57.1665407], [33.1771513, 57.166253], [33.1759315, 57.1659051], [33.1753929, 57.1656303], [33.1753692, 57.1654198], [33.1746801, 57.1650677], [33.1733315, 57.1648228], [33.1727554, 57.1649131], [33.1720901, 57.1651278], [33.1718525, 57.1653297], [33.1716703, 57.1656603], [33.172098, 57.1659781], [33.1721456, 57.1661327], [33.1719238, 57.1661886], [33.1715357, 57.1660511], [33.1712664, 57.1656904], [33.1709417, 57.1656517], [33.1707278, 57.165291], [33.1707912, 57.1650419], [33.1710367, 57.1647112], [33.1718129, 57.1644536], [33.1719079, 57.1640799], [33.1715515, 57.1636805], [33.1719872, 57.1627442], [33.1725337, 57.1626712], [33.1726366, 57.1623448], [33.1723753, 57.1618638], [33.1727079, 57.1611207], [33.1726921, 57.1607256], [33.1722723, 57.1604679], [33.1731831, 57.1596862], [33.1732386, 57.1593039], [33.173001, 57.1591578], [33.1730326, 57.1587455], [33.1737059, 57.1583976], [33.1743158, 57.1584104], [33.1744583, 57.1581355], [33.1743474, 57.1578692], [33.1749731, 57.1575127], [33.1758761, 57.1573667], [33.176672, 57.157035], [33.1781436, 57.1564249], [33.1787291, 57.1557731], [33.1793531, 57.1556185], [33.1796536, 57.1552592], [33.1802699, 57.155021], [33.1809171, 57.1544151], [33.1815026, 57.1540975], [33.1815257, 57.1534958], [33.1818339, 57.1532618], [33.1813639, 57.1525806], [33.1817029, 57.1521377], [33.1817106, 57.1516947], [33.1823963, 57.150955], [33.1824425, 57.1506834], [33.1822114, 57.1492876], [33.1824271, 57.1487526], [33.1829433, 57.1486189], [33.1830897, 57.1482135], [33.182458, 57.1475991], [33.1825658, 57.147223], [33.1836213, 57.1462784], [33.1834672, 57.1457769], [33.183837, 57.1452544], [33.1839526, 57.1447654], [33.1832361, 57.1439503], [33.1822808, 57.1436786], [33.182612, 57.1429806], [33.1828046, 57.1425166], [33.1823501, 57.1424205], [33.1821575, 57.142224], [33.1825196, 57.1414549], [33.1825966, 57.1412083], [33.1820342, 57.1408571], [33.1820419, 57.1402301], [33.1823809, 57.1401381], [33.1840913, 57.1398706], [33.1851265, 57.13961], [33.185478, 57.1392979], [33.1854241, 57.1389677], [33.1856706, 57.1383991], [33.1863563, 57.1382653], [33.1873964, 57.1382904], [33.187797, 57.1381441], [33.1882593, 57.1375797], [33.1882053, 57.1371032], [33.1883132, 57.1365931], [33.1881052, 57.1359577], [33.1887755, 57.1350337], [33.1894072, 57.1341097], [33.1893852, 57.1335169], [33.1890682, 57.1327718], [33.1880282, 57.1319941], [33.1862447, 57.131332], [33.1855936, 57.1313252], [33.185139, 57.1314297], [33.1845073, 57.1319523], [33.1842453, 57.1319523], [33.1831051, 57.1326757], [33.1813794, 57.1322701], [33.1810327, 57.1320652], [33.1803855, 57.1319607], [33.1793071, 57.1310508], [33.1792962, 57.1307108], [33.178904, 57.130424], [33.1788005, 57.1300928], [33.1789203, 57.1299332], [33.1792145, 57.1298563], [33.1794106, 57.1299302], [33.1794488, 57.1300839], [33.1794542, 57.1304269], [33.1796667, 57.1305008], [33.1803095, 57.1304535], [33.1804784, 57.1306014], [33.1804185, 57.1310596], [33.1809142, 57.1312282], [33.1820365, 57.1311572], [33.1826085, 57.1309502], [33.1827882, 57.1307137], [33.182238, 57.1304713], [33.181873, 57.1300363], [33.181922, 57.1293566], [33.1825213, 57.1281857], [33.1823306, 57.12789], [33.1818567, 57.1277156], [33.1814535, 57.1273578], [33.1806909, 57.1272129], [33.1796558, 57.1271242], [33.1789312, 57.1269172], [33.1786371, 57.1270444], [33.178125, 57.1270562], [33.1777, 57.1267812], [33.1772642, 57.1267132], [33.1770953, 57.1267901], [33.1764797, 57.126864], [33.1757497, 57.1271124], [33.1752159, 57.1270266], [33.1749239, 57.1272484], [33.1742757, 57.1272425], [33.1739107, 57.1270976], [33.1737854, 57.1269616], [33.1735239, 57.1269497], [33.1732733, 57.1267634], [33.173306, 57.12666], [33.1757466, 57.1258645], [33.1758882, 57.1257729], [33.1755455, 57.1250278], [33.1752648, 57.12482], [33.1746085, 57.1245868], [33.1742277, 57.1242432], [33.1750286, 57.1235197], [33.1749727, 57.1233774], [33.1747373, 57.1232248], [33.1748173, 57.1228899], [33.1746309, 57.1222367], [33.1745668, 57.1218928], [33.1745973, 57.1218445], [33.1751686, 57.1219388], [33.1759527, 57.1218506], [33.1767311, 57.1220543], [33.1775768, 57.1220817], [33.1786129, 57.1221881], [33.1796602, 57.1221668], [33.1798619, 57.1222975], [33.1797386, 57.1225468], [33.1791954, 57.1230272], [33.1791954, 57.1232005], [33.1798451, 57.1236291], [33.1802203, 57.1236626], [33.1807299, 57.1239879], [33.1819397, 57.1244682], [33.1826677, 57.1246749], [33.1831326, 57.1247388], [33.1835974, 57.1247175], [33.1839447, 57.1246202], [33.1840959, 57.1244804], [33.1840959, 57.124228], [33.1845887, 57.1240517], [33.1851768, 57.1236778], [33.1851208, 57.1232886], [33.1852776, 57.1230241], [33.1858545, 57.1228083], [33.1862745, 57.1228083], [33.186885, 57.1224647], [33.1872378, 57.1223522], [33.1878931, 57.12241], [33.1887052, 57.1223522], [33.1897973, 57.1219479], [33.1903853, 57.1220148], [33.1906094, 57.1218658], [33.1913374, 57.1218384], [33.1916063, 57.1217411], [33.1917015, 57.1215253], [33.1921127, 57.1211441], [33.1925842, 57.1206987], [33.1934554, 57.1202344], [33.1945564, 57.1201656], [33.1955306, 57.1198646], [33.1957127, 57.1194862], [33.1964097, 57.1191594], [33.1963465, 57.1190752], [33.1966951, 57.1190461], [33.1970841, 57.1187417], [33.1969446, 57.1186646], [33.1964484, 57.1189587], [33.1964993, 57.1190097], [33.1963518, 57.1190228], [33.1961507, 57.1189776], [33.1969649, 57.1185609], [33.197673, 57.1179769], [33.1976651, 57.1176587], [33.1975542, 57.1173405], [33.1977087, 57.1172437], [33.1979225, 57.1172566], [33.1985799, 57.1175985], [33.1994235, 57.1175899], [33.2003105, 57.1176802], [33.200663, 57.1177855], [33.2006472, 57.117878], [33.2003224, 57.1179489], [33.199871, 57.1179145], [33.1997244, 57.1181919], [33.2006868, 57.1185767], [33.2022154, 57.1188648], [33.2035025, 57.1189487], [33.2053471, 57.1188155], [33.2054701, 57.1188066], [33.2068895, 57.1188786], [33.2070619, 57.1188874], [33.2075071, 57.118966], [33.2078236, 57.118966], [33.2080758, 57.1190271], [33.2093849, 57.1191076], [33.2097334, 57.1190985], [33.2100365, 57.1190621], [33.2102014, 57.1189689], [33.2102671, 57.1189704], [33.2102779, 57.1189856], [33.2102349, 57.1190359], [33.2102792, 57.1190934], [33.2103047, 57.1191302], [33.2103483, 57.1191422], [33.2104482, 57.1191145], [33.2105461, 57.1190869], [33.2105327, 57.1190526], [33.2104844, 57.1189995], [33.2104388, 57.1189609], [33.2104602, 57.1189354], [33.210617, 57.1189313], [33.2110772, 57.1187199], [33.2113427, 57.1185757], [33.2116587, 57.1183809], [33.2117563, 57.1183227], [33.211796, 57.1182991], [33.2121349, 57.1182163], [33.2134341, 57.11839], [33.2140894, 57.1181802], [33.2143682, 57.1180617], [33.2146861, 57.1177571], [33.2153863, 57.1169843], [33.2161793, 57.1156093], [33.2161678, 57.1154344], [33.2163912, 57.1147503], [33.2173041, 57.11406], [33.2181498, 57.1134518], [33.2196731, 57.1128071], [33.2198692, 57.1128983], [33.219886, 57.1130352], [33.2210901, 57.113613], [33.2233471, 57.1141968], [33.2246577, 57.114355], [33.2256882, 57.1142029], [33.2276932, 57.1143215], [33.2301854, 57.1143154], [33.230837, 57.1141032], [33.2310927, 57.1137103], [33.2309284, 57.1127755], [33.2319642, 57.1122672], [33.2333857, 57.1114615], [33.2345236, 57.1108455], [33.2344904, 57.1103912], [33.233614, 57.109598], [33.2328438, 57.1089851], [33.2325013, 57.1085161], [33.2326778, 57.1082135], [33.2335343, 57.1081017], [33.234112, 57.108127], [33.2343578, 57.1079489], [33.2340932, 57.1073513], [33.2337711, 57.1069968], [33.2338592, 57.1067617], [33.234635, 57.1065647], [33.2351278, 57.1064143], [33.2355594, 57.1060501], [33.235622, 57.1058626], [33.2354677, 57.1056701], [33.2350813, 57.1055777], [33.235088, 57.105484], [33.2356258, 57.105145], [33.2355594, 57.1047592], [33.2358515, 57.1041209], [33.235659, 57.103562], [33.2361702, 57.1031798], [33.2374649, 57.1026208], [33.2389588, 57.1021953], [33.2397423, 57.101813], [33.2410363, 57.1006602], [33.2409042, 57.1003994], [33.2411963, 57.1002587], [33.2416544, 57.1004138], [33.2424777, 57.1004931], [33.2434537, 57.1003669], [33.2447379, 57.0995696], [33.2450007, 57.0995951], [33.2451534, 57.0997141], [33.2451136, 57.100183], [33.2450074, 57.1006085], [33.2454224, 57.1007005], [33.2459701, 57.1004967], [33.2463353, 57.100558], [33.2468531, 57.1009619], [33.2478291, 57.1010701], [33.249351, 57.1004327], [33.2513359, 57.1000774], [33.2526295, 57.0997863], [33.2535544, 57.0993417], [33.2548205, 57.0985565], [33.2549408, 57.0981193], [33.2566198, 57.0959741], [33.2571643, 57.0957649], [33.2572528, 57.0953655], [33.2578083, 57.0947153], [33.2584191, 57.0934529], [33.2584155, 57.0925753], [33.2581942, 57.0922461], [33.2581794, 57.0913454], [33.2584062, 57.0901871], [33.2582343, 57.0897555], [33.257187, 57.0884483], [33.2563801, 57.0877982], [33.2563126, 57.0876671], [33.2566023, 57.0871017], [33.2565111, 57.0866994], [33.2565111, 57.086507], [33.2563153, 57.0862126], [33.2561731, 57.0858905], [33.2561249, 57.0858162], [33.2561678, 57.0857127], [33.2561463, 57.0856398], [33.2560873, 57.0853921], [33.2560927, 57.0852682], [33.2563582, 57.0854198], [33.2563582, 57.0854708], [33.2565191, 57.085516], [33.2567739, 57.0856267], [33.2571119, 57.0857506], [33.2575062, 57.0858978], [33.257769, 57.0859678], [33.2579595, 57.0859809], [33.2581048, 57.0859934], [33.2586729, 57.0860421], [33.259078, 57.086045], [33.2594454, 57.0860304], [33.2595554, 57.0859765], [33.2602742, 57.0859328], [33.2603896, 57.0859576], [33.2605129, 57.0859226], [33.2607543, 57.0859109], [33.2609689, 57.0858672], [33.2611138, 57.0858147], [33.261272, 57.0858905], [33.2613525, 57.085822], [33.2615617, 57.0858322], [33.2616985, 57.0858133], [33.2618567, 57.0857433], [33.2620525, 57.085736], [33.2622778, 57.0856792], [33.2626192, 57.0856777], [33.2629672, 57.0856267], [33.2632488, 57.0856705], [33.2634634, 57.0856296], [33.2639086, 57.085599], [33.2640347, 57.0855495], [33.2647133, 57.0853323], [33.2651558, 57.0850816], [33.26518, 57.0850175], [33.2654348, 57.0849024], [33.2665506, 57.0846867], [33.2677227, 57.084366], [33.2680231, 57.0841488], [33.2684293, 57.0839851], [33.2686347, 57.0838836], [33.2687835, 57.0838216], [33.2688895, 57.0837189], [33.2690276, 57.0837276], [33.269147, 57.0836751], [33.2691202, 57.0836008], [33.2693979, 57.0834155], [33.2705953, 57.0828273], [33.270708, 57.0827831], [33.2708126, 57.0822919], [33.2711238, 57.0823779], [33.2711908, 57.0823327], [33.2709092, 57.082168], [33.2712756, 57.0821957], [33.2713357, 57.0820732], [33.2713383, 57.0819377], [33.2710916, 57.0818182], [33.2711729, 57.0815367], [33.2718587, 57.0812541], [33.2719822, 57.0807616], [33.2720585, 57.0805281], [33.2720599, 57.0802935], [33.2718399, 57.0800602], [33.2718895, 57.0799859], [33.271978, 57.0797002], [33.271974, 57.0796171], [33.2717898, 57.0795218], [33.2717675, 57.0795099], [33.2717911, 57.0795003], [33.271999, 57.0794207], [33.2719638, 57.0792345], [33.2719404, 57.0790788], [33.2720169, 57.0790223], [33.2718748, 57.0789815], [33.2717729, 57.0788372], [33.2718882, 57.0787563], [33.2713412, 57.0776852], [33.2708341, 57.0772512], [33.2707643, 57.077085], [33.2708931, 57.0768459], [33.2709947, 57.0761572], [33.2711506, 57.0759267], [33.2718442, 57.0753974], [33.2730491, 57.0749393], [33.274557, 57.0746766], [33.2754947, 57.0744235], [33.2763326, 57.0740818], [33.2780117, 57.0728571], [33.2788956, 57.0721695], [33.2795074, 57.0715623], [33.2787728, 57.0707701], [33.2794772, 57.0702391], [33.2805084, 57.0700586], [33.2814369, 57.0694001], [33.2815833, 57.0692536], [33.2831501, 57.0687673], [33.2835619, 57.067996], [33.284895, 57.0669618], [33.2840735, 57.0652677], [33.2844665, 57.0643356], [33.2850938, 57.0641545], [33.2854936, 57.064108], [33.2857977, 57.0640597], [33.2859686, 57.0640077], [33.2866793, 57.0638256], [33.2870552, 57.0636566], [33.2873628, 57.0635018], [33.2882309, 57.0630296], [33.288545, 57.0628825], [33.2888205, 57.062667], [33.288951, 57.0626696], [33.2890689, 57.0626095], [33.2894687, 57.0619056], [33.2894497, 57.061005], [33.2889738, 57.0604667], [33.289107, 57.0597421], [33.2904178, 57.0596606], [33.2910517, 57.0601333], [33.2909374, 57.0604952], [33.2905072, 57.0606268], [33.2933723, 57.0608727], [33.2952264, 57.0601552], [33.2957962, 57.0594017], [33.2964439, 57.0575859], [33.2968688, 57.0571241], [33.2968621, 57.0567324], [33.2962596, 57.0565195], [33.2954371, 57.0566271], [33.2949104, 57.0565216], [33.2945267, 57.0562543], [33.2943557, 57.0557409], [33.2949623, 57.0554379], [33.2961934, 57.0549698], [33.2965776, 57.05537], [33.2969337, 57.0556568], [33.2973238, 57.0558014], [33.2977742, 57.0558123], [33.298144, 57.0557904], [33.2984599, 57.0556881], [33.3000331, 57.0551748], [33.3004565, 57.0548947], [33.3007388, 57.0546717], [33.3009809, 57.0543719], [33.3009658, 57.0540677], [33.3010682, 57.0536297], [33.3009943, 57.0534433], [33.3010082, 57.0532022], [33.3011019, 57.0531216], [33.3014514, 57.0530484], [33.301801, 57.0530813], [33.3021102, 57.0531727], [33.3023993, 57.0532093], [33.3025845, 57.0531568], [33.3030266, 57.0530426], [33.3034354, 57.0528617], [33.3038157, 57.0526445], [33.3042408, 57.0525148], [33.305326, 57.0516554], [33.3060369, 57.0507397], [33.306839, 57.0499143], [33.30759, 57.0492886], [33.3081414, 57.0486836], [33.3083316, 57.0481613], [33.3086765, 57.0477231], [33.3099529, 57.0455198], [33.3105166, 57.0446637], [33.3105166, 57.0443947], [33.3100759, 57.0443538], [33.3092142, 57.0450671], [33.3085868, 57.045428], [33.308235, 57.0454705], [33.3077994, 57.0454231], [33.3077406, 57.0450981], [33.3079728, 57.0447733], [33.3090945, 57.0440614], [33.3093515, 57.0428919], [33.3102419, 57.0424336], [33.3108003, 57.0425232], [33.3105547, 57.0432207], [33.3108966, 57.0437167], [33.3119427, 57.0435621], [33.3127135, 57.0432024], [33.3131976, 57.0428535], [33.3135898, 57.0424194], [33.3138346, 57.0420208], [33.3139392, 57.0416174], [33.3139487, 57.0412037], [33.3137776, 57.0407847], [33.313692, 57.0400089], [33.3136825, 57.0396054], [33.3133626, 57.0392231], [33.3134852, 57.0387313], [33.3136825, 57.0382554], [33.3130082, 57.0372597], [33.3123699, 57.0365612], [33.311474, 57.0375438], [33.310916, 57.0382022], [33.3100652, 57.0385709], [33.3090606, 57.0389922], [33.3084892, 57.0391093], [33.3080267, 57.0390733], [33.3077382, 57.0389665], [33.3077766, 57.0388349], [33.3087228, 57.037692], [33.3096791, 57.0369623], [33.3101967, 57.0364538], [33.3101674, 57.0359634], [33.3091547, 57.03596], [33.3086909, 57.0358686], [33.3085599, 57.0356565], [33.308543, 57.0354406], [33.3086505, 57.0352175], [33.3087447, 57.0349944], [33.3089262, 57.0347566], [33.3092488, 57.034464], [33.3095312, 57.0341347], [33.3095245, 57.0339116], [33.3091858, 57.0338165], [33.3075043, 57.0341161], [33.3065821, 57.0341368], [33.3057968, 57.0338177], [33.3066201, 57.0337592], [33.307219, 57.0336143], [33.3084455, 57.0331487], [33.3092916, 57.0325279], [33.3091836, 57.0323691], [33.3083124, 57.0322072], [33.3077514, 57.0318606], [33.3069201, 57.031813], [33.3068007, 57.0313846], [33.3083884, 57.0313949], [33.3092223, 57.03123], [33.3100019, 57.0313232], [33.3100776, 57.030939], [33.3097027, 57.0306564], [33.3086225, 57.0306512], [33.3080356, 57.0303407], [33.3080236, 57.0298609], [33.3092984, 57.0295227], [33.3102882, 57.029499], [33.3123407, 57.0298021], [33.3135195, 57.0299884], [33.3144572, 57.0299601], [33.3161305, 57.0295237], [33.3168185, 57.0292019], [33.317113, 57.0284798], [33.3171666, 57.0277294], [33.3179118, 57.0271582], [33.3184555, 57.0264365], [33.3179973, 57.0261027], [33.3174971, 57.025923], [33.3166309, 57.0254951], [33.3164543, 57.025131], [33.3142991, 57.0252184], [33.3136307, 57.0253121], [33.3109759, 57.0266252], [33.3080687, 57.0281814], [33.3070204, 57.029339], [33.3072289, 57.0304443], [33.3064889, 57.0313699], [33.3050458, 57.0323486], [33.3042567, 57.0330366], [33.3038194, 57.0332384], [33.3033601, 57.0331727], [33.3030398, 57.0328504], [33.302806, 57.0324492], [33.3030208, 57.0318261], [33.3034142, 57.0312238], [33.3031729, 57.0304137], [33.3031634, 57.0298704], [33.3026336, 57.0295517], [33.3020511, 57.0294358], [33.3013571, 57.0295755], [33.3010909, 57.0293065], [33.3013571, 57.0289547], [33.3010624, 57.0286235], [33.3003398, 57.0284942], [33.2995727, 57.0286787], [33.2986381, 57.0288719], [33.2976845, 57.0291684], [33.296575, 57.0294203], [33.2959476, 57.0292858], [33.2954437, 57.0295523], [33.2950312, 57.0300162], [33.2942093, 57.0302399], [33.29233, 57.0303256], [33.2920592, 57.0299843], [33.2914643, 57.0295779], [33.2912013, 57.0298015], [33.2897564, 57.0299319], [33.2893417, 57.0301185], [33.289161, 57.0304393], [33.288333, 57.0307958], [33.2880794, 57.0317171], [33.2880867, 57.0322682], [33.2884655, 57.0327773], [33.2874498, 57.0333416], [33.2870367, 57.0336097], [33.2865001, 57.033958], [33.2867777, 57.0342637], [33.2866464, 57.0346608], [33.2865518, 57.0350719], [33.2871317, 57.0355336], [33.2872786, 57.0357756], [33.2872767, 57.0359955], [33.2870838, 57.0362179], [33.2869602, 57.0363239], [33.2867657, 57.0363216], [33.2864088, 57.0363006], [33.2860855, 57.0361222], [33.2857528, 57.0358946], [33.2851396, 57.0355143], [33.2848116, 57.0352997], [33.2845406, 57.0350203], [33.284341, 57.034741], [33.2840994, 57.034516], [33.2838371, 57.0342547], [33.2835804, 57.0339417], [33.2834426, 57.0337736], [33.2830093, 57.0338257], [33.2819262, 57.0341176], [33.2815792, 57.0344202], [33.2813177, 57.034756], [33.2796017, 57.0349712], [33.27867, 57.0351936], [33.2782279, 57.0353514], [33.277805, 57.0355651], [33.2774436, 57.0356514], [33.2770443, 57.0356281], [33.2761079, 57.0354212], [33.2757867, 57.0352121], [33.2760746, 57.0348522], [33.2766103, 57.0348446], [33.2771917, 57.0347901], [33.2776337, 57.0346841], [33.2786576, 57.0342901], [33.2798394, 57.0338124], [33.280971, 57.0332572], [33.2814556, 57.0329898], [33.2817693, 57.0326872], [33.2817598, 57.032382], [33.2815308, 57.0321876], [33.2810373, 57.0321673], [33.2808091, 57.0322733], [33.2804431, 57.0322501], [33.2802244, 57.0321776], [33.28014, 57.0320344], [33.2798014, 57.0318388], [33.2792984, 57.0315065], [33.2788459, 57.0314663], [33.278361, 57.0313473], [33.2778809, 57.0312283], [33.2774124, 57.031066], [33.2768032, 57.0309341], [33.2763021, 57.0312344], [33.2764329, 57.0316671], [33.2763262, 57.0319069], [33.2762608, 57.0321992], [33.2762044, 57.0323328], [33.276154, 57.0325008], [33.2759372, 57.0326095], [33.2755137, 57.0327294], [33.2750007, 57.0328006], [33.2746876, 57.032916], [33.2740547, 57.0331491], [33.2736103, 57.0334261], [33.2733229, 57.0338862], [33.2728146, 57.0342786], [33.27183, 57.0349917], [33.2715439, 57.0354036], [33.2713761, 57.0356486], [33.2712591, 57.0358194], [33.2715064, 57.0360107], [33.2717733, 57.0361432], [33.2720003, 57.0361451], [33.2721958, 57.0360793], [33.2724624, 57.0359997], [33.2727946, 57.0360174], [33.2729564, 57.0361195], [33.2730165, 57.0362647], [33.2729831, 57.0364136], [33.2731032, 57.0365371], [33.2732367, 57.0366605], [33.2734836, 57.0366787], [33.2737306, 57.0366424], [33.273899, 57.0365903], [33.2748318, 57.0361776], [33.275644, 57.0357061], [33.2764136, 57.0358253], [33.2769943, 57.0360292], [33.2773213, 57.0362756], [33.2773546, 57.0365843], [33.277655, 57.0370963], [33.2775081, 57.037572], [33.2776341, 57.0380115], [33.2777284, 57.0383418], [33.2780754, 57.0385888], [33.2782933, 57.0386625], [33.2783758, 57.0386904], [33.2787162, 57.0386687], [33.2795853, 57.0383118], [33.2799509, 57.0382075], [33.2802379, 57.0384072], [33.2805983, 57.0385125], [33.281259, 57.0383455], [33.2815776, 57.0380888], [33.2815561, 57.037845], [33.2816647, 57.0376011], [33.2816899, 57.0372791], [33.2815986, 57.0371004], [33.2813532, 57.0369078], [33.2813985, 57.0366043], [33.2815609, 57.036425], [33.2818301, 57.0362879], [33.2821438, 57.0361681], [33.2824632, 57.0360795], [33.2826177, 57.0364877], [33.2827545, 57.0369272], [33.2830167, 57.0370705], [33.2835578, 57.0371931], [33.2839144, 57.0373374], [33.2840879, 57.0374028], [33.284465, 57.0374227], [33.2846953, 57.0374282], [33.2849589, 57.0374645], [33.2853494, 57.0374541], [33.2857832, 57.0373192], [33.2862504, 57.0372503], [33.2871847, 57.0370796], [33.2878722, 57.0369198], [33.2880057, 57.0367546], [33.2880057, 57.0366547], [33.2879623, 57.0365875], [33.2881525, 57.0364986], [33.2884486, 57.0365031], [33.2885229, 57.0365621], [33.2886531, 57.036671], [33.2887031, 57.0368272], [33.2884219, 57.0370396], [33.2880014, 57.0374246], [33.287928, 57.0376533], [33.2879013, 57.0380056], [33.287641, 57.0382997], [33.287334, 57.0385394], [33.2874141, 57.0388952], [33.2873751, 57.0392509], [33.2873807, 57.0395416], [33.2872806, 57.0398321], [33.287027, 57.0403041], [33.2869869, 57.040551], [33.2870603, 57.0408379], [33.2873607, 57.0411102], [33.2873807, 57.0414842], [33.2874207, 57.0418836], [33.2873874, 57.0422866], [33.2871405, 57.0427678], [33.2873177, 57.0432647], [33.28753, 57.0436318], [33.2874545, 57.0437833], [33.2875279, 57.0439969], [33.2880397, 57.0444379], [33.2880397, 57.0446151], [33.2883535, 57.0448853], [33.288606, 57.0451876], [33.2888373, 57.0453955], [33.2893611, 57.0456009], [33.2896443, 57.0455881], [33.2898378, 57.0454725], [33.2898803, 57.0452081], [33.2900419, 57.0449619], [33.2902931, 57.0447213], [33.2904332, 57.0444417], [33.2903598, 57.0442965], [33.2904266, 57.0441404], [33.29048, 57.0439806], [33.2906366, 57.0438366], [33.2909605, 57.0437664], [33.2913005, 57.0437764], [33.2916279, 57.0437882], [33.2919483, 57.0438898], [33.2922419, 57.0439988], [33.2924786, 57.0441706], [33.2926958, 57.0444635], [33.2927653, 57.0447507], [33.292649, 57.0449718], [33.2926285, 57.0451897], [33.2926898, 57.0452949], [33.2927882, 57.045442], [33.2929399, 57.0456158], [33.293124, 57.0457391], [33.29336, 57.0459239], [33.2936007, 57.0460985], [33.2936984, 57.0462857], [33.2936856, 57.0464116], [33.2935334, 57.0465349], [33.2932503, 57.0466324], [33.2928146, 57.0466532], [33.292448, 57.0465965], [33.2915133, 57.0467804], [33.2914947, 57.0470637], [33.2913814, 57.0473307], [33.2915607, 57.0478122], [33.2918534, 57.0482086], [33.2923388, 57.0485969], [33.2930521, 57.048686], [33.2935146, 57.0487836], [33.2944395, 57.048686], [33.2956052, 57.0484438], [33.2969408, 57.0482086], [33.2982102, 57.04803], [33.2988776, 57.0479465], [33.2994983, 57.047823], [33.2998387, 57.0476524], [33.3000795, 57.047475], [33.3003526, 57.0474636], [33.3006329, 57.047529], [33.3009732, 57.0476814], [33.3011335, 57.0477831], [33.3012336, 57.0479211], [33.3013137, 57.0480626], [33.3013239, 57.0481992], [33.3012737, 57.0483059], [33.3011068, 57.0483821], [33.3004813, 57.04842], [33.2998654, 57.0483966], [33.2992781, 57.0484148], [33.2986574, 57.048393], [33.298337, 57.048393], [33.2979423, 57.0484433], [33.297376, 57.0485527], [33.2969727, 57.0487078], [33.2964416, 57.0489266], [33.2960341, 57.0491908], [33.2956006, 57.0496781], [33.2953604, 57.0498995], [33.2952481, 57.0501429], [33.2949199, 57.0505312], [33.2945139, 57.0509169], [33.294446, 57.0510793], [33.2944193, 57.051239], [33.2944861, 57.0514314], [33.2945844, 57.0516407], [33.2948064, 57.0520013], [33.2952103, 57.0524306], [33.2954338, 57.052789], [33.2960054, 57.0531885], [33.2963348, 57.0533988], [33.2963615, 57.0537001], [33.2962614, 57.0538525], [33.2962245, 57.0540605], [33.2956607, 57.0545204], [33.2947731, 57.0549668], [33.2939655, 57.0553189], [33.293509, 57.0555941], [33.2934582, 57.0557544], [33.2935622, 57.0559071], [33.2930311, 57.0563098], [33.2923904, 57.0566074], [33.2921849, 57.0567984], [33.292477, 57.0571568], [33.2910033, 57.0571931], [33.2898726, 57.0575742], [33.2887673, 57.0579302], [33.288483, 57.058362], [33.2882819, 57.0583707], [33.2882957, 57.0584484], [33.2885882, 57.0584501], [33.2888426, 57.058873], [33.2877026, 57.0598468], [33.2873431, 57.0597607], [33.2874289, 57.0598453], [33.2874316, 57.0600801], [33.2872814, 57.0602041], [33.2873055, 57.0602785], [33.287445, 57.0603383], [33.2878098, 57.0603616], [33.2880801, 57.0606926], [33.2876993, 57.0611686], [33.2877388, 57.061626], [33.2875624, 57.0621077], [33.2872934, 57.0624805], [33.2870219, 57.0629084], [33.2868602, 57.0630573], [33.2864912, 57.0631951], [33.286124, 57.0633213], [33.2855551, 57.0634448], [33.2855722, 57.0635284], [33.2855346, 57.0635804], [33.285497, 57.0636138], [33.285415, 57.0636473], [33.2852715, 57.0636714], [33.2851177, 57.0636659], [33.2850152, 57.0637179], [33.2847889, 57.0638003], [33.2843762, 57.0638851], [33.2842703, 57.0639055], [33.2839899, 57.0638894], [33.2832387, 57.0637599], [33.2820038, 57.0639497], [33.2814827, 57.0641195], [33.281167, 57.0637999], [33.2817766, 57.0631903], [33.2813942, 57.0624336], [33.2818354, 57.0615429], [33.2809275, 57.0614916], [33.279176, 57.0620708], [33.2768127, 57.0631962], [33.2764048, 57.0642239], [33.2769107, 57.0649422], [33.2778815, 57.0651159], [33.2779293, 57.0669475], [33.2762575, 57.0669781], [33.2758221, 57.0676054], [33.27297, 57.0686944], [33.2715907, 57.0687323], [33.2688116, 57.0690731], [33.268964, 57.0682919], [33.2685503, 57.0681736], [33.2680233, 57.0683362], [33.2650064, 57.070421], [33.2629629, 57.0710095], [33.2621713, 57.0718129], [33.2624001, 57.0733014], [33.2616487, 57.0737361], [33.2601574, 57.0738544], [33.2587809, 57.0749827], [33.258895, 57.0762282], [33.2586124, 57.0770556], [33.2586468, 57.0773947], [33.2594782, 57.0773486], [33.2606518, 57.0779509], [33.2612486, 57.0781017], [33.2617355, 57.0789215], [33.2633269, 57.0793693], [33.2645538, 57.0799317], [33.2650588, 57.0802854], [33.265865, 57.0805235], [33.2641826, 57.0809388], [33.2615375, 57.081969], [33.2592177, 57.0828997], [33.2569875, 57.0830311], [33.2553246, 57.0832145], [33.2542541, 57.0838498], [33.2525375, 57.084596], [33.2498671, 57.0870607], [33.2499716, 57.0877677], [33.2509732, 57.088298], [33.2509592, 57.088522], [33.2503055, 57.0889679], [33.2504938, 57.0897121], [33.249908, 57.0901723], [33.2473074, 57.0908918], [33.2465975, 57.0916483], [33.2468979, 57.0920525], [33.2464747, 57.0925828], [33.246186, 57.0934566], [33.2458672, 57.0939586], [33.2448911, 57.0949004], [33.2448501, 57.0953751], [33.2442597, 57.096022], [33.2437376, 57.0961537], [33.2430345, 57.0962057], [33.2421745, 57.0961389], [33.2412558, 57.0964149], [33.2401779, 57.0968138], [33.2344854, 57.0982027], [33.2315948, 57.0978395], [33.231251, 57.09801], [33.2291044, 57.0990747], [33.2273571, 57.1012065], [33.2262547, 57.1051707], [33.2258204, 57.1055393], [33.2249928, 57.1060867], [33.2229314, 57.1067322], [33.2226893, 57.1070592], [33.2229162, 57.1077104], [33.2234894, 57.1081533], [33.2241055, 57.1087438], [33.2246782, 57.1090965], [33.2244889, 57.1092486], [33.2239631, 57.109418], [33.2232856, 57.1095248], [33.2228212, 57.1098702], [33.2225462, 57.1100276], [33.2222528, 57.110404], [33.2219013, 57.1106809], [33.2213633, 57.1107038], [33.2211553, 57.1100952], [33.2208799, 57.1097605], [33.2200474, 57.1097023], [33.21933, 57.1098549], [33.2184696, 57.1100149], [33.2178978, 57.1101046], [33.2176029, 57.110255], [33.217389, 57.1105517], [33.2173361, 57.1109761], [33.2176052, 57.1113305], [33.2181911, 57.1117543], [33.2190053, 57.1120881], [33.2188873, 57.1121677], [33.2183987, 57.1122075], [33.2175193, 57.1122628], [33.2169226, 57.1121959], [33.2153604, 57.1109632], [33.2143216, 57.1107656], [33.2129686, 57.1107187], [33.2124619, 57.1104498], [33.2114889, 57.1102997], [33.2110513, 57.1103185], [33.2105791, 57.1102184], [33.2095312, 57.1095837], [33.2065027, 57.1086332], [33.2049769, 57.1084675], [33.2041766, 57.1081798], [33.2034281, 57.108405], [33.203025, 57.1088927], [33.2024435, 57.1090928], [33.2016029, 57.1092398], [33.2014186, 57.1095337], [33.2017468, 57.1102653], [33.2025356, 57.1104904], [33.2027947, 57.1106968], [33.2039866, 57.1110782], [33.2048272, 57.1112189], [33.2048042, 57.1113158], [33.2038077, 57.1112151], [33.203448, 57.1110939], [33.2024836, 57.1111646], [33.2020867, 57.1113347], [33.2011378, 57.1120234], [33.2005766, 57.1125925], [33.2003161, 57.1126127], [33.2002293, 57.112483], [33.1992959, 57.1120621], [33.1986788, 57.1118398], [33.1973764, 57.1117203], [33.1964617, 57.1114677], [33.1957826, 57.1113785], [33.1952399, 57.1113835], [33.1949577, 57.1114357], [33.1948895, 57.1115553], [33.1950818, 57.1117321], [33.1949515, 57.1122625], [33.1941267, 57.1126144], [33.1937825, 57.113037], [33.193522, 57.1135354], [33.1930671, 57.1141008], [33.1920628, 57.114789], [33.1916638, 57.115439], [33.1912208, 57.11567], [33.1906025, 57.1158104], [33.1899579, 57.1162271], [33.1893869, 57.1164079], [33.1886281, 57.1162794], [33.187452, 57.1164612], [33.1867739, 57.1167907], [33.1848569, 57.1171884], [33.1843086, 57.1174224], [33.1834297, 57.1176065], [33.1823582, 57.1175338], [33.1810963, 57.1176996], [33.1798008, 57.1173929], [33.1793781, 57.1173861], [33.1783798, 57.1171367], [33.1777583, 57.1171815], [33.1759394, 57.1174946], [33.1748575, 57.1182981], [33.1747761, 57.1185523], [33.1740677, 57.1188263], [33.174088, 57.1190562], [33.1744789, 57.1192153], [33.1752483, 57.1192308], [33.1757002, 57.1194099], [33.1760789, 57.1194076], [33.1767669, 57.1193767], [33.1771089, 57.1194209], [33.1771374, 57.1195292], [33.1745074, 57.1196243], [33.1740554, 57.1200044], [33.1738804, 57.1201216], [33.1734162, 57.1201193], [33.1730661, 57.1204641], [33.173172, 57.1206741], [33.1730376, 57.1208244], [33.1708473, 57.1208266], [33.1699393, 57.1210078], [33.1693409, 57.121388], [33.1689622, 57.1218963], [33.1688496, 57.1231171], [33.1693379, 57.1238676], [33.1692336, 57.1248534], [33.1692117, 57.1249629], [33.1692312, 57.1250868], [33.1692968, 57.1252305], [33.1693575, 57.1253333], [33.1694522, 57.125485], [33.1696247, 57.125721], [33.1698481, 57.1257711], [33.1700692, 57.1258607], [33.1703218, 57.1259451], [33.1704141, 57.1260268], [33.1705088, 57.1261297], [33.1705088, 57.1263617], [33.1704991, 57.1264408], [33.1705452, 57.1265226], [33.1706545, 57.1266241], [33.1707663, 57.1267005], [33.1708464, 57.1267322], [33.1708828, 57.1267823], [33.1708416, 57.126839], [33.1707614, 57.1269154], [33.1706521, 57.1269748], [33.1705865, 57.1270288], [33.1705914, 57.1271092], [33.1705622, 57.1271672], [33.1704748, 57.1272147], [33.1703509, 57.1272569], [33.1703946, 57.1273479], [33.1705549, 57.1273281], [33.1706278, 57.127245], [33.1706812, 57.1271962], [33.170725, 57.1271251], [33.1708027, 57.1271], [33.1710116, 57.1270947], [33.1712448, 57.127104], [33.1715144, 57.1271738], [33.17177, 57.1271764], [33.1719072, 57.1271276], [33.1720821, 57.1270788], [33.1722582, 57.1270597], [33.1723796, 57.1270663], [33.1725752, 57.127177], [33.1725837, 57.1272515], [33.1725934, 57.127268], [33.1726286, 57.1273036], [33.1726772, 57.127357], [33.1728181, 57.1273913], [33.1729104, 57.1273833], [33.1730707, 57.1273438], [33.1732747, 57.1273148], [33.1734289, 57.1273359], [33.1737337, 57.1274602], [33.173914, 57.1276205], [33.1740823, 57.1277109], [33.1741373, 57.127765], [33.1740531, 57.1278079], [33.1741012, 57.1278647], [33.1742129, 57.1278582], [33.1743657, 57.127834], [33.174577, 57.1278778], [33.1747608, 57.1279235], [33.1749119, 57.1280549], [33.1749566, 57.1281248], [33.1750321, 57.128177], [33.1751026, 57.128219], [33.175197, 57.1281668], [33.175252, 57.1281686], [33.1753962, 57.1281705], [33.1754701, 57.1282022], [33.1754993, 57.1282572], [33.1754564, 57.1283029], [33.1753447, 57.1283178], [33.1751798, 57.1283066], [33.1750665, 57.1282805], [33.1749583, 57.1282199], [33.1748793, 57.1281686], [33.1749085, 57.1282628], [33.1748638, 57.1283169], [33.1748381, 57.1283952], [33.1747402, 57.1284381], [33.1747127, 57.1285098], [33.174601, 57.1285611], [33.1744722, 57.1285676], [33.1743967, 57.1285173], [33.1743331, 57.1285546], [33.1743554, 57.1285947], [33.1743245, 57.1286292], [33.1743262, 57.128686], [33.1741923, 57.1287364], [33.1739707, 57.1286935], [33.1738969, 57.1287485], [33.173744, 57.1288473], [33.1736032, 57.1288911], [33.1733747, 57.1289629], [33.1732408, 57.1289433], [33.1730793, 57.1288995], [33.1728904, 57.1289079], [33.1727667, 57.1289144], [33.1725434, 57.1289433], [33.1723528, 57.1289815], [33.1722137, 57.1289591], [33.1719166, 57.1289368], [33.1720179, 57.1289974], [33.171719, 57.1290244], [33.1714631, 57.1290514], [33.1713755, 57.1290141], [33.1712742, 57.1290216], [33.171245, 57.129071], [33.1710956, 57.1291092], [33.1709513, 57.129085], [33.1706439, 57.1290971], [33.1704446, 57.129167], [33.1701321, 57.1291735], [33.1701097, 57.1291158], [33.1699174, 57.1291279], [33.1696151, 57.1291782], [33.1695498, 57.1292388], [33.169231, 57.1292491], [33.1689274, 57.1292754], [33.1687088, 57.1293585], [33.1683857, 57.1294837], [33.168172, 57.1295852], [33.1676692, 57.1297026], [33.1674578, 57.1299095], [33.1670376, 57.1301007], [33.166734, 57.1302259], [33.1665931, 57.1303472], [33.1663915, 57.1304078], [33.1663527, 57.1305634], [33.1662895, 57.1306201], [33.1662069, 57.1307809], [33.1662531, 57.1308336], [33.1662312, 57.1309154], [33.1661244, 57.1310274], [33.1660636, 57.1311355], [33.1660952, 57.1312133], [33.1660928, 57.131324], [33.1661389, 57.1314677], [33.1661316, 57.1315573], [33.1659981, 57.1316733], [33.1660321, 57.1318262], [33.1661924, 57.1319396], [33.1664304, 57.1320398], [33.1667365, 57.1326752], [33.1668579, 57.1328676], [33.1672271, 57.133474], [33.1673048, 57.1339089], [33.1671785, 57.1340539], [33.1669793, 57.1341858], [33.1669551, 57.134394], [33.1670328, 57.1345021], [33.167232, 57.1345364], [33.1673194, 57.1346603], [33.1673534, 57.1349687], [33.1673048, 57.1350847], [33.167436, 57.1351559], [33.1674214, 57.1352402], [33.1673291, 57.1353035], [33.1670716, 57.135293], [33.1667899, 57.1359599], [33.1664693, 57.1360363], [33.1660928, 57.1360891], [33.1658572, 57.1360719], [33.1657333, 57.1359981], [33.1655074, 57.1360232], [33.1655001, 57.1361761], [33.1656969, 57.1361866], [33.1658329, 57.136271], [33.1657795, 57.1363079], [33.1658669, 57.1363751], [33.1660102, 57.1364515], [33.1661851, 57.1364265], [33.1663575, 57.1364357], [33.1664911, 57.1365135], [33.1662555, 57.1366018], [33.1659835, 57.1366466], [33.1661049, 57.1367534], [33.1660879, 57.1368779], [33.1660639, 57.1369794], [33.1660999, 57.1370326], [33.1660467, 57.1370922], [33.1660759, 57.1371407], [33.1661188, 57.1372227], [33.1660656, 57.1372907], [33.1659093, 57.1373634], [33.1658784, 57.1374492], [33.1659247, 57.1375517], [33.1658337, 57.1375992], [33.1657152, 57.1376756], [33.1656499, 57.1377884], [33.1656465, 57.1378816], [33.1656379, 57.137999], [33.1655812, 57.1381127], [33.1654644, 57.1382255], [33.1654438, 57.1382721], [33.1654799, 57.1383261], [33.1655434, 57.1383737], [33.1656328, 57.1384007], [33.1656516, 57.1384473], [33.1655641, 57.1384659], [33.1654799, 57.1384091], [33.1653975, 57.1384007], [33.1653871, 57.1384296], [33.1654885, 57.1384622], [33.1655761, 57.1385013], [33.1657719, 57.1385032], [33.1658371, 57.1386337], [33.1657822, 57.1387175], [33.1658509, 57.1388163], [33.165899, 57.1389971], [33.1659265, 57.1391667], [33.1660467, 57.1392674], [33.1662081, 57.139273], [33.1663799, 57.1393121], [33.166239, 57.1394277], [33.1660123, 57.1393811], [33.1657032, 57.1393363], [33.1656036, 57.13945], [33.1657856, 57.1394985], [33.1660707, 57.1395768], [33.166294, 57.1396308], [33.1664177, 57.1397743], [33.1662184, 57.1397054], [33.1658818, 57.1396644], [33.1656242, 57.1397259], [33.1653528, 57.1398377], [33.165102, 57.1399514], [33.1649131, 57.1399924], [33.1647311, 57.1400986], [33.1646314, 57.1401993], [33.1646177, 57.1402701], [33.1645937, 57.1403745], [33.1644563, 57.1405329], [33.1644425, 57.1406615], [33.1643292, 57.1407491], [33.1643704, 57.1408553], [33.1642605, 57.1408777], [33.1642605, 57.1409895], [33.1640887, 57.1411144], [33.1643498, 57.1412318], [33.164154, 57.1413511], [33.1638929, 57.1416102], [33.1636868, 57.1417667], [33.1635906, 57.1418748], [33.1635425, 57.1420388], [33.1635425, 57.14216], [33.1636799, 57.1423016], [33.1638998, 57.1425066], [33.1638998, 57.142611], [33.1637177, 57.1426128], [33.1635838, 57.1425364], [33.1632574, 57.1424395], [33.1630513, 57.1427265], [33.1630341, 57.1428663], [33.1630135, 57.1430173], [33.1631029, 57.1431775], [33.1631097, 57.1432856], [33.1632299, 57.1433303], [33.1631441, 57.143362], [33.1631063, 57.1434105], [33.1630994, 57.1434962], [33.1631956, 57.1436136], [33.1631372, 57.143718], [33.1632093, 57.1438428], [33.1632471, 57.1439435], [33.1632849, 57.1440478], [33.1632815, 57.1441764], [33.163175, 57.1442044], [33.1631887, 57.1443497], [33.1633193, 57.1443852], [33.163388, 57.1444709], [33.1634601, 57.1445566], [33.1635597, 57.1445752], [33.1637005, 57.1445473], [33.163783, 57.1445976], [33.1637658, 57.1447374], [33.1639066, 57.1448063], [33.1639135, 57.1448622], [33.163862, 57.1449666], [33.1637212, 57.1450542], [33.1635838, 57.1450057], [33.1634532, 57.1450188], [33.1634429, 57.1451008], [33.1633708, 57.1452797], [33.1632574, 57.1454492], [33.1633433, 57.1456244], [33.1633605, 57.1457772], [33.1634154, 57.1459394], [33.1634257, 57.1462058], [33.163333, 57.1463493], [33.1631441, 57.1464854], [33.1631509, 57.1466102], [33.1632299, 57.1467574], [33.163309, 57.1469046], [33.1633708, 57.1470519], [33.1634876, 57.1471897], [33.1636009, 57.1472773], [33.1636593, 57.1473873], [33.1634395, 57.1473612], [33.1632162, 57.1474544], [33.1631303, 57.1476277], [33.1632128, 57.1477544], [33.1631819, 57.1478587], [33.1632574, 57.1479817], [33.163309, 57.1481401], [33.1635082, 57.1482985], [33.1636559, 57.1484196], [33.1638723, 57.148455], [33.1640441, 57.1484066], [33.1642639, 57.1483246], [33.1645421, 57.1483227], [33.1648375, 57.1483078], [33.1651742, 57.1483507], [33.1654662, 57.1483003], [33.1656791, 57.1482594], [33.1659368, 57.1483358], [33.1661772, 57.1484364], [33.1664658, 57.1484755], [33.1665413, 57.1485184], [33.1664692, 57.1486022], [33.1661154, 57.14866], [33.1657994, 57.1486823], [33.1655452, 57.1486525], [33.1652497, 57.1486525], [33.1648788, 57.1487047], [33.1644631, 57.1488016], [33.1641402, 57.1489078], [33.1638689, 57.149036], [33.1635494, 57.1492429], [33.1630823, 57.1493509], [33.162914, 57.1494981], [33.1626907, 57.1496658], [33.1622716, 57.1497161], [33.1621205, 57.149841], [33.1619762, 57.1500236], [33.1615829, 57.1502537], [33.1614695, 57.1503562], [33.1613665, 57.1504195], [33.1611775, 57.1504559], [33.1610625, 57.1505416], [33.1609405, 57.1506236], [33.1607894, 57.1507009], [33.1604785, 57.1507121], [33.1603068, 57.1507149], [33.1601762, 57.1507437], [33.1600646, 57.1507009], [33.1599203, 57.150658], [33.1599323, 57.1507056], [33.1599718, 57.1507633], [33.1600028, 57.1508192], [33.1600148, 57.1508705], [33.1600045, 57.1509208], [33.1600131, 57.1509645], [33.1601058, 57.150986], [33.1601007, 57.151054], [33.1602226, 57.1510875], [33.1602982, 57.1511434], [33.160348, 57.1511788], [33.1602089, 57.1512114], [33.1601367, 57.1511956], [33.1600234, 57.1511406], [33.1599839, 57.1511127], [33.159977, 57.1510549], [33.1599014, 57.1510083], [33.1598722, 57.1509468], [33.1598447, 57.1508751], [33.1597949, 57.1507903], [33.1598018, 57.1507503], [33.1597572, 57.1506888], [33.1595533, 57.1506409], [33.1593929, 57.1506435], [33.1593201, 57.1506119], [33.1591343, 57.1506075], [33.1590978, 57.1506616], [33.1591294, 57.1507011], [33.1591221, 57.1507446], [33.1590784, 57.1508276], [33.158974, 57.1509198], [33.1588574, 57.1510002], [33.1588088, 57.151066], [33.1588088, 57.1511451], [33.1587894, 57.151232], [33.1586533, 57.1512215], [33.1584882, 57.1511991], [33.1583449, 57.1512426], [33.1582817, 57.1513216], [33.1581943, 57.1514349], [33.1581506, 57.1515351], [33.1581141, 57.1516339], [33.1579757, 57.1516747], [33.1578154, 57.1517577], [33.1576113, 57.1518052], [33.1574923, 57.1518421], [33.1573806, 57.1519027], [33.1572834, 57.151954], [33.1571547, 57.1519593], [33.1569749, 57.1520199], [33.1567029, 57.1521055], [33.1565402, 57.1521451], [33.156324, 57.1521029], [33.1560058, 57.1520568], [33.1557095, 57.1520489], [33.1554083, 57.1520344], [33.1553281, 57.1520634], [33.1550707, 57.1521279], [33.1548156, 57.1521793], [33.1545582, 57.1522109], [33.15424, 57.1522557], [33.1541064, 57.1523256], [33.1538052, 57.1523993], [33.1536692, 57.152431], [33.1535866, 57.1524797], [33.1534967, 57.1525377], [33.1533631, 57.1525324], [33.1531737, 57.1525956], [33.152785, 57.1526984], [33.1525761, 57.1527248], [33.1522774, 57.1528302], [33.1521414, 57.1528776], [33.1518887, 57.1528987], [33.1517406, 57.1528526], [33.1515973, 57.152788], [33.1515438, 57.1528157], [33.1514418, 57.1528842], [33.1513568, 57.1529329], [33.1511649, 57.1529527], [33.1511601, 57.1530186], [33.1511115, 57.153062], [33.1509973, 57.1531187], [33.1508613, 57.1531055], [33.1506937, 57.1530607], [33.1505528, 57.1530344], [33.1503585, 57.1530871], [33.1503197, 57.1531226], [33.1504484, 57.1531055], [33.1504921, 57.1531582], [33.150378, 57.1532043], [33.1500865, 57.1532728], [33.1498922, 57.1532728], [33.1496784, 57.1533295], [33.1494525, 57.153394], [33.1491368, 57.1534256], [33.148889, 57.1534441], [33.1485951, 57.153531], [33.1483741, 57.1535297], [33.1481336, 57.1535771], [33.1478737, 57.1535231], [33.1476456, 57.1535228], [33.1474049, 57.1534731], [33.1472616, 57.1535179], [33.1469872, 57.1535271], [33.1467078, 57.1535297], [33.1465135, 57.1535864], [33.1463556, 57.153676], [33.1463508, 57.1537774], [33.1462123, 57.1537972], [33.1460617, 57.1537313], [33.1458941, 57.1538591], [33.1457678, 57.1538828], [33.1457047, 57.1539447], [33.1457775, 57.1540541], [33.1456755, 57.15417], [33.145564, 57.1542237], [33.1454474, 57.1542566], [33.1452069, 57.1542738], [33.1451195, 57.1542553], [33.1449349, 57.1541697], [33.1448547, 57.1540867], [33.1446799, 57.1540156], [33.1445922, 57.1539649], [33.1446214, 57.1538876], [33.1445303, 57.1538047], [33.1443998, 57.1537302], [33.1445578, 57.1536715], [33.144642, 57.1535653], [33.144575, 57.153515], [33.1444616, 57.1535513], [33.1443345, 57.1535951], [33.1441473, 57.153555], [33.1440374, 57.1534954], [33.143955, 57.1533845], [33.1437781, 57.1533259], [33.1438553, 57.1532215], [33.1437678, 57.1531563], [33.143572, 57.1531684], [33.1434122, 57.1532271], [33.1432422, 57.1531908], [33.1431426, 57.1531172], [33.1430275, 57.1530333], [33.1428781, 57.1529243], [33.1426874, 57.1529253], [33.1426136, 57.1529923], [33.142514, 57.1530333], [33.1423628, 57.1530781], [33.1421979, 57.1530007], [33.1421018, 57.1529234], [33.1419936, 57.1528675], [33.1418527, 57.1528899], [33.1417359, 57.1528256], [33.1415728, 57.1527464], [33.1414817, 57.1527119], [33.1413735, 57.1527567], [33.141176, 57.1527781], [33.1409716, 57.1527902], [33.1408171, 57.1527501], [33.1406539, 57.1527427], [33.1404856, 57.1526905], [33.1403842, 57.1527157], [33.1402451, 57.1526998], [33.1401112, 57.1526542], [33.1402125, 57.1526169], [33.1402176, 57.1525648], [33.1401781, 57.1525079], [33.1399978, 57.1524548], [33.1397075, 57.1524157], [33.1395616, 57.1523244], [33.1396114, 57.1523123], [33.1397419, 57.1522629], [33.1397488, 57.1522145], [33.139589, 57.1522163], [33.1393211, 57.1521781], [33.1392249, 57.1521139], [33.1393331, 57.1520067], [33.1392129, 57.1519695], [33.1391974, 57.15184], [33.1389913, 57.1518409], [33.13889, 57.1517533], [33.1388184, 57.1516613], [33.138746, 57.1515973], [33.1387058, 57.1515464], [33.1386575, 57.1514955], [33.1385851, 57.1514256], [33.1385368, 57.1513587], [33.1384644, 57.1512845], [33.1383812, 57.1512539], [33.1383075, 57.1512459], [33.1382069, 57.1512569], [33.1380755, 57.1513005], [33.1378681, 57.151349], [33.137583, 57.1513369], [33.1373563, 57.1512475], [33.1371689, 57.1512059], [33.1369328, 57.1511332], [33.136737, 57.1510779], [33.1364071, 57.1509906], [33.1362274, 57.1509601], [33.1360343, 57.1509026], [33.1359056, 57.1508546], [33.135801, 57.1507957], [33.1358043, 57.1507531], [33.1358063, 57.1507273], [33.1358492, 57.1506487], [33.1358922, 57.1505192], [33.1359082, 57.1503897], [33.1358398, 57.1502515], [33.1357594, 57.1502079], [33.1355301, 57.1501104], [33.135349, 57.1500587], [33.1352028, 57.1500144], [33.1350754, 57.1499845], [33.1349574, 57.1499867], [33.1347656, 57.15009], [33.1345779, 57.1501235], [33.1342828, 57.1500856], [33.1340672, 57.150013], [33.1340208, 57.1499443], [33.1339351, 57.1498948], [33.1338395, 57.1498551], [33.1336526, 57.1497953], [33.1335046, 57.1497542], [33.1333019, 57.1496475], [33.1331715, 57.149629], [33.1329187, 57.1495643], [33.1327049, 57.1494923], [33.1325628, 57.149482], [33.1325007, 57.1494487], [33.132347, 57.1493972], [33.1321788, 57.1494029], [33.1320268, 57.1493713], [33.1319864, 57.1493575], [33.1318808, 57.1493576], [33.1317747, 57.1493355], [33.1316671, 57.1492936], [33.1315237, 57.1492453], [33.1314576, 57.1492286], [33.1314159, 57.1492099], [33.1313369, 57.1492169], [33.1312883, 57.1492044], [33.1311661, 57.1491855], [33.1310341, 57.1491652], [33.1309853, 57.1491403], [33.1309209, 57.1491109], [33.1308548, 57.1490889], [33.1307289, 57.1490352], [33.1303963, 57.1489973], [33.1301764, 57.1490017], [33.1299108, 57.1490614], [33.1298304, 57.1490774], [33.1297338, 57.1491065], [33.129597, 57.1491399], [33.1294307, 57.1491487], [33.1293288, 57.1491443], [33.1291706, 57.149141], [33.1290874, 57.1491443], [33.1289694, 57.1491472], [33.1288782, 57.1491399], [33.1287977, 57.1491327], [33.1286622, 57.1491149], [33.1285456, 57.1490905], [33.1284168, 57.1490672], [33.1283069, 57.1490395], [33.1281084, 57.1489886], [33.1279555, 57.1489639], [33.1278348, 57.1489362], [33.1277114, 57.1489173], [33.1276363, 57.1488955], [33.1275693, 57.1488853], [33.1274003, 57.1488577], [33.1272923, 57.1488369], [33.1271302, 57.1488311], [33.1269764, 57.1488329], [33.1269207, 57.148819], [33.1268022, 57.1488272], [33.1266784, 57.1488177], [33.1263057, 57.1487562], [33.1262147, 57.1487779], [33.1261237, 57.148786], [33.1259245, 57.1487804], [33.1256619, 57.1487457], [33.1252031, 57.1486742], [33.1248029, 57.1486975], [33.1246181, 57.1487147], [33.1245086, 57.1487679], [33.1242585, 57.1487944], [33.1239218, 57.1487422], [33.1237277, 57.1486873], [33.1234942, 57.1487227], [33.1232279, 57.1486742], [33.1229669, 57.1486742], [33.1228089, 57.1486975], [33.1227522, 57.1487478], [33.120537, 57.1488105], [33.1178248, 57.1495281], [33.1178594, 57.1495745], [33.1175402, 57.1496585], [33.1175046, 57.1496167], [33.1157477, 57.1501064], [33.1151532, 57.150268], [33.1152698, 57.1503815], [33.1151377, 57.1504276], [33.1151597, 57.1504463], [33.1143386, 57.1507293], [33.1143143, 57.1507102], [33.1141843, 57.1507556], [33.1140544, 57.150645], [33.1115862, 57.1518658], [33.1116532, 57.151904], [33.1114111, 57.1520382], [33.1113458, 57.1520084], [33.1110972, 57.1521446], [33.1092647, 57.1531978], [33.1092584, 57.153281], [33.1092063, 57.153386], [33.1090037, 57.1534978], [33.1088251, 57.1535835], [33.1088835, 57.1536375], [33.1088628, 57.1537214], [33.1086602, 57.1537344], [33.1085537, 57.1538481], [33.1086258, 57.1539245], [33.1086361, 57.1540158], [33.1085149, 57.1540993], [33.1085407, 57.1543406], [33.1089325, 57.1545205], [33.1087885, 57.1548343], [33.1085543, 57.1551709], [33.1081211, 57.1552099], [33.1078323, 57.1556567], [33.1074352, 57.1556755], [33.1072396, 57.1556368], [33.1069508, 57.1555683], [33.106732, 57.1556992], [33.1077372, 57.155868], [33.1072408, 57.1566712], [33.1071082, 57.1566469], [33.1075566, 57.1559268], [33.1072324, 57.1558674], [33.1067846, 57.1565867], [33.1066751, 57.1565666], [33.1068622, 57.156266], [33.1062612, 57.1561559], [33.1059851, 57.1565993], [33.1067146, 57.1567329], [33.1065863, 57.1569389], [33.1062544, 57.15687], [33.1062795, 57.1569147], [33.1062479, 57.1569766], [33.1062407, 57.1571242], [33.1061872, 57.1571861], [33.1061265, 57.1573178], [33.1060633, 57.1574719], [33.1061022, 57.1575154], [33.1061532, 57.1575602], [33.1060453, 57.1576321], [33.1060429, 57.1576716], [33.1060891, 57.1577085], [33.1062372, 57.157723], [33.1063077, 57.1577559], [33.1063417, 57.157827], [33.1063101, 57.1578929], [33.1062469, 57.1579746], [33.1061644, 57.1580352], [33.1060381, 57.1581023], [33.1061012, 57.158213], [33.1061425, 57.158238], [33.1063465, 57.1582288], [33.106417, 57.1582986], [33.1065214, 57.1583197], [33.1064971, 57.1583763], [33.1065336, 57.1584699], [33.1063975, 57.1584988], [33.1064194, 57.158566], [33.1065093, 57.1586121], [33.1066259, 57.1585542], [33.1067376, 57.1586398], [33.1066477, 57.1587794], [33.1065651, 57.158869], [33.1064097, 57.1589612], [33.1064607, 57.1590271], [33.1064315, 57.1590771], [33.1064923, 57.1591706], [33.1064194, 57.159334], [33.1063222, 57.1593182], [33.1061133, 57.1593076], [33.1060963, 57.1593524], [33.1063271, 57.1593788], [33.1062809, 57.1594196], [33.1063514, 57.159467], [33.1063392, 57.1595921], [33.1062639, 57.1596672], [33.1060721, 57.1600268], [33.1060162, 57.1601138], [33.1058875, 57.160231], [33.1055061, 57.1605893], [33.1052146, 57.1608119], [33.1048892, 57.1607829], [33.1048187, 57.1608619], [33.1046098, 57.1610187], [33.104452, 57.1612149], [33.1046681, 57.1613427], [33.1045175, 57.1614902], [33.1043694, 57.1614402], [33.1042819, 57.1615086], [33.1040949, 57.1617681], [33.1040609, 57.1621079], [33.1044738, 57.1621817], [33.1042722, 57.1624952], [33.1041872, 57.1627165], [33.1042042, 57.1630378], [33.1040925, 57.163238], [33.1039144, 57.1634733], [33.1041014, 57.1635121], [33.1038186, 57.1640001], [33.1036902, 57.1640958], [33.1035588, 57.1640744], [33.1035333, 57.1639962], [33.1034874, 57.1639554], [33.1029945, 57.1638877], [33.1030079, 57.1637729], [33.1029685, 57.1637618], [33.1025098, 57.1636164], [33.1023518, 57.16365], [33.1020083, 57.1635941], [33.1015446, 57.1633128], [33.1011019, 57.1632626], [33.1010362, 57.1632551], [33.1005106, 57.1631657], [33.1000964, 57.1630698], [33.099979, 57.1632393], [33.0998987, 57.1632178], [33.1000164, 57.1630523], [33.0998311, 57.1630373], [33.0996844, 57.1632379], [33.0996372, 57.1632268], [33.0997699, 57.1630255], [33.0995276, 57.1630047], [33.0995217, 57.1630408], [33.0994235, 57.1630362], [33.0994281, 57.1629955], [33.0992706, 57.1629813], [33.0988618, 57.1629477], [33.0988054, 57.1630284], [33.0987381, 57.1631247], [33.0987093, 57.1631654], [33.0986379, 57.1631561], [33.0985297, 57.1633641], [33.0986054, 57.1633773], [33.0985703, 57.1634369], [33.0980697, 57.1633489], [33.098085, 57.1633215], [33.0983917, 57.1633714], [33.0985405, 57.1631068], [33.0980683, 57.1629384], [33.0977557, 57.16289], [33.097608, 57.1628341], [33.0974225, 57.1628043], [33.0957153, 57.1629217], [33.0954268, 57.1629179], [33.0952619, 57.1630222], [33.095097, 57.1631862], [33.0951073, 57.1633184], [33.0949355, 57.1634097], [33.0948978, 57.1635401], [33.0949287, 57.1636798], [33.095042, 57.1637785], [33.0952069, 57.163907], [33.0953718, 57.1640206], [33.0957153, 57.1641286], [33.0957428, 57.1645328], [33.0952138, 57.1645365], [33.0949665, 57.1646334], [33.0946848, 57.1648048], [33.0946607, 57.1649053], [33.0947672, 57.1649873], [33.0948806, 57.1650562], [33.0949974, 57.1651586], [33.0950558, 57.1652536], [33.0954886, 57.1653076], [33.0959626, 57.1652965], [33.0960828, 57.1654827], [33.0960828, 57.165682], [33.0960031, 57.1657829], [33.0952742, 57.1659333], [33.0949905, 57.1662221], [33.0950386, 57.1663544], [33.0949459, 57.1664661], [33.0947294, 57.1665369], [33.094647, 57.1667194], [33.0947741, 57.1668628], [33.0947844, 57.166982], [33.0947741, 57.167213], [33.0949046, 57.1674849], [33.0946573, 57.1677009], [33.0944787, 57.1680585], [33.0942863, 57.1681945], [33.0941457, 57.1683931], [33.0938502, 57.1687879], [33.0937711, 57.1690716], [33.0936646, 57.1693678], [33.0937152, 57.1695599], [33.0934709, 57.1696453], [33.0933883, 57.1697348], [33.0933106, 57.1699165], [33.093296, 57.1700482], [33.0932183, 57.1701536], [33.0930864, 57.170195], [33.0926961, 57.1700654], [33.092861, 57.1697936], [33.0918304, 57.1695515], [33.0911297, 57.169328], [33.0900577, 57.1700593], [33.0898521, 57.1700021], [33.0902413, 57.1695377], [33.0905372, 57.1691958], [33.0908573, 57.1687822], [33.0910899, 57.1683561], [33.0912861, 57.1680371], [33.0913691, 57.1678601], [33.0914597, 57.1677251], [33.0917369, 57.1673672], [33.091967, 57.1670851], [33.0920935, 57.1668906], [33.0922899, 57.1666313], [33.0924556, 57.1664375], [33.0928386, 57.1660079], [33.0930668, 57.1657399], [33.0932573, 57.1654556], [33.0933761, 57.1652157], [33.0934497, 57.1650199], [33.0935007, 57.1647949], [33.0934969, 57.1646455], [33.0934856, 57.1646128], [33.0934837, 57.164576], [33.0934931, 57.1645156], [33.0934765, 57.1644966], [33.0934611, 57.1644788], [33.0934177, 57.1644665], [33.0930668, 57.1644134], [33.0928428, 57.1643919], [33.0925446, 57.1643358], [33.0928348, 57.1638839], [33.0929368, 57.1638919], [33.0929499, 57.16386], [33.0929536, 57.1638406], [33.0930272, 57.1637884], [33.0929973, 57.1636955], [33.0926254, 57.1635153], [33.0924915, 57.1633619], [33.0921765, 57.1631522], [33.0917197, 57.1628499], [33.0912922, 57.1624811], [33.0909654, 57.1622604], [33.0908228, 57.162302], [33.0906623, 57.1622012], [33.0903226, 57.1619888], [33.0903169, 57.1618725], [33.0900195, 57.1618884], [33.0896454, 57.1617435], [33.0893831, 57.1618094], [33.0890236, 57.1618357], [33.0887078, 57.1618568], [33.0884261, 57.1618594], [33.0883386, 57.1617646], [33.0882512, 57.1616645], [33.0880666, 57.1615433], [33.088154, 57.1612746], [33.0883435, 57.161214], [33.0885961, 57.1612193], [33.0887904, 57.1610902], [33.0887127, 57.1610665], [33.0884309, 57.1611244], [33.0882901, 57.161056], [33.0882755, 57.1609269], [33.0884164, 57.1608478], [33.0886107, 57.1606977], [33.0888439, 57.1605581], [33.0885961, 57.1603921], [33.0884601, 57.1604053], [33.0883678, 57.1605212], [33.0881589, 57.1606239], [33.0880472, 57.1606555], [33.0878383, 57.160724], [33.0875031, 57.1607662], [33.0872942, 57.1607609], [33.0872505, 57.1606845], [33.087095, 57.1606002], [33.0872359, 57.1604342], [33.0873428, 57.1602788], [33.0874934, 57.1601445], [33.0876051, 57.1599917], [33.0874059, 57.1600312], [33.0872116, 57.160126], [33.0870659, 57.1602683], [33.0869104, 57.1604079], [33.0865995, 57.1604869], [33.0863955, 57.1606292], [33.0861672, 57.1607372], [33.0858611, 57.1607873], [33.08573, 57.1607135], [33.0856425, 57.1606239], [33.0855065, 57.1604975], [33.0855599, 57.1603631], [33.0856377, 57.1602472], [33.0858271, 57.1601287], [33.0859971, 57.1600259], [33.0861939, 57.1599377], [33.0863663, 57.1599047], [33.0864611, 57.1598362], [33.0865704, 57.1597572], [33.0866918, 57.1597098], [33.0868861, 57.1596597], [33.0870173, 57.1595965], [33.0871776, 57.1595359], [33.0873428, 57.1594753], [33.0872699, 57.159362], [33.0871582, 57.1593515], [33.0870367, 57.1593858], [33.0869056, 57.1594134], [33.0867234, 57.1594108], [33.0866724, 57.1594398], [33.0867768, 57.1595662], [33.0865655, 57.1596795], [33.0863056, 57.1597849], [33.0860554, 57.1598626], [33.085951, 57.1598455], [33.0857591, 57.1598599], [33.0856012, 57.159777], [33.0856109, 57.1596149], [33.0856328, 57.1594213], [33.0858538, 57.1593015], [33.0860214, 57.1592185], [33.0861817, 57.1591671], [33.0862884, 57.1591354], [33.0862747, 57.1590274], [33.0859792, 57.1591764], [33.0855808, 57.159318], [33.0852304, 57.1592882], [33.0855052, 57.159154], [33.0857869, 57.1590311], [33.0861235, 57.1588821], [33.0862486, 57.1588465], [33.0863784, 57.1588365], [33.0865082, 57.1588038], [33.0865314, 57.1587745], [33.0865314, 57.1587693], [33.0865247, 57.1587456], [33.0865082, 57.1587341], [33.0863639, 57.1586511], [33.0861557, 57.158544], [33.0861189, 57.1585403], [33.0860249, 57.1584935], [33.085932, 57.1584998], [33.0858603, 57.1585229], [33.0857576, 57.1585923], [33.0857305, 57.1586269], [33.0857305, 57.1586595], [33.0857325, 57.1586711], [33.085686, 57.1586931], [33.0855272, 57.1587435], [33.0853974, 57.158794], [33.0852373, 57.1589305], [33.08499, 57.1590162], [33.0849075, 57.1589119], [33.0846877, 57.158964], [33.0844403, 57.1590348], [33.0843167, 57.1588895], [33.0841106, 57.1589603], [33.0835953, 57.1589491], [33.0831763, 57.1588746], [33.0829221, 57.1587777], [33.0829976, 57.1586175], [33.0831831, 57.1584275], [33.0834717, 57.1582002], [33.0838152, 57.1580065], [33.0838633, 57.1578836], [33.0839526, 57.1577345], [33.0839388, 57.1575631], [33.083664, 57.1575072], [33.0835472, 57.1576414], [33.0832999, 57.1576935], [33.0827572, 57.1577755], [33.0823656, 57.157973], [33.0818984, 57.1579171], [33.0814793, 57.1577979], [33.0810053, 57.1577755], [33.0805519, 57.1577792], [33.0802565, 57.1576973], [33.080332, 57.1575892], [33.0802908, 57.1574141], [33.0798511, 57.1572427], [33.0799611, 57.1570564], [33.0797962, 57.1569782], [33.0798992, 57.1567472], [33.0797893, 57.1565683], [33.0796038, 57.1564491], [33.0793359, 57.1563634], [33.0791023, 57.1565236], [33.0787931, 57.1565646], [33.0784496, 57.156423], [33.0783215, 57.1562127], [33.0784394, 57.1560472], [33.0787897, 57.1559205], [33.0792226, 57.1557156], [33.0795455, 57.1554473], [33.0800332, 57.1553132], [33.0803355, 57.1553355], [33.0805966, 57.155302], [33.0807683, 57.1553467], [33.0810019, 57.1553095], [33.0812698, 57.1553244], [33.0812424, 57.1551306], [33.0809126, 57.1551232], [33.080679, 57.1551343], [33.0803973, 57.1551343], [33.080047, 57.1551455], [33.0795248, 57.1551455], [33.0790508, 57.1551865], [33.078776, 57.1551455], [33.0787004, 57.1549555], [33.0788172, 57.1547766], [33.0790371, 57.1544934], [33.0791951, 57.1543593], [33.0794925, 57.1542523], [33.0796368, 57.1541853], [33.0798704, 57.1540679], [33.0800868, 57.1538629], [33.0802654, 57.1536319], [33.0804852, 57.1533394], [33.0806639, 57.1530879], [33.0807944, 57.1529854], [33.0807806, 57.1528829], [33.080949, 57.1528233], [33.0811173, 57.1527972], [33.0813852, 57.1527302], [33.0816016, 57.1526743], [33.0816531, 57.152637], [33.0818249, 57.1525792], [33.0820079, 57.1525213], [33.0821934, 57.152443], [33.0823548, 57.1523611], [33.0824716, 57.1523201], [33.0826022, 57.152294], [33.0826983, 57.1522716], [33.082719, 57.1522437], [33.0827774, 57.1521934], [33.082743, 57.1521636], [33.0827602, 57.1521002], [33.0828529, 57.1520257], [33.0829766, 57.1519605], [33.0831037, 57.1519623], [33.0831999, 57.1519884], [33.0832548, 57.152035], [33.0833167, 57.152035], [33.0834747, 57.1519866], [33.0835296, 57.1519512], [33.0835021, 57.1519139], [33.083509, 57.1518729], [33.0835983, 57.1518338], [33.0837048, 57.1518245], [33.083856, 57.1517574], [33.0840105, 57.1516885], [33.0841101, 57.1516176], [33.0842441, 57.1515208], [33.0843369, 57.1513885], [33.0843746, 57.15134], [33.0843953, 57.1512562], [33.0843162, 57.1512152], [33.0844262, 57.1511276], [33.0845189, 57.1510754], [33.0846598, 57.1510512], [33.0847937, 57.1509245], [33.0848762, 57.1508183], [33.0849517, 57.1507233], [33.0850479, 57.1505556], [33.0850342, 57.1504736], [33.0851475, 57.1504308], [33.0852609, 57.1503711], [33.0853262, 57.1502947], [33.0854532, 57.1501941], [33.0854223, 57.1501475], [33.0855391, 57.1500451], [33.0856608, 57.1499618], [33.0859685, 57.1498196], [33.0860097, 57.1497525], [33.0861883, 57.1497115], [33.0862914, 57.1497152], [33.0865559, 57.1496407], [33.0867242, 57.1495848], [33.0868032, 57.149514], [33.0867483, 57.1494712], [33.0867345, 57.1494208], [33.0868582, 57.1493444], [33.087054, 57.1494134], [33.0872395, 57.1493538], [33.08737, 57.1492923], [33.0872979, 57.1492643], [33.0871364, 57.1492177], [33.0872154, 57.1491246], [33.0874215, 57.1490519], [33.0876448, 57.1489103], [33.0877307, 57.1488451], [33.0879162, 57.1487724], [33.0882013, 57.1487407], [33.0885509, 57.1486827], [33.0886986, 57.1486529], [33.0887707, 57.1485774], [33.0887535, 57.1485327], [33.0888119, 57.1484638], [33.0888171, 57.148419], [33.0888343, 57.1482905], [33.0889267, 57.1482524], [33.0890472, 57.148215], [33.0892018, 57.1482196], [33.0893839, 57.1481889], [33.0896398, 57.1482019], [33.0897686, 57.1482327], [33.0897394, 57.1482774], [33.089851, 57.1483082], [33.0899386, 57.1482979], [33.0900657, 57.1482728], [33.0901877, 57.1482867], [33.0902838, 57.1483175], [33.0903989, 57.1482877], [33.0905037, 57.1482858], [33.0906273, 57.1482802], [33.0906875, 57.1482299], [33.0907424, 57.1481665], [33.0907888, 57.1481721], [33.0908317, 57.1481442], [33.0908558, 57.1481041], [33.0909417, 57.1480659], [33.0909107, 57.1479988], [33.0909296, 57.1479141], [33.0909399, 57.1478507], [33.0910344, 57.1478395], [33.0911083, 57.1478675], [33.0911065, 57.1479448], [33.0911083, 57.1480016], [33.0910894, 57.1480547], [33.0911306, 57.1481088], [33.0912147, 57.1481125], [33.0912783, 57.1481526], [33.0913161, 57.1481451], [33.0913676, 57.1482057], [33.0914672, 57.148229], [33.0915102, 57.1482662], [33.0916269, 57.1482672], [33.0917163, 57.1482905], [33.0918537, 57.1483268], [33.0920065, 57.1483249], [33.0921628, 57.1483538], [33.0922916, 57.1483883], [33.0923758, 57.1484302], [33.092314, 57.1484544], [33.0923397, 57.1485346], [33.092393, 57.1485933], [33.0925166, 57.1486389], [33.0925939, 57.1486221], [33.092697, 57.1486445], [33.0928361, 57.1487442], [33.0929838, 57.1488131], [33.0931092, 57.1488802], [33.0931761, 57.1488886], [33.0933393, 57.1489035], [33.0934716, 57.1489128], [33.0935609, 57.1489613], [33.0935849, 57.1490107], [33.0936502, 57.1490647], [33.0937378, 57.1490749], [33.093791, 57.1491094], [33.0938924, 57.1491159], [33.0939765, 57.1491811], [33.0940744, 57.149224], [33.0941637, 57.1492156], [33.0943011, 57.149265], [33.0944093, 57.1492659], [33.0946292, 57.1493237], [33.094794, 57.1493554], [33.0949108, 57.1493433], [33.0951135, 57.1492911], [33.0952269, 57.1492715], [33.0953883, 57.1492659], [33.0955772, 57.1492333], [33.0956477, 57.1492091], [33.0958263, 57.1491206], [33.0960015, 57.1490954], [33.0960822, 57.149115], [33.0961698, 57.149087], [33.096223, 57.1490293], [33.0962162, 57.1489725], [33.0962797, 57.1489016], [33.0963244, 57.1488476], [33.0962677, 57.1488057], [33.0962539, 57.1487591], [33.0962591, 57.1486808], [33.0963484, 57.1486026], [33.0963713, 57.1485247], [33.0963542, 57.1484632], [33.0963713, 57.1483701], [33.0963456, 57.1482909], [33.0963198, 57.1482136], [33.0962116, 57.1481754], [33.0961275, 57.1481316], [33.0960158, 57.1480785], [33.0959162, 57.1480813], [33.0958458, 57.1480095], [33.0957513, 57.1479657], [33.0955864, 57.1479667], [33.0954422, 57.1479983], [33.0953889, 57.1479573], [33.0952738, 57.1478791], [33.0951794, 57.1479201], [33.095109, 57.1479611], [33.0949561, 57.1479527], [33.0947792, 57.1479014], [33.0946744, 57.1478567], [33.0946573, 57.1478064], [33.0947294, 57.1477589], [33.0948668, 57.1477701], [33.0950179, 57.1477738], [33.0951588, 57.1477952], [33.0952876, 57.1478064], [33.0955143, 57.147826], [33.0956088, 57.1478399], [33.0957771, 57.1478576], [33.0959145, 57.147853], [33.0960347, 57.1478427], [33.0961549, 57.1478353], [33.096246, 57.1477607], [33.0962872, 57.1477114], [33.0963507, 57.1476909], [33.0963679, 57.1476499], [33.096404, 57.1476024], [33.0964366, 57.1475036], [33.096483, 57.147402], [33.0964469, 57.1473471], [33.0965259, 57.1473499], [33.0966358, 57.1472912], [33.0967114, 57.1472185], [33.0967269, 57.1471439], [33.0968351, 57.1471085], [33.0969673, 57.1470154], [33.0969982, 57.1469427], [33.0970223, 57.1469092], [33.097091, 57.1468784], [33.0971769, 57.1468495], [33.0970051, 57.1467778], [33.097079, 57.1467321], [33.097419, 57.1468467], [33.0974688, 57.1467983], [33.097498, 57.146748], [33.0975736, 57.1466986], [33.0976183, 57.1466222], [33.0976732, 57.1465076], [33.0976543, 57.1464461], [33.0977673, 57.1464012], [33.0978206, 57.1463136], [33.0977862, 57.1462521], [33.0976471, 57.1461739], [33.0974942, 57.1461161], [33.0975561, 57.146063], [33.0975097, 57.1460332], [33.0976041, 57.145968], [33.0976763, 57.1459885], [33.0977811, 57.1459931], [33.0978635, 57.1460006], [33.0979923, 57.1459903], [33.0980576, 57.1459717], [33.0981469, 57.1460015], [33.0982465, 57.1460108], [33.0983152, 57.1459866], [33.0982774, 57.1459596], [33.0983375, 57.1459316], [33.0984268, 57.1459316], [33.09842, 57.1458999], [33.0984578, 57.1458738], [33.098523, 57.1458888], [33.098566, 57.1459288], [33.098645, 57.1459484], [33.0986484, 57.1459037], [33.098724, 57.1459279], [33.0987016, 57.1458822], [33.0988116, 57.1458757], [33.098791, 57.1458366], [33.0986587, 57.1458189], [33.0985557, 57.1457807], [33.0983908, 57.1457341], [33.0983564, 57.1457043], [33.0983375, 57.14564], [33.0983684, 57.1456008], [33.0985247, 57.1455878], [33.0986347, 57.1455999], [33.0987171, 57.1456344], [33.0988098, 57.1456279], [33.0987686, 57.1456092], [33.098736, 57.1455533], [33.0987497, 57.1455011], [33.0988184, 57.1454555], [33.0989181, 57.1454229], [33.0990589, 57.1454359], [33.0991585, 57.1454797], [33.0993612, 57.1455636], [33.0993955, 57.1455207], [33.0992306, 57.1454462], [33.0993835, 57.1454199], [33.099534, 57.1454066], [33.0996578, 57.1453671], [33.0997304, 57.1453148], [33.0998232, 57.1452691], [33.0999743, 57.1451564], [33.0999743, 57.1450968], [33.1000104, 57.1450548], [33.1000688, 57.1449793], [33.1000276, 57.144943], [33.0999262, 57.1448946], [33.0998077, 57.1448312], [33.0997845, 57.1447883], [33.0997641, 57.1447231], [33.0998668, 57.1446485], [33.0996635, 57.1445731], [33.0997631, 57.1445069], [33.0999464, 57.1445198], [33.1001019, 57.1445099], [33.1001334, 57.1444816], [33.10008, 57.1444592], [33.1000472, 57.1444216], [33.1000666, 57.1443834], [33.100131, 57.1443775], [33.1002027, 57.144392], [33.1002597, 57.144392], [33.1003605, 57.1443663], [33.1003848, 57.1442787], [33.1003873, 57.1442134], [33.1004176, 57.144164], [33.1004468, 57.144191], [33.1004419, 57.1442404], [33.1004589, 57.1443004], [33.1005281, 57.1443241], [33.1005755, 57.1442628], [33.1005901, 57.1442358], [33.1006107, 57.1441917], [33.1006119, 57.1441508], [33.1006326, 57.1440929], [33.1007079, 57.1440039], [33.1007795, 57.1439262], [33.1008439, 57.1438715], [33.1008548, 57.1438194], [33.1009277, 57.1438352], [33.1009617, 57.1438655], [33.1010467, 57.1439097], [33.1011925, 57.1439334], [33.101258, 57.1439202], [33.1013916, 57.1439202], [33.1015034, 57.1438504], [33.1015859, 57.1438596], [33.1016807, 57.1437647], [33.1016491, 57.1437344], [33.1017438, 57.1436501], [33.1017924, 57.1435552], [33.1018361, 57.1434616], [33.1018313, 57.1433549], [33.1018361, 57.1432851], [33.1018604, 57.1432468], [33.1017973, 57.1431783], [33.1017608, 57.1430992], [33.1017317, 57.1429925], [33.1017195, 57.1428831], [33.1016661, 57.1427592], [33.1015859, 57.1427079], [33.1014742, 57.1426907], [33.1013358, 57.1425985], [33.1010419, 57.1425471], [33.100969, 57.1423468], [33.1006581, 57.1422097], [33.1006289, 57.1420924], [33.1007285, 57.1419923], [33.1007601, 57.1418868], [33.1007461, 57.1417919], [33.1008641, 57.1416822], [33.1008687, 57.1416046], [33.1008505, 57.1415135], [33.1008573, 57.1414384], [33.1008369, 57.1414162], [33.1008482, 57.1413743], [33.1008255, 57.1413324], [33.100796, 57.141277], [33.1007665, 57.1412277], [33.1007415, 57.1411797], [33.1007007, 57.1411156], [33.1007279, 57.141054], [33.1007597, 57.1409961], [33.1007279, 57.1409506], [33.100712, 57.140889], [33.1006802, 57.1408409], [33.1006235, 57.1407855], [33.1006167, 57.1407288], [33.1006144, 57.1406611], [33.1006984, 57.140597], [33.1008009, 57.1405176], [33.1009599, 57.1404289], [33.101087, 57.1403747], [33.1012051, 57.1403328], [33.1013731, 57.1402983], [33.1014086, 57.1402271], [33.1014061, 57.1401438], [33.1014615, 57.1400557], [33.1014792, 57.1399907], [33.1013805, 57.1399438], [33.101264, 57.1398717], [33.1012423, 57.139811], [33.1014192, 57.139626], [33.1014748, 57.1395494], [33.1015592, 57.1394762], [33.1016484, 57.1394001], [33.1015539, 57.1393485], [33.1016513, 57.1392566], [33.1018398, 57.1391522], [33.1018429, 57.1390959], [33.1018761, 57.1389548], [33.1020795, 57.1388792], [33.1023503, 57.1387735], [33.102543, 57.1387132], [33.1027292, 57.1386801], [33.1029058, 57.1386539], [33.1031498, 57.1385424], [33.1035126, 57.138424], [33.1034195, 57.1383195], [33.1030512, 57.138338], [33.1026455, 57.138467], [33.1020009, 57.138629], [33.101755, 57.138705], [33.1014511, 57.1388078], [33.1013839, 57.1389326], [33.1012058, 57.1390628], [33.1011239, 57.1391411], [33.1010051, 57.1392793], [33.1008249, 57.1393656], [33.1008324, 57.139507], [33.1008188, 57.1396104], [33.100583, 57.139675], [33.1003832, 57.1397637], [33.1000064, 57.1398524], [33.0996295, 57.1399115], [33.0994615, 57.139983], [33.0994025, 57.1400396], [33.0993071, 57.1401554], [33.0991527, 57.1401973], [33.0990301, 57.140217], [33.0988576, 57.1401899], [33.0987532, 57.140148], [33.0985761, 57.1401554], [33.0983945, 57.1401653], [33.0982991, 57.1401406], [33.0981266, 57.1400815], [33.0980539, 57.1399559], [33.0964658, 57.13925], [33.0937192, 57.13925], [33.0925092, 57.1393892], [33.0915155, 57.1389242], [33.0899595, 57.1386323], [33.088041, 57.1384842], [33.0869169, 57.1386652], [33.0850853, 57.1382687], [33.0842779, 57.1387843], [33.0815313, 57.1393431], [33.0782697, 57.1390637], [33.0751798, 57.1380391], [33.070545, 57.1375734], [33.0665967, 57.1378528], [33.0605886, 57.1381323], [33.0520055, 57.1388774], [33.0449674, 57.13925], [33.0393026, 57.1403677], [33.0341527, 57.1418579], [33.0300329, 57.1427893], [33.0257413, 57.1427893], [33.0216215, 57.1424167], [33.0199048, 57.1426961], [33.0188986, 57.1429615], [33.0183674, 57.1439122], [33.0171381, 57.1440639], [33.0165357, 57.1434986], [33.013725, 57.1437206], [33.0113218, 57.1444657], [33.0100762, 57.1449429], [33.0085125, 57.1462445], [33.0095667, 57.1468045], [33.0096733, 57.147044], [33.0061419, 57.1469792], [33.0054597, 57.1470904], [33.0044494, 57.1468045], [33.004098, 57.1463637], [33.0050061, 57.1455691], [33.0052181, 57.1450888], [33.0026262, 57.1444419], [33.0020521, 57.144], [32.9983113, 57.1438692], [32.9961919, 57.1423574], [32.995886, 57.1422761], [32.995739, 57.1421796], [32.995817, 57.1418301], [32.995671, 57.1417975], [32.9954012, 57.1418468], [32.9948456, 57.1418213], [32.9942368, 57.1416332], [32.992941, 57.1408349], [32.9920625, 57.1407514], [32.9916012, 57.1402509], [32.9918501, 57.1396376], [32.9909563, 57.1390338], [32.9903791, 57.1384117], [32.9893062, 57.1380391], [32.9884887, 57.1370195], [32.9875231, 57.1366236], [32.9868926, 57.1364615], [32.9868536, 57.1362769], [32.986569, 57.1363783], [32.9863, 57.1363092], [32.9860904, 57.1355983], [32.9860491, 57.1350525], [32.9860872, 57.1348345], [32.9859108, 57.1344365], [32.9857463, 57.1342628], [32.9855717, 57.1340785], [32.9856259, 57.1338601]], [[33.2968294, 57.0309599], [33.2971712, 57.0306952], [33.2979208, 57.0306594], [33.2984994, 57.0309098], [33.2985125, 57.0314036], [33.2968294, 57.0309599]], [[33.2936097, 57.0346218], [33.2956644, 57.0340348], [33.2956644, 57.0335597], [33.2943545, 57.0331544], [33.2944829, 57.0326513], [33.2955359, 57.0319525], [33.2961523, 57.0311558], [33.2916321, 57.0314773], [33.2925053, 57.0320084], [33.2910157, 57.0326932], [33.2913753, 57.0329448], [33.2910414, 57.0336855], [33.2936097, 57.0346218]], [[33.2962893, 57.0394576], [33.2966914, 57.0388676], [33.2981535, 57.0382444], [33.2980195, 57.0379792], [33.2967523, 57.0383173], [33.2958506, 57.038324], [33.2950586, 57.0386289], [33.294486, 57.0386024], [33.293962, 57.0388344], [33.2939377, 57.0392255], [33.2944129, 57.0394642], [33.2952658, 57.0392123], [33.2962893, 57.0394576]], [[33.2980583, 57.0418023], [33.298056, 57.0408762], [33.2977636, 57.0405779], [33.2974712, 57.0406176], [33.297459, 57.0409623], [33.2967401, 57.0414065], [33.2963746, 57.0418837], [33.2966426, 57.0420561], [33.2974833, 57.042003], [33.2980583, 57.0418023]], [[33.2984145, 57.0440029], [33.2987343, 57.0434478], [33.2995111, 57.0432903], [33.2990999, 57.0436798], [33.2984145, 57.0440029]], [[33.2989475, 57.0468695], [33.2975006, 57.0459996], [33.2974549, 57.045312], [33.2978509, 57.0444503], [33.2960537, 57.0446906], [33.2954445, 57.0452208], [33.2956425, 57.0459499], [33.2962974, 57.0466044], [33.2976682, 57.0469192], [33.2989475, 57.0468695]], [[33.1788933, 57.1192295], [33.1793536, 57.1191164], [33.1799716, 57.1191247], [33.1806732, 57.1192387], [33.1811464, 57.119381], [33.1807709, 57.1193227], [33.1801432, 57.1193402], [33.1793439, 57.1193257], [33.1789137, 57.1192795], [33.1788933, 57.1192295]], [[33.1815862, 57.1203944], [33.1819349, 57.1201469], [33.1823308, 57.1200483], [33.1827922, 57.1198765], [33.1833458, 57.1195761], [33.1843275, 57.1195645], [33.1847234, 57.1195678], [33.1851847, 57.1194688], [33.1858231, 57.1195183], [33.1857211, 57.1196115], [33.1850302, 57.1196868], [33.1846547, 57.1197392], [33.1838232, 57.120176], [33.1834262, 57.120441], [33.1826162, 57.1206478], [33.1820851, 57.1209157], [33.1818437, 57.1209827], [33.181538, 57.120773], [33.1815862, 57.1203944]], [[32.989049, 57.1405702], [32.9888733, 57.1409933], [32.9880607, 57.1409813], [32.9878411, 57.1407788], [32.9880168, 57.1404272], [32.9883352, 57.1400697], [32.9888294, 57.1400697], [32.9890161, 57.1403021], [32.989049, 57.1405702]], [[33.1233093, 57.1493364], [33.1246814, 57.1488946], [33.1247002, 57.1488368], [33.1244621, 57.1488742], [33.1238606, 57.1488062], [33.1230336, 57.1488164], [33.1229459, 57.1489626], [33.1229647, 57.1492209], [33.1231115, 57.1493132], [33.1233093, 57.1493364]], [[33.1263096, 57.1491703], [33.1265151, 57.1493451], [33.1269389, 57.149348], [33.1273037, 57.1493829], [33.1277436, 57.1494731], [33.1280655, 57.1495168], [33.1282532, 57.1494818], [33.1286008, 57.1494964], [33.1286841, 57.1495459], [33.1288361, 57.1495665], [33.1292622, 57.1495239], [33.129726, 57.1494371], [33.1300501, 57.14933], [33.129978, 57.1491276], [33.1295665, 57.1491882], [33.1290301, 57.1491939], [33.1286606, 57.1491762], [33.1282743, 57.1491192], [33.1280414, 57.1490856], [33.1276808, 57.1489803], [33.1273623, 57.1489161], [33.1269773, 57.1489097], [33.1267463, 57.1489354], [33.1264662, 57.148946], [33.1263096, 57.1491703]], [[33.1311492, 57.1493595], [33.1307555, 57.1496548], [33.1311252, 57.1499607], [33.1320399, 57.1502802], [33.1331301, 57.1504501], [33.1341702, 57.1506269], [33.1346714, 57.1506948], [33.1350787, 57.1509123], [33.1356756, 57.1508608], [33.1357701, 57.1503199], [33.1355046, 57.1501664], [33.1350861, 57.1501351], [33.1345537, 57.1501671], [33.1339941, 57.1500606], [33.1332697, 57.1497377], [33.1324949, 57.1495701], [33.1314689, 57.1493044], [33.1311492, 57.1493595]], [[33.0780197, 57.1564724], [33.0779138, 57.1563708], [33.0772955, 57.1564156], [33.0768214, 57.1564044], [33.0766085, 57.1565311], [33.0761756, 57.1564342], [33.0756947, 57.1563597], [33.0751726, 57.1563485], [33.0748497, 57.1562143], [33.0744169, 57.156002], [33.0738398, 57.1556815], [33.0734826, 57.1556368], [33.0733314, 57.1554729], [33.072933, 57.155458], [33.0725345, 57.1552605], [33.0724589, 57.1550779], [33.0721429, 57.1550742], [33.0717994, 57.1551711], [33.0717101, 57.1553052], [33.071449, 57.155335], [33.0713872, 57.1556443], [33.0711536, 57.1559163], [33.0710781, 57.1561212], [33.0707345, 57.1564006], [33.0705353, 57.1565162], [33.0705078, 57.1567732], [33.0704391, 57.1569446], [33.0701781, 57.1569744], [33.0701025, 57.1570937], [33.0704048, 57.1572204], [33.0708239, 57.157306], [33.0711055, 57.1573619], [33.0716483, 57.1574066], [33.0719986, 57.1573396], [33.072136, 57.1573545], [33.0724246, 57.1572502], [33.072775, 57.1572837], [33.0730498, 57.1572241], [33.073249, 57.1571607], [33.0736406, 57.1571384], [33.0739223, 57.1570825], [33.0744513, 57.1571272], [33.0748566, 57.1570676], [33.0752138, 57.1570937], [33.0758253, 57.1569744], [33.0759489, 57.1568999], [33.0762718, 57.1568813], [33.0763111, 57.1568083], [33.076368, 57.1567025], [33.0765535, 57.1566242], [33.076882, 57.156614], [33.0774054, 57.1567732], [33.077639, 57.1568329], [33.0779893, 57.156654], [33.0780197, 57.1564724]], [[33.1021925, 57.1674061], [33.1023131, 57.1673615], [33.1025062, 57.1674458], [33.1028831, 57.1673513], [33.1029727, 57.1672057], [33.1027418, 57.1670575], [33.1028502, 57.1669298], [33.1031855, 57.1668244], [33.1035529, 57.1668653], [33.1034917, 57.1671463], [33.1037461, 57.1672791], [33.104024, 57.1673123], [33.1044951, 57.167249], [33.1049427, 57.1670339], [33.1051406, 57.1667759], [33.1051029, 57.1665], [33.1049423, 57.1663425], [33.1050605, 57.1662701], [33.1053783, 57.1662899], [33.1058143, 57.1670441], [33.1060544, 57.1677091], [33.1063308, 57.1682309], [33.1059231, 57.1683028], [33.1056251, 57.1682785], [33.1052953, 57.1681789], [33.104876, 57.1681559], [33.1043436, 57.1682938], [33.1035804, 57.1684905], [33.103816, 57.1685748], [33.1031398, 57.1685578], [33.1019362, 57.1679924], [33.101555, 57.1680402], [33.1013096, 57.1679413], [33.1014038, 57.1677549], [33.1021925, 57.1674061]], [[33.080158, 57.1762094], [33.0787689, 57.1773978], [33.0770404, 57.1780596], [33.0751069, 57.1788023], [33.0750064, 57.1788218], [33.0747625, 57.1787829], [33.0745903, 57.1786623], [33.0745186, 57.1783512], [33.0750638, 57.1778457], [33.0758745, 57.1775268], [33.0762117, 57.1773091], [33.0765346, 57.1769824], [33.0771663, 57.1766778], [33.0775964, 57.1764341], [33.0778259, 57.176158], [33.0778762, 57.1757768], [33.0780412, 57.1753568], [33.0781631, 57.1751118], [33.0785147, 57.1749757], [33.0788877, 57.1749057], [33.0792895, 57.1747268], [33.0798635, 57.1745129], [33.0801289, 57.1742485], [33.0818969, 57.1732818], [33.0826579, 57.1728056], [33.0830151, 57.1726317], [33.0835296, 57.1725372], [33.0842613, 57.1724905], [33.0848604, 57.1725897], [33.0851043, 57.1726947], [33.0853769, 57.17272], [33.0855505, 57.1727668], [33.0859558, 57.1726439], [33.0866623, 57.1723129], [33.0868192, 57.1722024], [33.0879687, 57.1713925], [33.0888291, 57.1708188], [33.0891259, 57.1706126], [33.0894477, 57.1703361], [33.0895605, 57.1702917], [33.089783, 57.1703506], [33.0897613, 57.1704698], [33.089645, 57.1708403], [33.0892203, 57.1711495], [33.0888907, 57.1711392], [33.0879779, 57.1717749], [33.0880019, 57.171983], [33.0881865, 57.1720409], [33.0884051, 57.1719935], [33.0893154, 57.1714588], [33.0897119, 57.1711639], [33.0901248, 57.1712561], [33.0904552, 57.1712403], [33.0905766, 57.1711429], [33.0907831, 57.1711348], [33.0908924, 57.171214], [33.0907479, 57.1714176], [33.0903232, 57.1716066], [33.0900442, 57.1717452], [33.0897419, 57.1720357], [33.0897526, 57.1726618], [33.0897213, 57.1736372], [33.0890343, 57.1737452], [33.0884298, 57.1739351], [33.0867455, 57.1743106], [33.0862214, 57.1745835], [33.0861664, 57.175008], [33.0864549, 57.1752985], [33.0868946, 57.1757826], [33.0872656, 57.1768104], [33.0876778, 57.1774733], [33.0881725, 57.1785085], [33.0891617, 57.1794916], [33.0902329, 57.1798065], [33.0909067, 57.179998], [33.0923769, 57.1802363], [33.0932288, 57.1802661], [33.0937097, 57.1803256], [33.094606, 57.1805785], [33.0952449, 57.1805896], [33.0958426, 57.1803327], [33.0962891, 57.1799715], [33.0961967, 57.1797373], [33.0957395, 57.1796141], [33.0952586, 57.1795955], [33.0950456, 57.1793385], [33.0951269, 57.1790152], [33.0953511, 57.1788159], [33.0956865, 57.1786594], [33.0958049, 57.1786468], [33.0962712, 57.1786176], [33.0966263, 57.1786721], [33.0970281, 57.1787284], [33.0971931, 57.1786973], [33.097333, 57.1786993], [33.0975052, 57.1787246], [33.0975985, 57.1788023], [33.0980002, 57.1789987], [33.0985096, 57.1792826], [33.0989401, 57.1795781], [33.0992163, 57.1797006], [33.0998225, 57.1798056], [33.1004682, 57.1799378], [33.1007552, 57.180035], [33.1009381, 57.1801886], [33.1010816, 57.1804666], [33.1012393, 57.1806682], [33.1019401, 57.1811374], [33.1023386, 57.1818225], [33.1026096, 57.1821796], [33.1026821, 57.182448], [33.1029431, 57.1830214], [33.1033378, 57.1832928], [33.1038393, 57.1836987], [33.1041648, 57.1838193], [33.1044015, 57.1838348], [33.1045701, 57.1838329], [33.1046203, 57.1838543], [33.1045916, 57.1838912], [33.104484, 57.1839243], [33.1043692, 57.1839476], [33.1039495, 57.1839359], [33.1037522, 57.1839709], [33.1035164, 57.1839518], [33.1034151, 57.1839204], [33.1032321, 57.183831], [33.1027882, 57.183762], [33.1026223, 57.1837474], [33.1023389, 57.1836793], [33.1022026, 57.1837357], [33.1019501, 57.1838253], [33.1011659, 57.1838951], [33.1009184, 57.1839204], [33.1007749, 57.1839068], [33.1007032, 57.183796], [33.1007091, 57.183644], [33.1006852, 57.1835957], [33.1003839, 57.1836249], [33.1001543, 57.1838154], [33.099731, 57.1839029], [33.0994656, 57.1839515], [33.0992001, 57.1841148], [33.0989347, 57.1841945], [33.0987697, 57.1843636], [33.0986907, 57.1846513], [33.0985616, 57.1847388], [33.0983536, 57.1847796], [33.0977837, 57.1847749], [33.0976182, 57.1847835], [33.0975177, 57.1848205], [33.0973886, 57.184871], [33.0971052, 57.1848555], [33.0968039, 57.1847952], [33.0963985, 57.1846377], [33.0955556, 57.1842392], [33.0951179, 57.1841303], [33.0930326, 57.1839318], [33.0922301, 57.1838862], [33.0917926, 57.1838018], [33.0912438, 57.1835685], [33.0905801, 57.1834733], [33.0901604, 57.1835044], [33.0893318, 57.1834402], [33.0887722, 57.1834091], [33.0884816, 57.1832866], [33.0879938, 57.1832225], [33.0870755, 57.1833099], [33.0863826, 57.1831957], [33.0857662, 57.1831758], [33.0852411, 57.1832421], [33.0848729, 57.1832886], [33.0843536, 57.1834052], [33.0841196, 57.1834577], [33.0840694, 57.1835918], [33.0830291, 57.1838757], [33.0826115, 57.1840863], [33.0819673, 57.1842412], [33.0814508, 57.1842489], [33.0807943, 57.1843364], [33.0801809, 57.1844161], [33.0795711, 57.1845639], [33.0791155, 57.1846222], [33.0787389, 57.184595], [33.0780573, 57.1843908], [33.0775444, 57.1843325], [33.0771211, 57.1842159], [33.0766332, 57.1841692], [33.0762314, 57.1840623], [33.0760252, 57.1839262], [33.0757167, 57.1837979], [33.0756557, 57.1836813], [33.0754459, 57.1835957], [33.0749167, 57.1835345], [33.0746872, 57.1833829], [33.0745939, 57.1832312], [33.0747374, 57.1829979], [33.0749024, 57.1827763], [33.0749096, 57.1825586], [33.0752252, 57.1822281], [33.075914, 57.1816915], [33.0763157, 57.1813804], [33.0768395, 57.1811199], [33.0774636, 57.1806066], [33.0778295, 57.18028], [33.0784178, 57.18], [33.0789846, 57.1798406], [33.079372, 57.1798056], [33.0798886, 57.1797861], [33.0804266, 57.1799222], [33.0806562, 57.1799339], [33.080893, 57.1798406], [33.0810078, 57.1795723], [33.0813234, 57.1787945], [33.0817037, 57.1783046], [33.0817611, 57.1780946], [33.0819404, 57.1779624], [33.0821054, 57.1778807], [33.0825933, 57.1777407], [33.0831601, 57.1773557], [33.0836192, 57.1770252], [33.0839708, 57.1767607], [33.0839636, 57.1765546], [33.0838632, 57.1763641], [33.0838273, 57.1762046], [33.084313, 57.1760841], [33.0845877, 57.1753429], [33.0847728, 57.1751616], [33.0850713, 57.1746179], [33.0850517, 57.1745144], [33.0849743, 57.1743294], [33.0849152, 57.1742881], [33.0847421, 57.1741669], [33.0841847, 57.1739403], [33.0837065, 57.1738862], [33.0834966, 57.1739129], [33.0824203, 57.1741172], [33.0816811, 57.1743226], [33.081356, 57.174469], [33.0811829, 57.1746234], [33.0806425, 57.1751305], [33.0801738, 57.1758514], [33.080158, 57.1762094]], [[33.0917367, 57.1730409], [33.0919871, 57.1729367], [33.0920971, 57.1728436], [33.0922825, 57.1727281], [33.0925642, 57.1726984], [33.092839, 57.1727133], [33.093107, 57.1725866], [33.093526, 57.1725121], [33.0937459, 57.1725084], [33.0939176, 57.1724265], [33.0942474, 57.1723259], [33.0943161, 57.1722254], [33.094584, 57.1721211], [33.0947626, 57.1720689], [33.0951061, 57.1720205], [33.0954771, 57.1719274], [33.0956283, 57.1718417], [33.0956764, 57.1717039], [33.0960061, 57.171663], [33.0961779, 57.1715103], [33.0963909, 57.1714842], [33.0965626, 57.1715214], [33.0968924, 57.1717337], [33.0973114, 57.1719423], [33.0974695, 57.172203], [33.0976206, 57.1723259], [33.0978679, 57.1723967], [33.0979023, 57.172501], [33.0979091, 57.1726723], [33.097813, 57.1728399], [33.0976756, 57.173], [33.0975313, 57.1733352], [33.0974214, 57.1735438], [33.0974763, 57.1737747], [33.0973595, 57.1740316], [33.0973664, 57.1742439], [33.0970092, 57.1745903], [33.0970435, 57.1747057], [33.0969611, 57.1748696], [33.0966519, 57.174918], [33.0964321, 57.1750632], [33.096068, 57.1750372], [33.0956145, 57.1749478], [33.0954703, 57.1747504], [33.0952916, 57.1746796], [33.0951336, 57.1745493], [33.0950512, 57.1742998], [33.095168, 57.1741247], [33.0954153, 57.1739832], [33.0953236, 57.1737522], [33.0949756, 57.1736071], [33.0945497, 57.1735177], [33.09411, 57.1735363], [33.0938764, 57.1736965], [33.0934092, 57.1738231], [33.0929421, 57.1739013], [33.0924406, 57.1739758], [33.0922413, 57.1742043], [33.0920191, 57.1742931], [33.0918057, 57.1744213], [33.0916015, 57.1744369], [33.0916849, 57.1740354], [33.0918085, 57.1738678], [33.0918223, 57.1735959], [33.0917192, 57.1734097], [33.0917148, 57.1732154], [33.0916613, 57.1731588], [33.0917367, 57.1730409]], [[33.1790173, 57.1732671], [33.1792747, 57.1732066], [33.1794507, 57.1730973], [33.1794979, 57.1729623], [33.1794507, 57.1728344], [33.179279, 57.1727623], [33.1790988, 57.1727436], [33.1788799, 57.1727762], [33.1788198, 57.1728972], [33.1788628, 57.1729902], [33.1789572, 57.1730205], [33.1789743, 57.1731182], [33.1790173, 57.1732671]], [[33.0909173, 57.1750332], [33.090996, 57.175069], [33.0912753, 57.175031], [33.0916622, 57.1749799], [33.0919528, 57.1749161], [33.0921376, 57.1747776], [33.0921481, 57.1747445], [33.0920686, 57.1746968], [33.0920436, 57.1746592], [33.0919409, 57.1745939], [33.091854, 57.1745173], [33.0917034, 57.1745096], [33.0915302, 57.174565], [33.091092, 57.1748638], [33.090945, 57.1749318], [33.0909173, 57.1750332]], [[33.0730299, 57.1778982], [33.0728505, 57.1777913], [33.0725779, 57.1775754], [33.0724057, 57.1772916], [33.0723483, 57.1770388], [33.0722945, 57.1766868], [33.0723268, 57.1766266], [33.0723914, 57.1766091], [33.0724739, 57.1766032], [33.072786, 57.1764263], [33.0729043, 57.176366], [33.0730335, 57.1763368], [33.0738801, 57.1759849], [33.0740773, 57.1759421], [33.0742854, 57.1759343], [33.0745006, 57.1759693], [33.0747517, 57.1760588], [33.0748809, 57.1761366], [33.074906, 57.1762182], [33.0747948, 57.1763582], [33.0745867, 57.176506], [33.0745114, 57.1766402], [33.0745078, 57.1769474], [33.0744863, 57.1772332], [33.0743787, 57.1774588], [33.0741419, 57.177661], [33.0741563, 57.177834], [33.0740917, 57.1779526], [33.0738801, 57.1780363], [33.0736218, 57.1780576], [33.0733348, 57.1779954], [33.0730299, 57.1778982]], [[33.0619088, 57.1948014], [33.0624093, 57.1944223], [33.0626268, 57.1940983], [33.0630439, 57.1942066], [33.0623441, 57.1957666], [33.0628036, 57.1957297], [33.0638081, 57.1944725], [33.063564, 57.1944513], [33.0636759, 57.1942536], [33.0641136, 57.1942949], [33.0645988, 57.1944216], [33.0642332, 57.1947595], [33.0643868, 57.1950502], [33.0647973, 57.1952421], [33.0652672, 57.1953722], [33.0661987, 57.1954576], [33.0667233, 57.1953255], [33.0677426, 57.195279], [33.0693734, 57.1954126], [33.0710471, 57.1957556], [33.0720392, 57.1960723], [33.0726685, 57.1960497], [33.073144, 57.1959524], [33.0738671, 57.1963685], [33.0743575, 57.1967453], [33.0747017, 57.1970095], [33.0750479, 57.1976824], [33.0765719, 57.1989199], [33.0784082, 57.2000402], [33.0791549, 57.2001984], [33.0804582, 57.2007821], [33.0809217, 57.2011807], [33.0826155, 57.2019954], [33.0829701, 57.20211], [33.0835875, 57.2021642], [33.0837312, 57.2021677], [33.0838445, 57.2022178], [33.0838463, 57.2022864], [33.0839705, 57.2023753], [33.0841634, 57.2024366], [33.08428, 57.2025359], [33.0842999, 57.2026925], [33.0844313, 57.2027939], [33.0847907, 57.20307], [33.085008, 57.2032341], [33.0853969, 57.2035596], [33.0854724, 57.2036919], [33.0856728, 57.2038391], [33.0856705, 57.2039809], [33.0858555, 57.2041334], [33.0860218, 57.2043514], [33.0860433, 57.2044414], [33.0862311, 57.2046332], [33.0863973, 57.2047654], [33.0868024, 57.2049092], [33.086915, 57.2049514], [33.0870116, 57.2050327], [33.0870974, 57.2051402], [33.0872503, 57.2054439], [33.0875561, 57.2057591], [33.0876499, 57.2060337], [33.0874863, 57.2061354], [33.0873442, 57.2062022], [33.0872154, 57.2063141], [33.0870652, 57.2064056], [33.0870035, 57.2065508], [33.0871828, 57.2076119], [33.0870491, 57.2080268], [33.0870384, 57.2082534], [33.0872117, 57.2086158], [33.0872251, 57.2088283], [33.0875614, 57.2091671], [33.0877197, 57.2094271], [33.0882078, 57.2097176], [33.0885994, 57.2100052], [33.0896616, 57.2106836], [33.0897018, 57.2107286], [33.0897018, 57.210778], [33.0896267, 57.2107751], [33.0895221, 57.210733], [33.0891439, 57.2105093], [33.0887228, 57.210303], [33.0883419, 57.2101127], [33.0879959, 57.2097975], [33.0874407, 57.2095491], [33.0868483, 57.2093531], [33.0866372, 57.2093752], [33.0860157, 57.2093287], [33.0850793, 57.2092605], [33.0832404, 57.2094184], [33.0819637, 57.209462], [33.0808318, 57.2095201], [33.0798581, 57.2099486], [33.0793834, 57.2101244], [33.0780047, 57.2102885], [33.0771289, 57.2105185], [33.0766529, 57.2106967], [33.0761754, 57.2107606], [33.0751498, 57.2107392], [33.0751482, 57.2106386], [33.0758429, 57.2106328], [33.0764383, 57.2105906], [33.0766502, 57.2105296], [33.0767709, 57.210412], [33.0767092, 57.2101316], [33.0765939, 57.2099413], [33.074888, 57.2101185], [33.0747256, 57.210105], [33.0744724, 57.2101308], [33.0744788, 57.210226], [33.0742723, 57.2102399], [33.0742294, 57.2104381], [33.0747779, 57.2108533], [33.0743026, 57.2112069], [33.0735904, 57.2115201], [33.0721047, 57.2106095], [33.0708546, 57.2092746], [33.0698721, 57.2087487], [33.0695808, 57.2087355], [33.0688891, 57.2084814], [33.0678259, 57.2079596], [33.0677041, 57.2080022], [33.0671867, 57.2078813], [33.0671371, 57.2079823], [33.0666891, 57.2078698], [33.0668756, 57.2075238], [33.0660661, 57.2073441], [33.0659175, 57.2075604], [33.0664531, 57.2076601], [33.0663675, 57.2077865], [33.0653531, 57.2076559], [33.0648634, 57.2075222], [33.0649476, 57.2074282], [33.0650809, 57.2073751], [33.0650388, 57.2072851], [33.0647102, 57.2071845], [33.0636907, 57.2069905], [33.0610156, 57.2067898], [33.058282, 57.2069413], [33.0552083, 57.2076221], [33.0528998, 57.2079748], [33.0521201, 57.207157], [33.0507702, 57.2053233], [33.0489678, 57.2048119], [33.0458779, 57.2033707], [33.0422365, 57.1996855], [33.0418581, 57.1994746], [33.041761, 57.1992621], [33.0416161, 57.1991283], [33.0418425, 57.1990229], [33.0421995, 57.198818], [33.0425796, 57.1987281], [33.0428857, 57.19861], [33.0429685, 57.1984914], [33.0433703, 57.1983115], [33.0463081, 57.1972896], [33.052419, 57.1963742], [33.054434, 57.1963425], [33.0556037, 57.1963901], [33.0564854, 57.1962516], [33.0571881, 57.1960151], [33.0577991, 57.1963689], [33.0582339, 57.1963603], [33.0586027, 57.1961134], [33.0586003, 57.1959876], [33.0586617, 57.1959046], [33.0587505, 57.19579], [33.0589281, 57.1954431], [33.0591968, 57.1952129], [33.0593586, 57.1952138], [33.0599685, 57.1955181], [33.0601259, 57.1955817], [33.0600975, 57.1956511], [33.0598907, 57.1957272], [33.0597394, 57.1958206], [33.0597486, 57.1959732], [33.0600195, 57.196102], [33.060189, 57.1960783], [33.0602438, 57.1958988], [33.0601643, 57.1957802], [33.0601115, 57.1957141], [33.0602257, 57.1956429], [33.0603243, 57.195663], [33.060495, 57.1956979], [33.0607506, 57.1957368], [33.061017, 57.1957242], [33.0612908, 57.1956637], [33.0613665, 57.1956025], [33.0613777, 57.1955336], [33.0612774, 57.1954838], [33.0611237, 57.195396], [33.0619088, 57.1948014]], [[33.0101437, 57.2042596], [33.0100377, 57.2042465], [33.009913, 57.2042458], [33.0097963, 57.2041869], [33.0097494, 57.2041143], [33.0097735, 57.2040721], [33.0098325, 57.2040554], [33.0099251, 57.2040467], [33.0101356, 57.2040525], [33.0102335, 57.204075], [33.0103301, 57.204062], [33.0104682, 57.2040707], [33.0105943, 57.2041244], [33.0106466, 57.2041804], [33.0106412, 57.204261], [33.0105621, 57.2043177], [33.0103985, 57.2043402], [33.0102469, 57.204322], [33.0101437, 57.2042596]], [[33.0103676, 57.2070997], [33.0104106, 57.2070488], [33.0104696, 57.2070256], [33.0105876, 57.206998], [33.0106466, 57.2069646], [33.0106761, 57.2069283], [33.0107297, 57.206889], [33.010947, 57.2068077], [33.011124, 57.2067089], [33.011411, 57.2064067], [33.011521, 57.2062295], [33.0116846, 57.2061002], [33.0119528, 57.2058315], [33.0121459, 57.205477], [33.012162, 57.2053695], [33.0120762, 57.2052228], [33.0120387, 57.2051182], [33.0120467, 57.2050789], [33.0121138, 57.205076], [33.0121915, 57.2051225], [33.0123525, 57.2052867], [33.0124276, 57.2053927], [33.012508, 57.2055845], [33.0126073, 57.2057007], [33.0126234, 57.2057457], [33.0125724, 57.2058649], [33.0123203, 57.2062426], [33.0122371, 57.2063385], [33.0119636, 57.2064532], [33.0118992, 57.2065433], [33.0118187, 57.2065796], [33.0117141, 57.2066101], [33.0116712, 57.2066552], [33.0116792, 57.206706], [33.0116551, 57.2067409], [33.0114459, 57.2068455], [33.0114271, 57.2069689], [33.0113735, 57.207014], [33.011124, 57.2070721], [33.0108773, 57.2071505], [33.0105768, 57.2072028], [33.0104615, 57.2071999], [33.0103837, 57.2071839], [33.0103676, 57.2071578], [33.0103676, 57.2070997]], [[33.006579, 57.2063454], [33.0064811, 57.2062967], [33.0064516, 57.2062618], [33.0064288, 57.2062095], [33.0064328, 57.2061601], [33.0065012, 57.2061107], [33.0066917, 57.2060708], [33.0069143, 57.2060563], [33.0071999, 57.2060766], [33.0073622, 57.20615], [33.0074065, 57.206211], [33.0074239, 57.2062764], [33.0074065, 57.2063156], [33.0073421, 57.2063621], [33.0073032, 57.2063991], [33.007204, 57.2064245], [33.0070162, 57.206426], [33.0067963, 57.2063984], [33.006579, 57.2063454]], [[33.0092331, 57.2081427], [33.0093269, 57.2080003], [33.0093645, 57.2079815], [33.0094262, 57.2079742], [33.009504, 57.2079655], [33.0095308, 57.2079466], [33.0095415, 57.2078769], [33.0095925, 57.2078071], [33.0096729, 57.20781], [33.0099465, 57.2076532], [33.0100377, 57.2075762], [33.0101101, 57.2075369], [33.0102362, 57.207473], [33.0103167, 57.2074774], [33.0103435, 57.207521], [33.0102872, 57.2077229], [33.0102791, 57.2078144], [33.0102657, 57.207874], [33.0101852, 57.2079292], [33.0098553, 57.2080831], [33.0096488, 57.2082313], [33.0093645, 57.2085015], [33.0092706, 57.2085422], [33.0092197, 57.2085494], [33.0091526, 57.2085436], [33.0090829, 57.2084725], [33.0090882, 57.2083882], [33.0092331, 57.2081427]], [[33.0034518, 57.2079216], [33.0033592, 57.2078868], [33.0033498, 57.2078657], [33.0033901, 57.2078308], [33.0034531, 57.2077953], [33.0034866, 57.2077335], [33.0036382, 57.207695], [33.00372, 57.2076631], [33.0037549, 57.2076311], [33.0038139, 57.2076115], [33.0039413, 57.207605], [33.0040003, 57.20761], [33.0040258, 57.2076275], [33.0039963, 57.2077226], [33.0039587, 57.2077677], [33.0039627, 57.2077887], [33.0039869, 57.2077974], [33.0040794, 57.2078083], [33.0041123, 57.2078189], [33.0041317, 57.2078367], [33.0041351, 57.2078476], [33.0041223, 57.2078614], [33.0040693, 57.2078806], [33.0039869, 57.207889], [33.0039191, 57.2078722], [33.0038702, 57.2078392], [33.0038219, 57.207881], [33.0037213, 57.2079369], [33.0036315, 57.2079514], [33.0035215, 57.2079514], [33.0034518, 57.2079216]], [[33.0243989, 57.2130273], [33.0244805, 57.2128924], [33.0243784, 57.2125717], [33.0241947, 57.2124833], [33.0241007, 57.2124125], [33.0240762, 57.2123307], [33.024162, 57.2120454], [33.0242723, 57.2116849], [33.0244969, 57.2114527], [33.0246235, 57.2113399], [33.0248072, 57.2112338], [33.0251111, 57.2113281], [33.02536, 57.2114911], [33.0260937, 57.2114194], [33.0268622, 57.2114583], [33.0274073, 57.2116191], [33.0279822, 57.2114692], [33.0284216, 57.211132], [33.0288354, 57.2111525], [33.0298276, 57.2106383], [33.0306966, 57.2105453], [33.0313462, 57.2104389], [33.0319733, 57.2103306], [33.0336528, 57.2099046], [33.0339958, 57.2098825], [33.0345267, 57.2097365], [33.035123, 57.2096436], [33.0356294, 57.2096082], [33.0363399, 57.2096038], [33.0373078, 57.2097476], [33.0377448, 57.2097166], [33.0382879, 57.2098803], [33.0386161, 57.2101022], [33.0392582, 57.2103245], [33.0395775, 57.2102184], [33.0399492, 57.2103903], [33.0398406, 57.2105374], [33.0395963, 57.2107434], [33.0395763, 57.2109325], [33.0397749, 57.2110566], [33.0395041, 57.2113555], [33.0393165, 57.2115118], [33.0390872, 57.2115159], [33.0383947, 57.2121239], [33.0381947, 57.2124471], [33.0378151, 57.2128763], [33.0364898, 57.2143771], [33.0354641, 57.2151193], [33.0342977, 57.2160176], [33.0342062, 57.2161622], [33.0341888, 57.2162723], [33.0342259, 57.2164308], [33.0342143, 57.216547], [33.0341779, 57.2166401], [33.0341127, 57.2167853], [33.0339972, 57.2169298], [33.0337927, 57.2171193], [33.0334648, 57.217272], [33.0331154, 57.217413], [33.0326479, 57.2175384], [33.0320998, 57.2176434], [33.0314186, 57.2176521], [33.0305787, 57.2175792], [33.0304842, 57.2175889], [33.0303455, 57.2176233], [33.0302086, 57.2176407], [33.0300906, 57.2176371], [33.0299968, 57.2176147], [33.0299129, 57.2175417], [33.0298228, 57.217355], [33.0298286, 57.2172443], [33.0298753, 57.2171906], [33.0298669, 57.2171555], [33.0298114, 57.2171199], [33.0298063, 57.2170321], [33.0298143, 57.2169469], [33.0298636, 57.2167979], [33.0297699, 57.2166476], [33.0297266, 57.2165806], [33.0297127, 57.2165375], [33.0296892, 57.2164848], [33.0296833, 57.2164668], [33.0296526, 57.2164555], [33.0295911, 57.2164563], [33.0295366, 57.2164355], [33.0293144, 57.2163206], [33.0284891, 57.2162884], [33.0275741, 57.2164352], [33.0270473, 57.216628], [33.0265741, 57.2167729], [33.0260998, 57.2170669], [33.0260614, 57.2172493], [33.0254298, 57.217464], [33.0241842, 57.2176999], [33.0234145, 57.217944], [33.0222476, 57.218079], [33.0215559, 57.218649], [33.0208771, 57.2193599], [33.0200295, 57.2200148], [33.0196299, 57.2205448], [33.0189005, 57.2210749], [33.0183417, 57.2214547], [33.0175422, 57.2217502], [33.0173552, 57.2221705], [33.0169302, 57.222697], [33.0169548, 57.2230321], [33.0170541, 57.2231657], [33.0172498, 57.2232325], [33.017449, 57.2232584], [33.0176575, 57.2232514], [33.0177594, 57.2231991], [33.0178828, 57.2231149], [33.017966, 57.2229972], [33.0178855, 57.2228623], [33.0179198, 57.2227585], [33.0178837, 57.2226427], [33.0178748, 57.2225832], [33.0179015, 57.2225746], [33.0179707, 57.2225829], [33.0181451, 57.222568], [33.0186375, 57.222598], [33.0189751, 57.2225499], [33.0191601, 57.2224961], [33.0194412, 57.2225268], [33.0194844, 57.2225024], [33.0194696, 57.2224543], [33.0194443, 57.2223742], [33.0195071, 57.2223368], [33.0197141, 57.2222795], [33.0201183, 57.2222159], [33.0204135, 57.2222045], [33.0207137, 57.2221779], [33.020856, 57.2221751], [33.0209207, 57.2221551], [33.0209727, 57.2220806], [33.0209918, 57.2220392], [33.0209379, 57.2219866], [33.020839, 57.2219281], [33.0208286, 57.2218506], [33.0210244, 57.2218105], [33.0212472, 57.2217821], [33.0221872, 57.221694], [33.0230391, 57.221707], [33.023806, 57.2218064], [33.0242543, 57.2219194], [33.0249572, 57.2222122], [33.025178, 57.2224126], [33.0252477, 57.2224824], [33.0252246, 57.2226247], [33.0249632, 57.2227118], [33.0241085, 57.2231375], [33.0238617, 57.2232534], [33.0236572, 57.2234099], [33.0237333, 57.2237321], [33.0238177, 57.2238983], [33.0242246, 57.2244389], [33.024747, 57.2251384], [33.0253167, 57.2255313], [33.0264919, 57.2255605], [33.0279247, 57.2257875], [33.0295121, 57.2259939], [33.0300564, 57.2260416], [33.0306282, 57.2260328], [33.0308442, 57.2261118], [33.0314801, 57.2261347], [33.0318333, 57.2262074], [33.0337288, 57.2262639], [33.0351438, 57.2263204], [33.0361983, 57.2266829], [33.0368267, 57.2266746], [33.0374647, 57.2268723], [33.0383415, 57.2269774], [33.0403936, 57.2267729], [33.0420497, 57.2264639], [33.0430998, 57.2263737], [33.0439704, 57.2261231], [33.0460274, 57.2252724], [33.046814, 57.2249855], [33.0474733, 57.2248213], [33.048048, 57.2247788], [33.0493456, 57.2251348], [33.0508493, 57.2258503], [33.0510434, 57.2269599], [33.0515999, 57.2276154], [33.0517439, 57.2280518], [33.0516198, 57.2281818], [33.0513734, 57.2283175], [33.0513235, 57.2284358], [33.0514132, 57.2284798], [33.051484, 57.2285475], [33.0515193, 57.2286423], [33.0514388, 57.2288555], [33.051236, 57.2289612], [33.0510007, 57.2290262], [33.0508602, 57.2290213], [33.0506904, 57.2289233], [33.0502118, 57.2287365], [33.0499715, 57.2286939], [33.0497763, 57.228617], [33.0495391, 57.2283277], [33.0495042, 57.2281775], [33.0492803, 57.227939], [33.049024, 57.2277404], [33.0486062, 57.2274866], [33.0481539, 57.2273407], [33.0475743, 57.2272987], [33.046622, 57.2274237], [33.0454599, 57.228382], [33.0449722, 57.2288816], [33.0441885, 57.229275], [33.0436304, 57.2295342], [33.0414832, 57.2299092], [33.0410618, 57.2301737], [33.040612, 57.2304622], [33.0406427, 57.2307187], [33.0401987, 57.23092], [33.039717, 57.2309925], [33.0390214, 57.2310448], [33.0384449, 57.2311729], [33.0380797, 57.2312617], [33.0378838, 57.2313973], [33.0379591, 57.2315365], [33.0382667, 57.2315637], [33.0384335, 57.2316511], [33.0383518, 57.2318785], [33.0376242, 57.2322304], [33.0366745, 57.232693], [33.035336, 57.2329669], [33.0350432, 57.2329477], [33.0348313, 57.2329505], [33.0345816, 57.2329489], [33.0343571, 57.2329009], [33.034307, 57.2328209], [33.0343747, 57.2327504], [33.0346164, 57.2326755], [33.0347269, 57.2326373], [33.0348187, 57.232538], [33.034888, 57.2325061], [33.0350369, 57.232508], [33.0351597, 57.2325119], [33.0353461, 57.2324544], [33.0355981, 57.2322458], [33.0356873, 57.2321395], [33.0356175, 57.2320764], [33.035613, 57.2320159], [33.0357012, 57.2319336], [33.0358267, 57.2318545], [33.0360238, 57.2317759], [33.0361695, 57.231739], [33.0363355, 57.2317055], [33.0364425, 57.2316519], [33.0364686, 57.2315774], [33.0364739, 57.2315095], [33.0363996, 57.2314549], [33.0362725, 57.2314128], [33.0360974, 57.2314199], [33.0357271, 57.2313749], [33.0354333, 57.2312613], [33.0351894, 57.231257], [33.0350858, 57.2312489], [33.0348099, 57.2314407], [33.0347299, 57.2315133], [33.034904, 57.2316356], [33.0350005, 57.2318119], [33.0349974, 57.2318517], [33.0349638, 57.2318945], [33.0347594, 57.2320585], [33.0345229, 57.2321412], [33.0326338, 57.2325227], [33.0318148, 57.2330263], [33.0317279, 57.2330979], [33.031682, 57.2331645], [33.0316057, 57.2337422], [33.031605, 57.2338385], [33.0316624, 57.2339274], [33.0318904, 57.2342241], [33.0319122, 57.2343054], [33.0318855, 57.2343818], [33.0313679, 57.2351458], [33.0308515, 57.235437], [33.0307343, 57.2354966], [33.0306315, 57.235533], [33.0305001, 57.2355333], [33.0304003, 57.2355027], [33.0303865, 57.2354102], [33.0303543, 57.2353181], [33.0302639, 57.2352602], [33.0300324, 57.2352663], [33.0298568, 57.2352833], [33.0297041, 57.2353646], [33.0295799, 57.2355095], [33.0295367, 57.2355559], [33.0291308, 57.2357063], [33.0281277, 57.2358852], [33.0274115, 57.235826], [33.0264456, 57.2359452], [33.0259299, 57.235978], [33.0250395, 57.2356948], [33.0249401, 57.2356629], [33.024808, 57.2356642], [33.0246798, 57.2357144], [33.0244951, 57.2358039], [33.023463, 57.2366339], [33.0229794, 57.2370149], [33.0226425, 57.2371733], [33.0224775, 57.2374111], [33.0224475, 57.2377095], [33.0225176, 57.2378428], [33.0225963, 57.2379173], [33.0226762, 57.2379527], [33.0230247, 57.2380692], [33.0236797, 57.2385867], [33.0237224, 57.2386911], [33.0237174, 57.2388018], [33.0235375, 57.239175], [33.0233252, 57.2393851], [33.0228074, 57.2396894], [33.022696, 57.2396886], [33.0225724, 57.2396727], [33.0225253, 57.2396164], [33.0225267, 57.2395104], [33.0223093, 57.2393308], [33.0216216, 57.239208], [33.0209176, 57.2390237], [33.0203287, 57.238869], [33.0199427, 57.2388115], [33.0193528, 57.2388165], [33.0189438, 57.2390876], [33.0188571, 57.2392446], [33.0189397, 57.2393652], [33.0191376, 57.2394785], [33.0193016, 57.2395293], [33.0194442, 57.2395493], [33.019612, 57.2395148], [33.0198648, 57.2394918], [33.0200764, 57.2395005], [33.0202076, 57.2395228], [33.0203795, 57.2395431], [33.0205475, 57.2395857], [33.0206398, 57.2396141], [33.020737, 57.2396641], [33.020806, 57.2397561], [33.0208099, 57.2397707], [33.0208647, 57.2401393], [33.0208758, 57.2401811], [33.0209245, 57.2402253], [33.0209834, 57.2402537], [33.0211559, 57.2403201], [33.0211773, 57.2403986], [33.0211962, 57.2404811], [33.0212547, 57.2405787], [33.021383, 57.2406718], [33.0216059, 57.2407748], [33.021756, 57.2408442], [33.0218185, 57.2408548], [33.0220912, 57.2407759], [33.0225834, 57.2405812], [33.0228651, 57.2404392], [33.022995, 57.2404002], [33.0230954, 57.2403948], [33.0231653, 57.2403991], [33.0232623, 57.2403805], [33.0241334, 57.2399696], [33.0242901, 57.2399387], [33.0245015, 57.2399221], [33.024614, 57.2398699], [33.0246608, 57.2398138], [33.0246588, 57.2397349], [33.0246698, 57.2395948], [33.0247134, 57.2395152], [33.024767, 57.2394763], [33.025011, 57.2394039], [33.0252366, 57.2393814], [33.0258084, 57.2394585], [33.0268134, 57.2397042], [33.0275474, 57.2399174], [33.0276976, 57.2399475], [33.0278209, 57.2399722], [33.0279627, 57.2399699], [33.0281481, 57.2399396], [33.028218, 57.2399141], [33.0282362, 57.2398875], [33.0282825, 57.2395604], [33.0282916, 57.239488], [33.0282987, 57.2394623], [33.028342, 57.2394064], [33.0284112, 57.2393553], [33.0284804, 57.2393156], [33.0285189, 57.2392799], [33.0284872, 57.2390078], [33.0284084, 57.2389645], [33.0283377, 57.2389394], [33.0275011, 57.2387308], [33.0274513, 57.238703], [33.0274276, 57.2386507], [33.0274569, 57.2386103], [33.0275449, 57.2385624], [33.0276581, 57.2385482], [33.0277625, 57.2385647], [33.0286512, 57.2387057], [33.0289317, 57.2386801], [33.0291075, 57.2387295], [33.0293315, 57.238767], [33.0304527, 57.2387368], [33.031336, 57.2389363], [33.0321832, 57.2393189], [33.0323242, 57.2393823], [33.0328426, 57.2394443], [33.0333079, 57.2394909], [33.034334, 57.2399522], [33.0355901, 57.2407568], [33.037276, 57.2416733], [33.0373399, 57.2418455], [33.0377176, 57.2419489], [33.0380882, 57.2419408], [33.0383401, 57.2419826], [33.0392281, 57.241764], [33.0394127, 57.2416827], [33.0395748, 57.2416851], [33.0397243, 57.2417408], [33.041553, 57.2424532], [33.041865, 57.2425312], [33.042047, 57.2425625], [33.0423673, 57.2426634], [33.042682, 57.2426903], [33.0432543, 57.2427264], [33.0437847, 57.2427656], [33.0448094, 57.2428481], [33.0454559, 57.2428954], [33.046276, 57.2429701], [33.046773, 57.2430033], [33.0472076, 57.2430156], [33.0477044, 57.2431133], [33.0483932, 57.2435349], [33.04935, 57.2434204], [33.0504293, 57.2433966], [33.05064, 57.2432759], [33.0505499, 57.2429693], [33.0504456, 57.2423112], [33.0506944, 57.2417402], [33.0510024, 57.2413904], [33.0517291, 57.24105], [33.0519069, 57.2409177], [33.0520447, 57.2405407], [33.052298, 57.2401317], [33.0526339, 57.2398875], [33.0530363, 57.2397757], [33.053596, 57.2397508], [33.0540672, 57.2398477], [33.0542879, 57.240037], [33.0543391, 57.2401695], [33.0543561, 57.2402544], [33.0544321, 57.2403014], [33.0546182, 57.2402889], [33.0547976, 57.2402066], [33.0549207, 57.2402169], [33.0556558, 57.2408457], [33.0559716, 57.2412343], [33.0559901, 57.2416943], [33.0556092, 57.2423372], [33.0550266, 57.2430321], [33.0547079, 57.2434239], [33.0547568, 57.2435688], [33.0550059, 57.2436559], [33.0553241, 57.2436808], [33.0554897, 57.2435487], [33.055612, 57.2434449], [33.0557703, 57.2434224], [33.0562365, 57.2434712], [33.0568809, 57.2436929], [33.0574437, 57.2439302], [33.0578786, 57.243948], [33.058273, 57.2438653], [33.0592761, 57.2436905], [33.0597429, 57.243502], [33.0599157, 57.2433803], [33.059924, 57.2432113], [33.0596742, 57.2428604], [33.0595167, 57.2425086], [33.0595427, 57.2422809], [33.0595217, 57.2418684], [33.0596596, 57.2417346], [33.0599262, 57.2415935], [33.0601745, 57.2415932], [33.0603524, 57.2416546], [33.06061, 57.24163], [33.0609547, 57.2415668], [33.061241, 57.2415827], [33.0616069, 57.2417965], [33.0622245, 57.2424043], [33.0625821, 57.2427782], [33.0629842, 57.2429406], [33.063022, 57.2431106], [33.0630528, 57.2432394], [33.0627722, 57.2433972], [33.062677, 57.2435411], [33.0626895, 57.2436311], [33.0626152, 57.2436922], [33.0624085, 57.2437648], [33.0617643, 57.2438314], [33.0609844, 57.244308], [33.0601497, 57.2447736], [33.0592613, 57.2454603], [33.0587292, 57.2462857], [33.0589255, 57.2468122], [33.0583815, 57.2473038], [33.0579352, 57.2481385], [33.057844, 57.2493115], [33.0577927, 57.2495287], [33.0578598, 57.2499341], [33.0579389, 57.2500984], [33.0580339, 57.2502446], [33.0582812, 57.250351], [33.0584415, 57.2504318], [33.0585791, 57.2504906], [33.0590926, 57.2504887], [33.0596548, 57.250535], [33.0600445, 57.2506554], [33.0602482, 57.2509006], [33.0603236, 57.2510898], [33.0603048, 57.2512424], [33.060339, 57.2513373], [33.0604376, 57.2514448], [33.0605527, 57.2515026], [33.0605627, 57.2515599], [33.0603273, 57.2515884], [33.0602137, 57.2515151], [33.0601531, 57.2514257], [33.0600814, 57.2514154], [33.0599742, 57.2514077], [33.0598992, 57.251333], [33.0597425, 57.2512875], [33.059559, 57.2511952], [33.0594217, 57.251133], [33.0593566, 57.2510611], [33.0593295, 57.2509859], [33.059347, 57.2509055], [33.0592481, 57.2508528], [33.0590716, 57.2508861], [33.0589601, 57.2509523], [33.0588142, 57.2509716], [33.0586649, 57.2508673], [33.0585157, 57.2508786], [33.0581144, 57.251383], [33.0583493, 57.2520672], [33.0579353, 57.2521439], [33.0578523, 57.2522298], [33.0577949, 57.2523507], [33.0578475, 57.2526108], [33.0585956, 57.2529744], [33.0589392, 57.2530564], [33.0596267, 57.2530756], [33.0610306, 57.2530337], [33.0619518, 57.2529634], [33.0625592, 57.2530197], [33.063099, 57.253161], [33.0633754, 57.2534372], [33.0633263, 57.253795], [33.063094, 57.2542835], [33.0631816, 57.2553827], [33.0633469, 57.2563919], [33.063483, 57.2570753], [33.0635512, 57.2572164], [33.064151, 57.2572995], [33.0643713, 57.2573665], [33.064871, 57.2573886], [33.065166, 57.2574347], [33.0652151, 57.2574924], [33.0650554, 57.257577], [33.0651368, 57.2576682], [33.0653632, 57.2577763], [33.0653958, 57.2581692], [33.0653802, 57.2583025], [33.0652205, 57.258352], [33.0650314, 57.2584966], [33.0650194, 57.2586011], [33.0649771, 57.2587412], [33.0650209, 57.2588359], [33.0652167, 57.2589321], [33.0653654, 57.2592465], [33.0655347, 57.259906], [33.0655529, 57.2609199], [33.0654569, 57.2610704], [33.0650105, 57.2613118], [33.0645088, 57.2617222], [33.0643222, 57.2619018], [33.0642149, 57.2629141], [33.0645184, 57.263732], [33.0648128, 57.2639642], [33.0650117, 57.264234], [33.0654359, 57.2644687], [33.0655965, 57.2646407], [33.0655916, 57.264818], [33.0654671, 57.2648907], [33.0652087, 57.2650029], [33.0650603, 57.2650832], [33.0649066, 57.2651086], [33.064734, 57.2651733], [33.0643952, 57.2655334], [33.0641312, 57.2658495], [33.0639173, 57.2659818], [33.0635669, 57.2660531], [33.063125, 57.2662024], [33.0627322, 57.2664094], [33.0622709, 57.2665312], [33.0619705, 57.2666241], [33.0619473, 57.2668792], [33.0622675, 57.2670494], [33.0623859, 57.2672569], [33.0627289, 57.2674203], [33.0631423, 57.2677739], [33.0632075, 57.268083], [33.0634497, 57.2684221], [33.0634325, 57.2685825], [33.0632345, 57.2687051], [33.0634444, 57.2690855], [33.0633787, 57.2692278], [33.0634298, 57.2693296], [33.0638181, 57.2694485], [33.0640004, 57.269763], [33.0639409, 57.2698719], [33.0641092, 57.2699595], [33.0643566, 57.269988], [33.0645952, 57.2699088], [33.0650384, 57.2699541], [33.0656961, 57.2701125], [33.0657738, 57.2702074], [33.066049, 57.2703716], [33.0664229, 57.2704586], [33.0671471, 57.2705238], [33.0678177, 57.2703426], [33.0683498, 57.270251], [33.0684993, 57.2701616], [33.0686954, 57.2701288], [33.0690699, 57.2701251], [33.0692835, 57.2702096], [33.0702638, 57.2702382], [33.0707359, 57.2701221], [33.0713367, 57.2696581], [33.0716371, 57.2692752], [33.0720877, 57.2687531], [33.0726027, 57.2680106], [33.0727529, 57.2674188], [33.073225, 57.2666067], [33.0730533, 57.2663398], [33.0727206, 57.2662698], [33.0726693, 57.2663524], [33.0726804, 57.2664843], [33.0726986, 57.2666997], [33.072695, 57.2669697], [33.0724073, 57.2671309], [33.0717894, 57.2672888], [33.0710496, 57.2672573], [33.0703397, 57.2673671], [33.0687781, 57.2675756], [33.0682433, 57.2676867], [33.0676143, 57.2677492], [33.0669389, 57.267696], [33.0666013, 57.2676298], [33.0662954, 57.267262], [33.0657246, 57.2667793], [33.065705, 57.2662592], [33.0665553, 57.2657728], [33.0676249, 57.2654819], [33.0683557, 57.2650906], [33.06867, 57.2648474], [33.0690108, 57.2647894], [33.0694439, 57.2650066], [33.0709396, 57.265265], [33.0711365, 57.2652127], [33.0715052, 57.2651753], [33.0722864, 57.2653479], [33.074056, 57.2649311], [33.0765243, 57.264804], [33.0769528, 57.2647614], [33.0777393, 57.2652033], [33.0774824, 57.2656675], [33.0774522, 57.2659221], [33.0773883, 57.2661963], [33.0774497, 57.2663052], [33.0775231, 57.2663605], [33.0775004, 57.2664425], [33.0775716, 57.2664908], [33.0777483, 57.2665199], [33.0779616, 57.2664337], [33.0780356, 57.266317], [33.0781124, 57.2661771], [33.0782373, 57.2661821], [33.0783905, 57.2662589], [33.0784125, 57.2663907], [33.0783819, 57.2664476], [33.0784733, 57.2665204], [33.0787968, 57.2672174], [33.0787939, 57.2673643], [33.078923, 57.2674246], [33.0791012, 57.2674133], [33.0793077, 57.2673607], [33.0806858, 57.2670547], [33.0808332, 57.2669438], [33.0806952, 57.2667245], [33.0807492, 57.2664407], [33.0808338, 57.2662452], [33.0819601, 57.2652307], [33.0823235, 57.2644545], [33.083417, 57.263896], [33.0851008, 57.2635549], [33.0857654, 57.2633113], [33.0858833, 57.2631422], [33.0858013, 57.2629847], [33.0857324, 57.2628803], [33.0852702, 57.2627891], [33.0846793, 57.2626814], [33.0843052, 57.2626387], [33.0841229, 57.2625095], [33.0836459, 57.2620427], [33.0836044, 57.2618846], [33.0835343, 57.2615426], [33.0835626, 57.2613428], [33.0838234, 57.261192], [33.0842961, 57.2610167], [33.0848705, 57.2609524], [33.0850817, 57.2610079], [33.0853099, 57.2611806], [33.0853642, 57.2613184], [33.0853628, 57.2614976], [33.0853613, 57.2617029], [33.0853861, 57.2618495], [33.0856479, 57.2621512], [33.0857992, 57.2622959], [33.0862713, 57.2625454], [33.0863786, 57.2625948], [33.0865703, 57.2626026], [33.0869257, 57.262586], [33.0869484, 57.2624846], [33.0875449, 57.2622462], [33.0881603, 57.2620761], [33.0887727, 57.2619418], [33.0893092, 57.2618934], [33.0903823, 57.2618963], [33.0908519, 57.2619755], [33.0911155, 57.2621317], [33.0914643, 57.2624978], [33.0915025, 57.2627001], [33.0915715, 57.2628405], [33.0914166, 57.2630437], [33.0910778, 57.2631538], [33.0909598, 57.2632765], [33.0909705, 57.2634854], [33.0910778, 57.2637522], [33.0916696, 57.2639872], [33.0923246, 57.2641208], [33.0926971, 57.2641743], [33.0929634, 57.2640056], [33.0937266, 57.2639458], [33.0944284, 57.263963], [33.0946099, 57.2641923], [33.09479, 57.2643962], [33.094672, 57.2646341], [33.0937385, 57.2651331], [33.0933952, 57.2652317], [33.0928802, 57.2652027], [33.0925155, 57.2652433], [33.0923116, 57.2653651], [33.0921185, 57.2654986], [33.0920005, 57.2656494], [33.0920327, 57.2658351], [33.0921078, 57.2661483], [33.0921078, 57.2663456], [33.0923009, 57.2667169], [33.0925369, 57.2669489], [33.0931806, 57.2672274], [33.0937171, 57.2673434], [33.0939658, 57.2672544], [33.0941798, 57.2670715], [33.0944788, 57.2668503], [33.0943905, 57.2666024], [33.0943851, 57.2664594], [33.0946005, 57.2663318], [33.094971, 57.2662953], [33.0953371, 57.266305], [33.0965388, 57.2662644], [33.0967166, 57.2660828], [33.0979722, 57.2659461], [33.0985124, 57.2659607], [33.0996561, 57.2661673], [33.1016018, 57.2665535], [33.1020918, 57.266494], [33.1024639, 57.266396], [33.1030196, 57.2662336], [33.1041247, 57.2653938], [33.1044201, 57.2651848], [33.1049365, 57.2650028], [33.1054711, 57.2648595], [33.1058358, 57.2647881], [33.1062893, 57.2647728], [33.1066769, 57.2648238], [33.1076028, 57.2652941], [33.1086731, 57.2657021], [33.110045, 57.2660623], [33.1107959, 57.2661268], [33.1116511, 57.2661995], [33.1126396, 57.2666127], [33.1140789, 57.2671879], [33.114691, 57.2679514], [33.1148348, 57.2682347], [33.115005, 57.2686115], [33.1151475, 57.2690232], [33.1151492, 57.2692779], [33.1149721, 57.269437], [33.1147279, 57.2695539], [33.1144726, 57.2696743], [33.1125592, 57.2706773], [33.112122, 57.2709016], [33.1117867, 57.271183], [33.1116994, 57.2713056], [33.1115775, 57.271483], [33.1115149, 57.2715679], [33.1113897, 57.2717115], [33.1111502, 57.2720152], [33.1110037, 57.2722796], [33.1106341, 57.2725187], [33.1094748, 57.2728409], [33.1083719, 57.2732891], [33.1078492, 57.2734496], [33.1072087, 57.2739021], [33.1064572, 57.2743199], [33.1057406, 57.2747161], [33.1054726, 57.2748915], [33.1053772, 57.274958], [33.1053339, 57.2750125], [33.105243, 57.275039], [33.105097, 57.2750195], [33.1049548, 57.2750099], [33.1044146, 57.2751661], [33.1024997, 57.275008], [33.1010933, 57.2748949], [33.1006856, 57.2748282], [33.1004964, 57.2747171], [33.1005124, 57.2745786], [33.1000637, 57.2744696], [33.099868, 57.2744311], [33.0997055, 57.2744088], [33.0996459, 57.27449], [33.0995407, 57.2745641], [33.0991773, 57.274528], [33.0990956, 57.2744543], [33.0990947, 57.2743614], [33.0990558, 57.2742899], [33.0985775, 57.2741995], [33.097315, 57.2741428], [33.0971155, 57.2740527], [33.0968453, 57.2741399], [33.0962305, 57.2741072], [33.0949631, 57.2739894], [33.0940189, 57.2740078], [33.0928716, 57.2741664], [33.0918235, 57.2742521], [33.0916732, 57.2743014], [33.0915874, 57.274342], [33.091507, 57.2744319], [33.0914211, 57.2744783], [33.0913407, 57.2744754], [33.0912119, 57.2745421], [33.0911475, 57.2746175], [33.0911261, 57.2747016], [33.0911261, 57.2747828], [33.0910832, 57.2748147], [33.0909383, 57.2747857], [33.0908149, 57.2747625], [33.0905735, 57.2749104], [33.0902141, 57.2751279], [33.0899942, 57.2754005], [33.0898333, 57.2756006], [33.0898011, 57.2756702], [33.0898976, 57.2757949], [33.0899513, 57.27585], [33.0900317, 57.2759863], [33.0904358, 57.2760115], [33.09095, 57.2762013], [33.0913302, 57.2763355], [33.0917911, 57.276464], [33.0918326, 57.2765149], [33.091769, 57.2765918], [33.0907345, 57.2768766], [33.0905843, 57.2769868], [33.0903965, 57.277039], [33.0901382, 57.2770635], [33.0899942, 57.2771066], [33.0897835, 57.2772114], [33.0895835, 57.2773518], [33.0895221, 57.2774363], [33.0895328, 57.2775407], [33.0893451, 57.2779815], [33.0892271, 57.2780684], [33.089093, 57.2782308], [33.0889589, 57.2783932], [33.0887979, 57.2785527], [33.0887604, 57.2787296], [33.0890494, 57.2791793], [33.0891353, 57.2792397], [33.089616, 57.2793784], [33.0897108, 57.2796034], [33.0896404, 57.279832], [33.089635, 57.2799828], [33.0896678, 57.2801406], [33.0897676, 57.2802963], [33.0897851, 57.280573], [33.0898134, 57.2807321], [33.0899777, 57.2808478], [33.0901589, 57.2810292], [33.090374, 57.2813393], [33.0902408, 57.2815238], [33.0901615, 57.2816314], [33.0900478, 57.2817133], [33.0900532, 57.2817916], [33.0902249, 57.2819424], [33.0904126, 57.2821106], [33.0903697, 57.2825281], [33.0903712, 57.2826634], [33.0905762, 57.2828501], [33.0907277, 57.2830981], [33.090713, 57.2832645], [33.0910114, 57.2835078], [33.0910375, 57.2835542], [33.0910498, 57.2837481], [33.0908544, 57.2839092], [33.0902457, 57.2839914], [33.0888963, 57.2842167], [33.0881377, 57.2843218], [33.0870013, 57.2841843], [33.0864707, 57.2842883], [33.0863388, 57.2843253], [33.0862198, 57.2844684], [33.0861284, 57.284504], [33.0860111, 57.2845269], [33.085487, 57.2845762], [33.0854215, 57.2844834], [33.0847536, 57.2843592], [33.0838526, 57.2842988], [33.0830577, 57.2842536], [33.0821925, 57.2840762], [33.0818223, 57.2839958], [33.0812284, 57.283954], [33.0810201, 57.2839746], [33.0805957, 57.2840532], [33.079716, 57.2844185], [33.0788626, 57.2848523], [33.0777818, 57.2852241], [33.0767139, 57.2854724], [33.0755298, 57.2855511], [33.0737329, 57.2856298], [33.0717873, 57.2860304], [33.0704806, 57.2867039], [33.0698722, 57.2873266], [33.0695459, 57.287534], [33.0693522, 57.287586], [33.0691826, 57.2875996], [33.0687113, 57.287515], [33.0685422, 57.287474], [33.0683459, 57.2875082], [33.067567, 57.2877282], [33.0660364, 57.2883369], [33.0651553, 57.2888635], [33.0620589, 57.2898946], [33.0619173, 57.2899555], [33.0618737, 57.2900097], [33.0619018, 57.290144], [33.0619879, 57.2902671], [33.0619753, 57.2903527], [33.0618565, 57.2904299], [33.0614773, 57.2905772], [33.0612317, 57.2908003], [33.0613131, 57.291025], [33.0615533, 57.2911574], [33.0616176, 57.291258], [33.0622628, 57.2915081], [33.0640229, 57.2922201], [33.0663792, 57.293183], [33.0673022, 57.2935107], [33.0677488, 57.2936318], [33.0680042, 57.2938051], [33.0683011, 57.2939171], [33.068392, 57.2940076], [33.0683868, 57.2941078], [33.0684851, 57.2942847], [33.0686628, 57.2943824], [33.0688209, 57.2944374], [33.0688927, 57.2944809], [33.0689452, 57.2945358], [33.0693877, 57.2951012], [33.0693736, 57.2952122], [33.0693409, 57.2953068], [33.0693842, 57.2953749], [33.0695517, 57.295462], [33.0698565, 57.2955472], [33.0699433, 57.2956813], [33.0699802, 57.2958676], [33.0701999, 57.2959664], [33.070313, 57.2961934], [33.0702848, 57.2963321], [33.0705671, 57.2969339], [33.0706712, 57.2970428], [33.070782, 57.2970825], [33.0708879, 57.297123], [33.0709986, 57.2972979], [33.0709789, 57.2977028], [33.0709121, 57.2978079], [33.0708402, 57.2978778], [33.0704291, 57.2983713], [33.0702209, 57.298744], [33.069515, 57.2997834], [33.0686974, 57.3005872], [33.068721, 57.3020091], [33.0683541, 57.3032881], [33.0675173, 57.3043197], [33.0674743, 57.3048529], [33.0669916, 57.3052875], [33.0667469, 57.3062631], [33.0674228, 57.306999], [33.0670237, 57.3077157], [33.0688283, 57.3110033], [33.0704892, 57.3127685], [33.0701909, 57.3131761], [33.0710578, 57.3137303], [33.0710792, 57.314217], [33.0706394, 57.3145125], [33.0707451, 57.3148816], [33.0708368, 57.3151647], [33.0708004, 57.3152107], [33.070729, 57.3152094], [33.070596, 57.3151965], [33.0704732, 57.3151562], [33.0704217, 57.3151056], [33.0703296, 57.3149807], [33.0695537, 57.3143421], [33.0686234, 57.3138107], [33.0665215, 57.3135265], [33.0648565, 57.3136137], [33.0629345, 57.3131543], [33.0611825, 57.3126306], [33.0609385, 57.3124695], [33.0608362, 57.3123315], [33.0609187, 57.3122494], [33.0620039, 57.311681], [33.0622343, 57.3111118], [33.0618953, 57.3098111], [33.0622046, 57.3084566], [33.0621393, 57.3083014], [33.0618984, 57.3082341], [33.0618442, 57.3081226], [33.0611377, 57.3070751], [33.0606234, 57.3065043], [33.0600558, 57.3061536], [33.0598868, 57.3059869], [33.0598711, 57.3058639], [33.0599139, 57.3051992], [33.060474, 57.3042676], [33.0604988, 57.3039436], [33.0602434, 57.3031329], [33.0598178, 57.3022071], [33.059209, 57.3016544], [33.0581206, 57.301216], [33.0575752, 57.3009452], [33.0571345, 57.3008918], [33.0566208, 57.301014], [33.0556265, 57.3007892], [33.0554045, 57.3005118], [33.054867, 57.2996803], [33.0541055, 57.2991743], [33.053631, 57.298976], [33.0531926, 57.2988815], [33.0530916, 57.2988514], [33.0530129, 57.2988029], [33.0529813, 57.2987083], [33.0529653, 57.2986257], [33.0529519, 57.2985726], [33.0528708, 57.298532], [33.0527779, 57.298509], [33.0527169, 57.2985194], [33.0526406, 57.2985204], [33.0525501, 57.2984953], [33.0524242, 57.298491], [33.0522213, 57.2985026], [33.052088, 57.298468], [33.0520223, 57.2985054], [33.0519874, 57.2985354], [33.0518767, 57.2985481], [33.051749, 57.2985409], [33.0516143, 57.2985699], [33.0513159, 57.298579], [33.0508487, 57.298658], [33.0504165, 57.2987602], [33.0500964, 57.2989043], [33.0500775, 57.29907], [33.0502108, 57.2992568], [33.0504877, 57.2994435], [33.0507135, 57.299642], [33.0508218, 57.2999686], [33.0508229, 57.300303], [33.0506303, 57.3006844], [33.0503903, 57.300816], [33.0500588, 57.3009215], [33.0495835, 57.3009437], [33.0489751, 57.3009255], [33.0481224, 57.3008318], [33.0473906, 57.3007014], [33.0472548, 57.3006484], [33.0472212, 57.3006186], [33.0472266, 57.3005802], [33.0472662, 57.3005511], [33.0472782, 57.300503], [33.0473549, 57.3001767], [33.0475523, 57.2998719], [33.0477489, 57.2994813], [33.0478664, 57.2991258], [33.0478979, 57.29884], [33.0479, 57.2984128], [33.0478894, 57.2983018], [33.0477507, 57.2980629], [33.0473063, 57.2976731], [33.0469012, 57.297493], [33.0465415, 57.2974832], [33.0462224, 57.2975027], [33.0454316, 57.2974045], [33.0451863, 57.2973171], [33.0451831, 57.2971417], [33.0446572, 57.2970069], [33.0442812, 57.2968548], [33.0431498, 57.2965294], [33.0427761, 57.296407], [33.0425092, 57.2963422], [33.0423439, 57.2962702], [33.042197, 57.296164], [33.0421804, 57.2960608], [33.0422364, 57.2955134], [33.0419926, 57.2952773], [33.0416642, 57.2951231], [33.041275, 57.2950864], [33.0408666, 57.2950812], [33.0405815, 57.2951114], [33.0404179, 57.295079], [33.0397316, 57.295187], [33.0396457, 57.2951709], [33.0395139, 57.2950405], [33.0393825, 57.2947328], [33.0393499, 57.294691], [33.0392649, 57.2946788], [33.0389373, 57.2947398], [33.0385256, 57.294746], [33.0382537, 57.2949516], [33.0379018, 57.2955731], [33.0374852, 57.2959405], [33.0373745, 57.2964898], [33.0372679, 57.2965239], [33.0371434, 57.2965551], [33.0370494, 57.2965708], [33.0369892, 57.2965386], [33.0369032, 57.2965346], [33.0366717, 57.2966191], [33.0364733, 57.296692], [33.0363916, 57.296742], [33.0363565, 57.2968029], [33.0364422, 57.2968853], [33.0365184, 57.2969121], [33.0366346, 57.296901], [33.0367756, 57.2968286], [33.036954, 57.296814], [33.0372795, 57.2969171], [33.037644, 57.2972813], [33.0378216, 57.2977613], [33.0377847, 57.2981184], [33.0377141, 57.2982363], [33.0371493, 57.2990028], [33.0367335, 57.2993797], [33.0366035, 57.2994308], [33.0364868, 57.2994762], [33.036353, 57.2995064], [33.0362628, 57.2994998], [33.036144, 57.2994805], [33.0360279, 57.2993906], [33.0359976, 57.2992707], [33.0360847, 57.2990792], [33.0360507, 57.2988303], [33.0360942, 57.2987797], [33.036226, 57.2986876], [33.0363545, 57.2986405], [33.0364126, 57.2986064], [33.0364423, 57.2985578], [33.0364734, 57.2984506], [33.0362933, 57.298287], [33.0358092, 57.2979515], [33.0354249, 57.2976398], [33.0349197, 57.2974498], [33.0345857, 57.2973367], [33.0342009, 57.2971246], [33.0338923, 57.2968612], [33.0336941, 57.2965919], [33.0333296, 57.2962089], [33.0331225, 57.2961072], [33.0330789, 57.296007], [33.0330544, 57.2958386], [33.0329237, 57.295652], [33.0328173, 57.2953769], [33.0327035, 57.2950223], [33.0326489, 57.2946965], [33.032926, 57.2942178], [33.0332966, 57.2938366], [33.0333447, 57.2934317], [33.0333357, 57.2930154], [33.0331916, 57.2926872], [33.0331442, 57.2924134], [33.0332386, 57.2919306], [33.0334606, 57.2913429], [33.0333489, 57.2907417], [33.0330739, 57.289586], [33.0325849, 57.2887841], [33.0325632, 57.2887065], [33.0326123, 57.2886237], [33.0327188, 57.2885593], [33.0327387, 57.2884945], [33.0323882, 57.2877026], [33.0320012, 57.2869196], [33.0318887, 57.2867898], [33.0317894, 57.2867645], [33.0317195, 57.2867368], [33.0316942, 57.2866848], [33.0312463, 57.2862908], [33.0304406, 57.2858414], [33.0294683, 57.2857397], [33.0278692, 57.2853369], [33.0272431, 57.2852951], [33.0263869, 57.2850884], [33.0257841, 57.2849252], [33.0257191, 57.2848742], [33.0256859, 57.2846396], [33.0258581, 57.2844916], [33.026087, 57.2844483], [33.026198, 57.2843749], [33.0258824, 57.2841463], [33.0254833, 57.2839613], [33.0251819, 57.2839124], [33.0243811, 57.2841358], [33.0239787, 57.2842573], [33.0237443, 57.2842904], [33.0234349, 57.2843149], [33.0229624, 57.2841473], [33.0219121, 57.2839593], [33.0198717, 57.283735], [33.0190251, 57.2836875], [33.0183025, 57.2836821], [33.0176204, 57.2836676], [33.0172551, 57.2836316], [33.0167611, 57.283802], [33.0164714, 57.2840086], [33.0156949, 57.2842532], [33.0152366, 57.2844129], [33.0149785, 57.2846539], [33.0148695, 57.2850576], [33.0148456, 57.2852485], [33.0146953, 57.2853628], [33.0142413, 57.2855452], [33.0127935, 57.2861132], [33.011201, 57.2868859], [33.0104032, 57.2876722], [33.0097205, 57.288418], [33.0097807, 57.2886393], [33.0099553, 57.2888389], [33.0099664, 57.2888896], [33.0099184, 57.2889227], [33.0099354, 57.2890269], [33.010001, 57.2891561], [33.0102648, 57.289455], [33.0103378, 57.289599], [33.0104771, 57.2899291], [33.0104238, 57.2901775], [33.0105739, 57.2906337], [33.0107792, 57.2909476], [33.0112988, 57.2915288], [33.011181, 57.2915993], [33.0108897, 57.2916727], [33.0106217, 57.291653], [33.0104276, 57.2915789], [33.0091606, 57.2906741], [33.0090298, 57.2904285], [33.0089439, 57.2903386], [33.0087682, 57.290289], [33.0085234, 57.2902986], [33.0083852, 57.2902482], [33.0084775, 57.2899531], [33.007937, 57.289624], [33.0076389, 57.2893178], [33.007574, 57.2887538], [33.007693, 57.2885341], [33.0074554, 57.2877616], [33.0067806, 57.2873883], [33.0061321, 57.2871804], [33.0052029, 57.2871278], [33.004816, 57.2870085], [33.0042768, 57.2865409], [33.0040712, 57.286231], [33.0041117, 57.285991], [33.0041256, 57.2857615], [33.0040324, 57.285604], [33.0037729, 57.2854573], [33.0034557, 57.2854403], [33.0030264, 57.2851268], [33.0026423, 57.2850479], [33.0019875, 57.2846134], [33.0018427, 57.2844114], [33.0015607, 57.2840578], [33.0012748, 57.283707], [33.0012416, 57.2833897], [33.0014461, 57.2832009], [33.001296, 57.2830298], [33.0009198, 57.2830181], [33.0005762, 57.2828937], [33.0001761, 57.2825032], [32.9999622, 57.28239], [32.9996611, 57.2823079], [32.9995147, 57.2823685], [32.9994241, 57.2825843], [32.9993277, 57.2826297], [32.9985714, 57.2826549], [32.9980581, 57.2827482], [32.9977862, 57.2827773], [32.997393, 57.2826972], [32.9970608, 57.2825462], [32.9963688, 57.282307], [32.9957198, 57.2823837], [32.9952415, 57.2822359], [32.9947729, 57.2820071], [32.9948563, 57.2818554], [32.9950575, 57.2815779], [32.9948663, 57.2813934], [32.9946507, 57.2813185], [32.9944124, 57.2813476], [32.9941731, 57.2814373], [32.9939189, 57.2813878], [32.9931398, 57.2812696], [32.9925223, 57.2812151], [32.9921928, 57.2812337], [32.9916775, 57.2811402], [32.9912149, 57.2810703], [32.9908796, 57.2811675], [32.9904982, 57.2813457], [32.9899492, 57.2817857], [32.9896492, 57.2820645], [32.9894225, 57.2822784], [32.9893074, 57.2823433], [32.9877823, 57.2824572], [32.9864059, 57.2826103], [32.9855869, 57.2826668], [32.9849271, 57.2825911], [32.9843382, 57.2824288], [32.9838759, 57.2821732], [32.9834483, 57.2820896], [32.9831803, 57.2820125], [32.9830343, 57.2819216], [32.9830242, 57.2818499], [32.9831614, 57.2817056], [32.9831676, 57.2813562], [32.9830662, 57.2810732], [32.9831108, 57.2808824], [32.9832968, 57.2807205], [32.9838281, 57.2804498], [32.9854993, 57.2799636], [32.9862668, 57.2797512], [32.9866879, 57.279365], [32.9866657, 57.278855], [32.9862443, 57.2783365], [32.9856338, 57.2779879], [32.9849388, 57.2777799], [32.9844155, 57.2777175], [32.9835528, 57.277691], [32.9828807, 57.2775884], [32.9824965, 57.2774633], [32.9822348, 57.2772574], [32.9820308, 57.2768671], [32.982126, 57.276515], [32.9824791, 57.2762614], [32.9828696, 57.2760451], [32.9831937, 57.2758424], [32.9836882, 57.2754073], [32.9840485, 57.2749104], [32.9840078, 57.274394], [32.9838476, 57.2740149], [32.9834248, 57.2735287], [32.982736, 57.2722317], [32.9823521, 57.2717821], [32.9819493, 57.2714571], [32.9820524, 57.2713218], [32.9820434, 57.2712836], [32.9819648, 57.2712248], [32.9817693, 57.2712306], [32.9814942, 57.271231], [32.9812922, 57.2711854], [32.9809452, 57.271038], [32.9806292, 57.2709927], [32.9805526, 57.2708889], [32.9806929, 57.2707234], [32.9810039, 57.270632], [32.9813901, 57.2706131], [32.9817687, 57.270547], [32.981855, 57.2704442], [32.9816947, 57.2701009], [32.9815309, 57.2698546], [32.9813596, 57.269747], [32.9817315, 57.2693846], [32.9814499, 57.26941], [32.9813091, 57.2695368], [32.9810745, 57.2696637], [32.9805583, 57.2697144], [32.9796198, 57.2697398], [32.9789394, 57.2696256], [32.9782589, 57.269613], [32.9779774, 57.2694988], [32.9775316, 57.2691944], [32.9769451, 57.2688647], [32.9764758, 57.2687505], [32.9753965, 57.268852], [32.9749976, 57.2688266], [32.9742937, 57.2687251], [32.974153, 57.2685223], [32.974458, 57.2684842], [32.9746222, 57.2683701], [32.974763, 57.2681672], [32.9750915, 57.2679262], [32.9757953, 57.2679135], [32.9762881, 57.267736], [32.9765227, 57.2674824], [32.9764288, 57.2672921], [32.9765696, 57.2670385], [32.9768512, 57.2668609], [32.9773439, 57.2666199], [32.9775081, 57.266417], [32.9776019, 57.2661], [32.9777897, 57.2659859], [32.9778836, 57.2657068], [32.9777662, 57.2656054], [32.9778366, 57.265263], [32.9775785, 57.2648571], [32.9771562, 57.264667], [32.9769684, 57.2645528], [32.9769451, 57.264426], [32.9771562, 57.2643753], [32.9780947, 57.2644006], [32.9784936, 57.2644767], [32.979784, 57.2650981], [32.9803237, 57.2651742], [32.9812388, 57.2651362], [32.9819661, 57.2646542], [32.9822007, 57.264426], [32.9822711, 57.2640962], [32.9823884, 57.2638807], [32.9829985, 57.263906], [32.98328, 57.2639694], [32.983585, 57.2642738], [32.9841012, 57.2643499], [32.9846409, 57.2642864], [32.9851336, 57.2640836], [32.9853682, 57.2637919], [32.9854386, 57.2635636], [32.9856967, 57.2635636], [32.9857202, 57.2629675], [32.9859314, 57.26279], [32.9864006, 57.2626758], [32.9866117, 57.2623842], [32.9868464, 57.2620037], [32.9870341, 57.2617754], [32.9875268, 57.2618134], [32.9879257, 57.2617247], [32.9884418, 57.2614964], [32.9893569, 57.2610145], [32.9900843, 57.2605833], [32.9905536, 57.2601774], [32.9906943, 57.259797], [32.9906474, 57.2592897], [32.9903189, 57.2589093], [32.9899435, 57.2585415], [32.9894038, 57.2583132], [32.9889111, 57.2582498], [32.9886296, 57.2580722], [32.9885357, 57.2577425], [32.9884852, 57.2576363], [32.9883246, 57.2572987], [32.9879257, 57.2571211], [32.9868933, 57.2572859], [32.9864475, 57.257083], [32.9860252, 57.2569435], [32.9855119, 57.2569964], [32.9850809, 57.2569047], [32.9846002, 57.2567715], [32.9843119, 57.2567083], [32.9839839, 57.2566899], [32.9838638, 57.2566086], [32.983894, 57.2564911], [32.9840006, 57.2563836], [32.9841474, 57.2562849], [32.9843516, 57.2559735], [32.9845903, 57.2557152], [32.9846306, 57.2554321], [32.9845736, 57.2552386], [32.9842385, 57.2551163], [32.9841394, 57.2549271], [32.9841749, 57.2546807], [32.9841868, 57.2544361], [32.9840931, 57.2538469], [32.9840234, 57.2537242], [32.9841166, 57.2536072], [32.984306, 57.2535178], [32.985128, 57.2533376], [32.9853024, 57.2533201], [32.9854831, 57.2533453], [32.9856945, 57.2533457], [32.9867561, 57.2531855], [32.9878177, 57.2529718], [32.9887187, 57.2525158], [32.9888488, 57.2524693], [32.988967, 57.2524309], [32.9894247, 57.2523468], [32.9899146, 57.2522309], [32.9901948, 57.2519457], [32.9903007, 57.251674], [32.9901941, 57.2514881], [32.9900373, 57.2514268], [32.9896579, 57.2513191], [32.9895044, 57.2512492], [32.9894012, 57.2511668], [32.9893509, 57.2510821], [32.9893651, 57.2509921], [32.9894118, 57.2507847], [32.989611, 57.2505022], [32.9897553, 57.2502899], [32.990127, 57.2499275], [32.9907325, 57.2496065], [32.9909107, 57.2495638], [32.9911258, 57.2495987], [32.9913408, 57.249709], [32.9912809, 57.2498036], [32.9913, 57.2499238], [32.991406, 57.2499439], [32.9915143, 57.2499205], [32.9917901, 57.2496293], [32.9918955, 57.2494079], [32.9919728, 57.2489356], [32.9920101, 57.2486274], [32.9920856, 57.2485828], [32.9921563, 57.2485472], [32.9922085, 57.2485211], [32.9922099, 57.2484825], [32.9921587, 57.2484153], [32.9920563, 57.2483454], [32.9919661, 57.2482462], [32.9920012, 57.2481666], [32.9921543, 57.2481517], [32.9922754, 57.2481452], [32.9923857, 57.2481195], [32.9924244, 57.2480948], [32.9924576, 57.2480514], [32.9925073, 57.2480126], [32.9925787, 57.2480012], [32.9926662, 57.2480142], [32.9932802, 57.2482013], [32.9935209, 57.2482486], [32.9937828, 57.2482388], [32.9946105, 57.2480222], [32.995201, 57.2479217], [32.9954369, 57.2478634], [32.995578, 57.2477548], [32.9956898, 57.2471571], [32.9957761, 57.2470282], [32.995925, 57.2469453], [32.996446, 57.2467648], [32.9971565, 57.2464205], [32.9980795, 57.2462105], [32.9992049, 57.2462792], [33.0005938, 57.2460843], [33.0013531, 57.2457429], [33.0019301, 57.2452394], [33.0026126, 57.244279], [33.0034464, 57.24371], [33.0051855, 57.2435967], [33.0055922, 57.2434913], [33.0057787, 57.2430646], [33.0062366, 57.2427126], [33.0066495, 57.2425906], [33.0067101, 57.2424001], [33.0031793, 57.2411692], [33.003155, 57.2411434], [33.0031555, 57.2411203], [33.0031946, 57.2410984], [33.0032334, 57.2410919], [33.0032947, 57.2410842], [33.0033247, 57.2410713], [33.0033626, 57.2410625], [33.0033938, 57.2410394], [33.003397, 57.2410141], [33.0034207, 57.2409917], [33.0034665, 57.2409763], [33.0036059, 57.2409871], [33.0036555, 57.2409924], [33.0037134, 57.2409887], [33.0037588, 57.2409965], [33.0047199, 57.2411974], [33.0066696, 57.2404812], [33.0075333, 57.2401161], [33.0083444, 57.2399587], [33.0089388, 57.2400423], [33.0093336, 57.2403372], [33.0101007, 57.2403593], [33.0104093, 57.2405036], [33.0107944, 57.2405057], [33.0116184, 57.2401366], [33.0122111, 57.2399123], [33.0122311, 57.2397883], [33.0123547, 57.23963], [33.0126809, 57.2394424], [33.0132711, 57.2393364], [33.013371, 57.2389969], [33.0132921, 57.2387848], [33.0141775, 57.2395516], [33.0142296, 57.2397959], [33.0138318, 57.2400303], [33.0137936, 57.2403158], [33.0145006, 57.2403343], [33.0147059, 57.2402274], [33.0147575, 57.240006], [33.0148596, 57.2398155], [33.0151604, 57.2396487], [33.0157278, 57.2394677], [33.0159513, 57.2392615], [33.0159155, 57.239132], [33.0155456, 57.238855], [33.0155661, 57.2387265], [33.0159259, 57.2384957], [33.0162607, 57.2379422], [33.0166176, 57.2377744], [33.0163667, 57.2373858], [33.0157623, 57.2375574], [33.015242, 57.2374187], [33.0148909, 57.2369744], [33.0146198, 57.2366118], [33.0148124, 57.2364738], [33.0143434, 57.2358547], [33.0137549, 57.2354888], [33.0133714, 57.2352739], [33.0132265, 57.2351476], [33.0131836, 57.2349793], [33.0132212, 57.2347586], [33.0133365, 57.2346265], [33.0135699, 57.2344727], [33.0137201, 57.2344276], [33.0138864, 57.234403], [33.0139802, 57.2343885], [33.0140178, 57.234358], [33.0140339, 57.2343115], [33.0140392, 57.2341751], [33.0140312, 57.2339588], [33.01405, 57.2337425], [33.0140419, 57.2336641], [33.0139883, 57.2334826], [33.0140044, 57.233442], [33.0140688, 57.2333767], [33.0141814, 57.2333142], [33.014278, 57.2333026], [33.0143128, 57.2333418], [33.0142994, 57.2334115], [33.0142726, 57.2334623], [33.0142887, 57.2335276], [33.0143155, 57.2335581], [33.0143584, 57.2335436], [33.0144201, 57.2335233], [33.0144791, 57.2335247], [33.0146454, 57.2335552], [33.0147849, 57.2335668], [33.0148761, 57.2335639], [33.0149136, 57.2335363], [33.0149378, 57.2335044], [33.0149807, 57.2334696], [33.0150263, 57.233458], [33.0150692, 57.2334507], [33.0151604, 57.2334289], [33.0152114, 57.2333709], [33.0152141, 57.2333084], [33.0151926, 57.2332518], [33.0152599, 57.2331771], [33.0153589, 57.233127], [33.0153643, 57.2330704], [33.0153616, 57.2330181], [33.0152828, 57.232962], [33.0152301, 57.2329644], [33.015155, 57.2329412], [33.0151282, 57.2328962], [33.0150826, 57.2328424], [33.0149566, 57.2327568], [33.0147688, 57.2326784], [33.014691, 57.2326726], [33.0145837, 57.2326886], [33.014522, 57.2327132], [33.0144738, 57.2327539], [33.014455, 57.2328337], [33.0144067, 57.2329165], [33.0142646, 57.2329833], [33.014168, 57.2330239], [33.0140688, 57.2330617], [33.0138944, 57.2331008], [33.0137522, 57.2331371], [33.0136262, 57.2331444], [33.0135323, 57.2331299], [33.0134465, 57.2330979], [33.0132802, 57.2330094], [33.0130307, 57.2328933], [33.0129637, 57.2328308], [33.0128993, 57.2327568], [33.012851, 57.2326813], [33.0127732, 57.2326421], [33.0125989, 57.2326552], [33.0125104, 57.2327147], [33.0124299, 57.23278], [33.0123163, 57.2327871], [33.0121526, 57.2326956], [33.0119944, 57.2325882], [33.0119193, 57.2325229], [33.0119032, 57.2324503], [33.0118737, 57.2322964], [33.011863, 57.2321948], [33.0119005, 57.2321469], [33.0118791, 57.232025], [33.0118898, 57.2319727], [33.0119086, 57.2319059], [33.0119568, 57.2317724], [33.0120132, 57.2317186], [33.0120668, 57.2316882], [33.0121687, 57.231649], [33.0122331, 57.2316054], [33.012268, 57.2315386], [33.0123029, 57.2313586], [33.0123163, 57.2312047], [33.0123136, 57.2309942], [33.0122304, 57.2308244], [33.0121956, 57.2307663], [33.01215, 57.2307126], [33.0120722, 57.2306618], [33.0119515, 57.2306182], [33.0116859, 57.2305805], [33.0116538, 57.2305514], [33.0116511, 57.2305122], [33.0116833, 57.2304876], [33.011753, 57.2304498], [33.011753, 57.2303787], [33.0117959, 57.2303119], [33.0119112, 57.2301914], [33.0121661, 57.2300607], [33.0124477, 57.229933], [33.012563, 57.2298923], [33.0127883, 57.2297762], [33.0129359, 57.2297283], [33.0131021, 57.2296078], [33.0132443, 57.2295366], [33.0133275, 57.229541], [33.0133757, 57.2295468], [33.0135715, 57.2296092], [33.0139229, 57.2296717], [33.013998, 57.2297167], [33.0140061, 57.2297791], [33.0140195, 57.2298197], [33.0140677, 57.2298502], [33.0141482, 57.229856], [33.0142045, 57.2298285], [33.0143547, 57.2297631], [33.014454, 57.2297225], [33.0146954, 57.2295381], [33.0148778, 57.2294495], [33.0149529, 57.2293726], [33.0151433, 57.229133], [33.015256, 57.2290256], [33.015374, 57.2289646], [33.0155403, 57.2289298], [33.0157763, 57.2289124], [33.0159346, 57.2289138], [33.0160123, 57.2288949], [33.0160714, 57.2288543], [33.0161545, 57.2288267], [33.0162403, 57.2287889], [33.0164764, 57.2285784], [33.016581, 57.2284826], [33.0167473, 57.2282576], [33.0169431, 57.2280848], [33.0171174, 57.2279861], [33.0173803, 57.2278946], [33.0175171, 57.2278249], [33.0177638, 57.2277393], [33.0180911, 57.2276681], [33.0182547, 57.2276507], [33.0185631, 57.2275418], [33.0186221, 57.227504], [33.0186731, 57.2275142], [33.0187106, 57.2275128], [33.0187643, 57.2274924], [33.018995, 57.2274402], [33.0193517, 57.2273879], [33.0195609, 57.2273806], [33.0201403, 57.227385], [33.0202341, 57.2273922], [33.0204541, 57.2273603], [33.020548, 57.2273356], [33.0205801, 57.2273022], [33.0206016, 57.2272456], [33.0208779, 57.2271338], [33.0211139, 57.2270975], [33.0212668, 57.2270365], [33.0215994, 57.2269059], [33.0217925, 57.2268913], [33.022109, 57.2269001], [33.0223799, 57.226916], [33.0225113, 57.2269088], [33.0227661, 57.2268304], [33.0229003, 57.2268144], [33.0230424, 57.2268173], [33.0232141, 57.2268028], [33.0234421, 57.2267737], [33.0236164, 57.2267273], [33.0239436, 57.2265559], [33.0241529, 57.2264441], [33.0242253, 57.2263672], [33.0242306, 57.2262728], [33.0242306, 57.2261334], [33.0241636, 57.2259969], [33.0238122, 57.2257864], [33.0234206, 57.2256891], [33.0229164, 57.2256775], [33.0224014, 57.2256819], [33.0222136, 57.2257037], [33.0218408, 57.2258953], [33.0215645, 57.226042], [33.0215136, 57.2260463], [33.0213204, 57.2259969], [33.0212266, 57.2259403], [33.0210656, 57.2258184], [33.0206606, 57.225586], [33.0204729, 57.225541], [33.0200705, 57.2255497], [33.0196414, 57.2255526], [33.019282, 57.2256194], [33.0183888, 57.225859], [33.0177692, 57.2260173], [33.0169833, 57.2261697], [33.0166132, 57.2263077], [33.016353, 57.226463], [33.0160097, 57.226736], [33.0158434, 57.2269262], [33.0156583, 57.2271948], [33.0154115, 57.2274721], [33.0152881, 57.2276057], [33.0151701, 57.2277175], [33.0151433, 57.2277872], [33.0151527, 57.2280045], [33.0151648, 57.2281414], [33.0151192, 57.2281632], [33.0150414, 57.2281676], [33.0148617, 57.2281211], [33.014167, 57.2277596], [33.0138854, 57.2276347], [33.0137781, 57.2276376], [33.0137056, 57.2276913], [33.0133355, 57.2277422], [33.0128849, 57.2277218], [33.0126462, 57.2276507], [33.0118549, 57.2273981], [33.011171, 57.2270656], [33.0105836, 57.2267418], [33.0101598, 57.2264383], [33.0098701, 57.226206], [33.0098111, 57.2260144], [33.0098004, 57.2257211], [33.0097038, 57.2254278], [33.0096045, 57.2253436], [33.0094195, 57.2252434], [33.0092344, 57.2252143], [33.0091164, 57.2252332], [33.0089796, 57.2252957], [33.0088495, 57.2254038], [33.0086631, 57.2255468], [33.0085843, 57.2255796], [33.0084794, 57.2256383], [33.0084338, 57.2257465], [33.0083855, 57.2257675], [33.0083157, 57.2257755], [33.0082366, 57.2257704], [33.0081468, 57.2257494], [33.0080919, 57.2256718], [33.008018, 57.2255693], [33.0079617, 57.2254445], [33.00801, 57.2253501], [33.0082246, 57.2251483], [33.0082701, 57.2250423], [33.0082567, 57.2248477], [33.0081977, 57.2247911], [33.0080663, 57.2247083], [33.0076586, 57.2245675], [33.0070551, 57.22446], [33.0069371, 57.2244034], [33.0067306, 57.2242175], [33.0066447, 57.2241362], [33.0065911, 57.2238298], [33.0064476, 57.2235474], [33.006351, 57.2232498], [33.0063162, 57.2230639], [33.006343, 57.2229985], [33.0064074, 57.2229898], [33.0064583, 57.2230131], [33.0065495, 57.2230886], [33.006638, 57.2232236], [33.0068043, 57.2235227], [33.0069679, 57.2237101], [33.0070779, 57.2237885], [33.0074346, 57.2239206], [33.0078075, 57.2240411], [33.0081186, 57.2241413], [33.0085209, 57.2241791], [33.0087704, 57.22415], [33.0089528, 57.2240876], [33.0090735, 57.2239947], [33.0091673, 57.2238698], [33.0091808, 57.2236883], [33.0092988, 57.2234313], [33.0093792, 57.2233151], [33.0095697, 57.22309], [33.009862, 57.222894], [33.0101544, 57.2226544], [33.0103717, 57.2225295], [33.0108169, 57.2223843], [33.0116323, 57.2222609], [33.0121017, 57.2222028], [33.0123484, 57.2221607], [33.0125979, 57.2221244], [33.0127803, 57.2221287], [33.0129439, 57.2221244], [33.013078, 57.2221041], [33.0131638, 57.2220707], [33.0132175, 57.2220227], [33.0132604, 57.2219313], [33.0132631, 57.2218035], [33.0132175, 57.2217207], [33.0130673, 57.2216662], [33.0129023, 57.2216096], [33.0126649, 57.2215276], [33.0123109, 57.221439], [33.0122331, 57.221394], [33.012217, 57.2213548], [33.0122197, 57.2213098], [33.0122707, 57.2212865], [33.0123136, 57.2212778], [33.0124142, 57.2212822], [33.0124973, 57.2213221], [33.0126019, 57.2213932], [33.0128648, 57.2215109], [33.0129519, 57.2215515], [33.0130633, 57.2215798], [33.0133194, 57.2216067], [33.0135782, 57.2216539], [33.0137445, 57.2216452], [33.0140691, 57.2216002], [33.0144741, 57.2215283], [33.0149033, 57.2213555], [33.0152412, 57.221142], [33.0155094, 57.2208327], [33.0156194, 57.2205859], [33.0156328, 57.2204058], [33.0156033, 57.2201154], [33.015437, 57.2198249], [33.0151339, 57.2195577], [33.0149909, 57.2194416], [33.0148818, 57.2193529], [33.0146902, 57.219257], [33.0143078, 57.2190654], [33.013094, 57.2187249], [33.0127119, 57.2186196], [33.0121567, 57.2185513], [33.0117892, 57.2185281], [33.0113306, 57.2185716], [33.0104296, 57.2187414], [33.010345, 57.2186854], [33.0102845, 57.2186454], [33.010263, 57.2186312], [33.0104213, 57.2182565], [33.0106144, 57.2180053], [33.0109229, 57.2177656], [33.0111643, 57.2175914], [33.0118402, 57.2173387], [33.0122586, 57.2171891], [33.0127789, 57.2169161], [33.0133181, 57.2167766], [33.0137821, 57.2166648], [33.0141093, 57.2165065], [33.0142783, 57.2164745], [33.0143829, 57.2164745], [33.0144714, 57.2164847], [33.0145132, 57.2164788], [33.0145733, 57.2164702], [33.0145948, 57.2164353], [33.0146055, 57.2163961], [33.0146753, 57.2162843], [33.014796, 57.2161768], [33.0151205, 57.2160171], [33.0152332, 57.2159052], [33.0153083, 57.2158123], [33.0153029, 57.2157513], [33.015268, 57.215667], [33.0152734, 57.2156177], [33.0153056, 57.2155625], [33.0152385, 57.2154782], [33.0151017, 57.2153766], [33.0148442, 57.2152531], [33.0143749, 57.2151108], [33.01412, 57.2150585], [33.0140235, 57.2150266], [33.013994, 57.2149641], [33.0139752, 57.2148595], [33.0136963, 57.2146039], [33.0135836, 57.2143534], [33.0135541, 57.2140854], [33.0135554, 57.2138087], [33.0136949, 57.2135967], [33.0140329, 57.2133033], [33.0141563, 57.2131333], [33.0141858, 57.2130476], [33.0141321, 57.2128646], [33.0141133, 57.2126932], [33.0141992, 57.2125538], [33.0143494, 57.2124376], [33.0145908, 57.2123679], [33.0148897, 57.2124225], [33.0150898, 57.2125485], [33.0152287, 57.2127652], [33.0154329, 57.2128802], [33.0155309, 57.2129687], [33.0155105, 57.2130793], [33.0156289, 57.2131456], [33.0157596, 57.2131545], [33.0158331, 57.2131832], [33.0158208, 57.2133734], [33.0158902, 57.2134043], [33.0160128, 57.2134242], [33.0161312, 57.2134242], [33.0162374, 57.2133822], [33.016413, 57.2134043], [33.017095, 57.2137405], [33.0173032, 57.2139484], [33.0174503, 57.2142049], [33.0182303, 57.2146096], [33.0187755, 57.2149512], [33.0193104, 57.215148], [33.0198944, 57.2152121], [33.0208296, 57.2152542], [33.0215198, 57.215232], [33.0220833, 57.2151414], [33.0225857, 57.2149711], [33.0229287, 57.214834], [33.0233412, 57.2147389], [33.0235576, 57.2145288], [33.0239578, 57.2142922], [33.0242069, 57.2140821], [33.0244438, 57.2137283], [33.02455, 57.2134983], [33.024505, 57.2133612], [33.0243907, 57.2131777], [33.0243703, 57.2130804], [33.0243989, 57.2130273]], [[33.0085553, 57.2104474], [33.008605, 57.2104408], [33.0086573, 57.2104459], [33.0087216, 57.210483], [33.0087404, 57.2105011], [33.0087444, 57.2105244], [33.0087122, 57.2105469], [33.0086586, 57.210557], [33.0085728, 57.2105563], [33.0085473, 57.2105759], [33.0085325, 57.2106188], [33.0085312, 57.2106565], [33.0085419, 57.2107161], [33.0084843, 57.2107749], [33.0083984, 57.2108069], [33.0083569, 57.2108054], [33.0083475, 57.2107531], [33.0083783, 57.2107059], [33.0084253, 57.2106594], [33.0084507, 57.2105694], [33.0085164, 57.2104851], [33.0085553, 57.2104474]], [[33.0026093, 57.214194], [33.0026147, 57.21417], [33.0026, 57.2141272], [33.0026026, 57.2141104], [33.0026308, 57.2140872], [33.0027247, 57.2140545], [33.0027917, 57.2140291], [33.0028105, 57.2139776], [33.0028628, 57.2139231], [33.0030291, 57.2137996], [33.0031471, 57.2137502], [33.0032678, 57.2136813], [33.0033322, 57.2136072], [33.0035146, 57.2135012], [33.0035293, 57.2134518], [33.0035736, 57.2134234], [33.003638, 57.2133973], [33.0038083, 57.2133022], [33.0038673, 57.2132891], [33.0039142, 57.2132709], [33.003925, 57.2132462], [33.0039209, 57.2132114], [33.0040698, 57.2131409], [33.0042589, 57.2130088], [33.0044118, 57.2128512], [33.0045633, 57.2126529], [33.0045888, 57.2125636], [33.0046344, 57.2125353], [33.0046425, 57.2124997], [33.004613, 57.2124445], [33.0046237, 57.2123297], [33.0046411, 57.2122992], [33.0048074, 57.2122738], [33.0049791, 57.2122651], [33.005191, 57.2123159], [33.0052956, 57.2123871], [33.0052875, 57.2124844], [33.0052875, 57.2128207], [33.0052366, 57.2131838], [33.0051642, 57.2133378], [33.0049764, 57.2134641], [33.004617, 57.2136428], [33.0042361, 57.2138548], [33.0041181, 57.2139594], [33.0041583, 57.2140465], [33.0041972, 57.2141054], [33.0043538, 57.2142363], [33.0046653, 57.2144431], [33.0051186, 57.2147379], [33.0055745, 57.2150109], [33.0058401, 57.2151489], [33.0064114, 57.2152782], [33.0070444, 57.2154176], [33.0074896, 57.2155904], [33.0079617, 57.2156979], [33.0081199, 57.2157778], [33.008179, 57.2158649], [33.0081629, 57.2159288], [33.0081012, 57.2160683], [33.0078479, 57.2162034], [33.0067025, 57.2162736], [33.0064342, 57.2162563], [33.0061552, 57.2161823], [33.0059138, 57.2160733], [33.0058868, 57.2160458], [33.0057556, 57.2159121], [33.0056389, 57.2157117], [33.0055249, 57.2155309], [33.005309, 57.2153864], [33.0050233, 57.2152796], [33.0045566, 57.2151286], [33.0041583, 57.2149971], [33.0037225, 57.214796], [33.0035092, 57.2146638], [33.0032678, 57.2144612], [33.0031176, 57.2143879], [33.0029299, 57.2143378], [33.0026965, 57.2143348], [33.002549, 57.2143624], [33.0024954, 57.2143472], [33.0024685, 57.2143174], [33.0025047, 57.2142789], [33.002549, 57.2142659], [33.0026093, 57.214194]], [[33.0471811, 57.2155509], [33.0469415, 57.2156599], [33.0467529, 57.2156862], [33.0466816, 57.2156006], [33.0467784, 57.2154267], [33.0472347, 57.2151134], [33.0473952, 57.214985], [33.0475507, 57.2149602], [33.047617, 57.2150444], [33.0475533, 57.2152252], [33.0473952, 57.2154019], [33.0471811, 57.2155509]], [[33.0018451, 57.2155393], [33.0017955, 57.2155619], [33.0017486, 57.2155735], [33.0016949, 57.2155619], [33.0016305, 57.2155219], [33.001601, 57.2154733], [33.0016051, 57.2154326], [33.0016319, 57.2154101], [33.0017097, 57.215389], [33.0018129, 57.2153956], [33.00188, 57.2154152], [33.0018947, 57.2154391], [33.0018974, 57.2154638], [33.0018827, 57.2155059], [33.0018451, 57.2155393]], [[33.0010861, 57.2167847], [33.0008554, 57.2168276], [33.0007226, 57.2168261], [33.0005469, 57.216813], [33.0004678, 57.2167931], [33.0004343, 57.2167546], [33.000445, 57.2167038], [33.0005456, 57.2166232], [33.0006341, 57.2165505], [33.0008071, 57.2164518], [33.0010659, 57.2163044], [33.0010834, 57.2162564], [33.0011196, 57.2162361], [33.001184, 57.2162165], [33.0012081, 57.2161918], [33.0012497, 57.2161693], [33.0012912, 57.2161664], [33.0013462, 57.2161606], [33.001369, 57.2161475], [33.0014093, 57.2161236], [33.0014589, 57.2161112], [33.0016131, 57.2161337], [33.001656, 57.2161533], [33.0016708, 57.2161853], [33.001707, 57.2163044], [33.0017539, 57.2163675], [33.0018773, 57.2164757], [33.0019269, 57.2165222], [33.0019417, 57.2165796], [33.0019404, 57.2166297], [33.0019256, 57.2166653], [33.0019108, 57.2166729], [33.0018746, 57.2166762], [33.0018478, 57.2167045], [33.0017834, 57.2167459], [33.0017365, 57.2167615], [33.0016815, 57.2167608], [33.0016051, 57.2167441], [33.0014964, 57.216739], [33.001357, 57.216752], [33.0010861, 57.2167847]], [[33.0091065, 57.2197604], [33.009077, 57.2198286], [33.0090207, 57.2198824], [33.0089215, 57.2199652], [33.0087122, 57.2201931], [33.0086693, 57.2203631], [33.0086693, 57.2205242], [33.0086962, 57.2205794], [33.0088061, 57.2206244], [33.0088732, 57.2206666], [33.0089429, 57.2207943], [33.008959, 57.2209033], [33.0089188, 57.2209105], [33.0086827, 57.2208989], [33.0083743, 57.2208568], [33.0080551, 57.2208016], [33.0079264, 57.2207682], [33.0077601, 57.2207], [33.0072746, 57.2204328], [33.0068535, 57.2202875], [33.0063734, 57.2201699], [33.0058825, 57.2199898], [33.0055016, 57.2198083], [33.00544, 57.2197996], [33.0053783, 57.2198272], [33.0053541, 57.2199463], [33.0053622, 57.2201031], [33.0054507, 57.2201293], [33.005499, 57.2201714], [33.005499, 57.2202135], [33.0054426, 57.2202353], [33.0053461, 57.2202469], [33.0051717, 57.2203631], [33.0048177, 57.2205141], [33.0045816, 57.2205591], [33.0043885, 57.2205635], [33.0042517, 57.220533], [33.0042222, 57.2205025], [33.0042276, 57.2204444], [33.004292, 57.2203442], [33.0043215, 57.2201772], [33.0043081, 57.2200261], [33.0042142, 57.2198504], [33.0042249, 57.2196675], [33.0043134, 57.2194293], [33.0042973, 57.2191171], [33.0041798, 57.2188783], [33.0040237, 57.2187366], [33.0038306, 57.2185914], [33.0033183, 57.2183358], [33.0028489, 57.2181179], [33.0028221, 57.2180511], [33.0028597, 57.217919], [33.0029884, 57.2177418], [33.0031976, 57.2174949], [33.0034068, 57.217341], [33.0036268, 57.2172117], [33.0038628, 57.2170926], [33.004131, 57.217036], [33.0044958, 57.216988], [33.0048365, 57.2169663], [33.0051664, 57.2169837], [33.0056921, 57.21711], [33.0059952, 57.2171754], [33.0062956, 57.217264], [33.0066121, 57.2174484], [33.0068435, 57.2176004], [33.0071029, 57.2177708], [33.0073148, 57.2179407], [33.0074194, 57.2180889], [33.0077681, 57.2182936], [33.008208, 57.2185943], [33.0084279, 57.2187903], [33.0084762, 57.2188963], [33.0085138, 57.2189631], [33.0085781, 57.2190052], [33.0086318, 57.219014], [33.0086559, 57.2190764], [33.008664, 57.2191563], [33.008723, 57.2191635], [33.0087659, 57.2191635], [33.0087793, 57.2191955], [33.0087766, 57.2192594], [33.0087981, 57.2193015], [33.0088893, 57.2194162], [33.0090287, 57.2194946], [33.0090717, 57.2195324], [33.0091199, 57.2196108], [33.0090422, 57.2196718], [33.0090904, 57.2197125], [33.0091065, 57.2197604]], [[33.0519278, 57.2194283], [33.0517114, 57.2192028], [33.0515848, 57.2189961], [33.0513816, 57.2187849], [33.0514041, 57.2184577], [33.0514756, 57.2183128], [33.0516859, 57.2180884], [33.0519309, 57.2179812], [33.0520228, 57.2178297], [33.0521555, 57.2177092], [33.0525537, 57.2175069], [33.0528579, 57.2174029], [33.0530407, 57.2173626], [33.0531183, 57.2173449], [33.0532102, 57.2173449], [33.0532571, 57.2173151], [33.0533306, 57.2172963], [33.0533756, 57.2172896], [33.0534082, 57.2173029], [33.0534205, 57.2173283], [33.0534001, 57.2173781], [33.0533715, 57.2174013], [33.0532837, 57.2174234], [33.0531367, 57.2175063], [33.0530244, 57.2175207], [33.0530039, 57.2175539], [33.0530407, 57.2176202], [33.0530713, 57.2176622], [33.0531489, 57.217702], [33.0531816, 57.2177496], [33.0531795, 57.2178347], [33.0530448, 57.2178933], [33.0529896, 57.2179397], [33.0528528, 57.2179718], [33.0527895, 57.2180646], [33.052618, 57.2181221], [33.0525404, 57.2181984], [33.0525098, 57.2183222], [33.0525037, 57.2183764], [33.0525323, 57.218414], [33.0525588, 57.2184405], [33.0525425, 57.2184892], [33.0524302, 57.2185986], [33.0523852, 57.2189104], [33.0522443, 57.2191989], [33.0522178, 57.2194565], [33.0522188, 57.2195179], [33.0521933, 57.219556], [33.0521525, 57.2195798], [33.0520912, 57.2195776], [33.0520483, 57.2195588], [33.0520259, 57.2195356], [33.0520218, 57.2195035], [33.0520034, 57.2194803], [33.0519585, 57.2194659], [33.0519278, 57.2194283]], [[33.0091888, 57.2295962], [33.0090735, 57.2295308], [33.0090399, 57.2294757], [33.0090466, 57.2294227], [33.0090399, 57.229337], [33.0090507, 57.2292789], [33.0090574, 57.2292238], [33.0090466, 57.2291425], [33.0090145, 57.2289901], [33.0090037, 57.2289385], [33.0089514, 57.2288877], [33.008942, 57.2287425], [33.0090118, 57.228659], [33.0091553, 57.2286031], [33.0093886, 57.2286053], [33.0095992, 57.2286445], [33.0096354, 57.2286772], [33.0098111, 57.2287831], [33.0099385, 57.2289835], [33.0101396, 57.2292151], [33.0102161, 57.2293152], [33.0103207, 57.2294503], [33.0104146, 57.2296608], [33.0104816, 57.229729], [33.0105111, 57.229774], [33.0105085, 57.229851], [33.0105272, 57.2299177], [33.0105728, 57.2299831], [33.0106077, 57.2301181], [33.0106372, 57.2302647], [33.0106318, 57.230436], [33.0105916, 57.2305681], [33.0105252, 57.2306787], [33.0101841, 57.2309762], [33.0101303, 57.2310995], [33.0101464, 57.2312113], [33.0101558, 57.2313988], [33.0101544, 57.2314784], [33.0101142, 57.2315248], [33.0100981, 57.231564], [33.0101034, 57.2316134], [33.0101732, 57.2317905], [33.0102107, 57.2319763], [33.0102563, 57.2321563], [33.0102322, 57.2322536], [33.010023, 57.2325483], [33.0099908, 57.232676], [33.010023, 57.2327356], [33.0101222, 57.2328009], [33.0101195, 57.2328444], [33.0100739, 57.2328996], [33.0099666, 57.2329606], [33.0094168, 57.2331783], [33.0090681, 57.2333337], [33.0088804, 57.2334643], [33.0087918, 57.233563], [33.0086202, 57.2336821], [33.0084861, 57.2337503], [33.0083278, 57.2338272], [33.0082634, 57.2339172], [33.0081776, 57.2339506], [33.0080811, 57.2339521], [33.0079979, 57.2339259], [33.007963, 57.2338824], [33.0079496, 57.2338113], [33.0080515, 57.2336196], [33.0082339, 57.2334309], [33.0085236, 57.2332887], [33.0091057, 57.2330869], [33.0094168, 57.2329374], [33.0095885, 57.2327719], [33.0096394, 57.2326412], [33.0096743, 57.2325077], [33.0096636, 57.2323712], [33.0096582, 57.2321578], [33.0097065, 57.2318733], [33.009736, 57.2314639], [33.0097145, 57.2311242], [33.0097306, 57.2309108], [33.0097655, 57.230812], [33.0098486, 57.2307656], [33.0098594, 57.2306552], [33.009921, 57.2302763], [33.0098369, 57.2299035], [33.0095522, 57.2296577], [33.0091888, 57.2295962]], [[33.0080931, 57.2302553], [33.0079697, 57.2301696], [33.0079536, 57.2301043], [33.0078973, 57.230039], [33.0078893, 57.2299388], [33.0079832, 57.2298575], [33.0080556, 57.2298328], [33.0082406, 57.2298575], [33.0083453, 57.2299417], [33.0084096, 57.2301333], [33.008415, 57.230235], [33.0083667, 57.230293], [33.0083211, 57.2303192], [33.0082192, 57.2303075], [33.0080931, 57.2302553]], [[33.0679739, 57.2335493], [33.0679645, 57.2333226], [33.0681693, 57.232975], [33.0684206, 57.2326828], [33.068765, 57.2324964], [33.0693235, 57.2322949], [33.0695935, 57.2322445], [33.069519, 57.2325266], [33.0697238, 57.2326123], [33.0696214, 57.2326878], [33.068793, 57.232975], [33.0684672, 57.2334032], [33.0683089, 57.2335392], [33.0681321, 57.2335846], [33.0679739, 57.2335493]], [[33.0641005, 57.2356539], [33.0646892, 57.2358741], [33.0647035, 57.235923], [33.0645938, 57.236022], [33.0635484, 57.2361978], [33.0621215, 57.236366], [33.0612409, 57.2365546], [33.0608925, 57.2365674], [33.0597152, 57.2362947], [33.0585883, 57.2353295], [33.0587451, 57.2349593], [33.0590168, 57.2347379], [33.0593967, 57.2345906], [33.0601024, 57.2339005], [33.0611899, 57.2327512], [33.0614128, 57.2324501], [33.0616625, 57.23236], [33.0624184, 57.2325619], [33.0626285, 57.2325699], [33.0629179, 57.2326898], [33.0640576, 57.2330006], [33.0642178, 57.2329835], [33.064604, 57.2332639], [33.0645427, 57.2334525], [33.0640483, 57.2335901], [33.0621943, 57.2342939], [33.0622211, 57.2344363], [33.062389, 57.2345635], [33.0633984, 57.2345943], [33.0638128, 57.234867], [33.0640342, 57.2348975], [33.0640577, 57.2350097], [33.0639871, 57.2350632], [33.0640106, 57.2352034], [33.0641005, 57.2356539]], [[33.0116993, 57.2331217], [33.0118936, 57.2330157], [33.0120116, 57.2330186], [33.0120867, 57.2331086], [33.0121297, 57.2332276], [33.0121297, 57.2333525], [33.0121887, 57.2335005], [33.0123603, 57.2336283], [33.0123818, 57.2337502], [33.0123174, 57.2339041], [33.0122584, 57.2340231], [33.0121779, 57.2340696], [33.0120707, 57.2340667], [33.0119848, 57.2340289], [33.0119917, 57.2338156], [33.0118737, 57.2337619], [33.0117235, 57.2337343], [33.0113828, 57.2337474], [33.0111307, 57.233653], [33.0110181, 57.2335819], [33.0109349, 57.2334323], [33.0109188, 57.2333482], [33.0109671, 57.2332799], [33.0110368, 57.2332567], [33.0113024, 57.233232], [33.011592, 57.233174], [33.0116993, 57.2331217]], [[33.0352196, 57.236578], [33.0350319, 57.2365925], [33.0348844, 57.2365852], [33.0347717, 57.2365751], [33.0346617, 57.2365315], [33.0344673, 57.2363711], [33.0342447, 57.2361962], [33.0338195, 57.2359139], [33.0337793, 57.2358616], [33.0337847, 57.2358239], [33.033841, 57.2357891], [33.0339375, 57.2357266], [33.0341146, 57.2356744], [33.0342058, 57.2356526], [33.0343265, 57.2356396], [33.0343989, 57.2355946], [33.0344767, 57.2355699], [33.034643, 57.2355452], [33.0347315, 57.2355263], [33.0347985, 57.2354741], [33.0349112, 57.2354262], [33.0349541, 57.2353928], [33.0350292, 57.2353275], [33.0350614, 57.2352752], [33.0350721, 57.2351417], [33.0349622, 57.2349559], [33.0349487, 57.2349239], [33.0348549, 57.2347817], [33.0347529, 57.234622], [33.0345545, 57.2344042], [33.0342809, 57.2341916], [33.0341199, 57.2340784], [33.0339, 57.2339818], [33.0335687, 57.2338751], [33.0332724, 57.2338229], [33.0331919, 57.2337996], [33.0331771, 57.233775], [33.0331919, 57.2337532], [33.0332308, 57.2337394], [33.0333019, 57.2337379], [33.0337726, 57.2337612], [33.0340891, 57.23378], [33.034301, 57.2338279], [33.0343975, 57.2339165], [33.0345343, 57.2339571], [33.0346819, 57.233976], [33.0350386, 57.2339426], [33.0351378, 57.2338933], [33.0352585, 57.2338947], [33.0353564, 57.2339659], [33.0355254, 57.2341038], [33.0355737, 57.2342692], [33.0355469, 57.2344478], [33.0354745, 57.2346583], [33.0354879, 57.2347439], [33.0355817, 57.234892], [33.035622, 57.2350299], [33.0356247, 57.2351126], [33.0355308, 57.2352229], [33.0354557, 57.2352897], [33.0354423, 57.2353492], [33.0354074, 57.2354189], [33.0353859, 57.2354697], [33.0353859, 57.2355278], [33.0354074, 57.2356062], [33.0354637, 57.2356889], [33.0355952, 57.235805], [33.0358446, 57.2358754], [33.0360029, 57.2360235], [33.0360136, 57.2361396], [33.0359599, 57.2362644], [33.0358929, 57.2363399], [33.0357856, 57.2364198], [33.0355093, 57.236504], [33.0352196, 57.236578]], [[33.0062315, 57.2360603], [33.0061367, 57.235883], [33.0063448, 57.2355394], [33.0064281, 57.2354352], [33.0063219, 57.2351914], [33.006527, 57.2349649], [33.0068184, 57.2348748], [33.0070418, 57.2348942], [33.0074272, 57.2348213], [33.0076717, 57.2349114], [33.0077374, 57.2351177], [33.0074313, 57.2352924], [33.0070722, 57.2354912], [33.0068444, 57.2356577], [33.0066056, 57.2359361], [33.0064021, 57.2360547], [33.0062315, 57.2360603]], [[33.0681683, 57.2355937], [33.0680725, 57.2354784], [33.0682218, 57.2354156], [33.0685753, 57.2354249], [33.0686602, 57.2355191], [33.0686392, 57.2356171], [33.0681683, 57.2355937]], [[33.0301395, 57.2358965], [33.0302066, 57.2358718], [33.0303246, 57.235895], [33.0304346, 57.2359386], [33.030456, 57.2359618], [33.0304641, 57.2359923], [33.0304373, 57.2360228], [33.0303836, 57.2360605], [33.0302441, 57.2361302], [33.0301181, 57.2361737], [33.0299384, 57.2362115], [33.0297184, 57.2362347], [33.0294556, 57.2362376], [33.0292973, 57.2362332], [33.0292517, 57.2361977], [33.029241, 57.2361701], [33.0292517, 57.236149], [33.0293, 57.2361026], [33.0293979, 57.236067], [33.0295106, 57.2360532], [33.0296983, 57.2360852], [33.0298606, 57.2360808], [33.0299491, 57.2360503], [33.0300457, 57.2360112], [33.0300752, 57.2359879], [33.0301047, 57.235927], [33.0301395, 57.2358965]], [[33.0314592, 57.2362724], [33.0316577, 57.2362521], [33.031942, 57.2361984], [33.0319929, 57.2361999], [33.0319956, 57.2362231], [33.0319608, 57.2362434], [33.0317757, 57.2363218], [33.0317033, 57.2363827], [33.031537, 57.2364336], [33.031368, 57.2365163], [33.0312097, 57.2366077], [33.0310461, 57.2366527], [33.0309335, 57.2366368], [33.030853, 57.2365932], [33.0308745, 57.2365141], [33.0309159, 57.2364673], [33.0309643, 57.2364125], [33.0309496, 57.2363791], [33.0309523, 57.2363566], [33.0309938, 57.2363225], [33.0310287, 57.2362724], [33.0310676, 57.2362151], [33.0310931, 57.2361919], [33.031132, 57.2361723], [33.0311709, 57.2361657], [33.0312232, 57.236165], [33.031254, 57.2361665], [33.0313304, 57.2362376], [33.0314592, 57.2362724]], [[33.0086988, 57.2394903], [33.0080776, 57.2394567], [33.0079434, 57.2392788], [33.0082304, 57.2390001], [33.0097105, 57.2385517], [33.0106941, 57.2381603], [33.0113833, 57.237531], [33.0122501, 57.2370793], [33.0127216, 57.2365852], [33.0131479, 57.2364461], [33.0135452, 57.2364939], [33.0137071, 57.2365695], [33.0134315, 57.2366283], [33.0133546, 57.2369452], [33.0121996, 57.2376281], [33.0119586, 57.2378824], [33.0119989, 57.2379974], [33.0124914, 57.2382911], [33.0123402, 57.2386057], [33.0115974, 57.2388447], [33.0114262, 57.2391547], [33.0108592, 57.2392177], [33.010219, 57.2391222], [33.0095059, 57.2393121], [33.0093433, 57.2394447], [33.0086988, 57.2394903]], [[33.0053137, 57.2379747], [33.0052024, 57.2380814], [33.0050361, 57.2381481], [33.0048389, 57.2382018], [33.0045238, 57.2382969], [33.0044118, 57.238347], [33.0043635, 57.2383484], [33.0043447, 57.2383354], [33.0043635, 57.2382454], [33.0045432, 57.2379101], [33.0046961, 57.2376532], [33.0048892, 57.2374529], [33.0050367, 57.2373542], [33.0053211, 57.2372177], [33.0055571, 57.2371248], [33.0056376, 57.2370581], [33.0057207, 57.2370189], [33.0057985, 57.2370073], [33.0058977, 57.2370044], [33.0059641, 57.2370345], [33.0060251, 57.2371488], [33.0060379, 57.237233], [33.0060218, 57.2373404], [33.0059534, 57.2374565], [33.0058206, 57.237577], [33.0055122, 57.237802], [33.0053137, 57.2379747]], [[33.0006047, 57.2433428], [33.0004214, 57.2433252], [33.0003266, 57.2432716], [33.0003816, 57.2431034], [33.0005544, 57.2427659], [33.001138, 57.2422762], [33.0013095, 57.2421287], [33.0014384, 57.2420759], [33.0015582, 57.242089], [33.0017602, 57.2421804], [33.0018881, 57.2423856], [33.0018542, 57.2424597], [33.0012422, 57.2428116], [33.0007672, 57.2432646], [33.0006047, 57.2433428]], [[33.0660679, 57.244598], [33.0659647, 57.2447041], [33.0657685, 57.2447432], [33.0656188, 57.2446845], [33.0655311, 57.2446063], [33.0654537, 57.2445393], [33.0655259, 57.2444081], [33.0656395, 57.2443159], [33.065784, 57.2442991], [33.0658615, 57.2442125], [33.0659492, 57.2441148], [33.0666628, 57.2436858], [33.06694, 57.2433721], [33.0671291, 57.2431403], [33.0675576, 57.2429016], [33.067734, 57.2427107], [33.0680239, 57.2425675], [33.0682507, 57.242397], [33.0685153, 57.2423152], [33.0691329, 57.2423493], [33.0697, 57.2423834], [33.0701038, 57.242448], [33.070128, 57.2425178], [33.0696924, 57.2425091], [33.0688939, 57.2426531], [33.0684745, 57.2429368], [33.0669501, 57.243718], [33.066176, 57.2441162], [33.0657074, 57.2444228], [33.0657193, 57.2444612], [33.0657988, 57.244572], [33.0658224, 57.2445765], [33.0660237, 57.2445628], [33.0660679, 57.244598]], [[33.0700284, 57.2463011], [33.0697864, 57.2459739], [33.0694335, 57.2456139], [33.0691412, 57.2454066], [33.0682943, 57.2450902], [33.0679011, 57.2449211], [33.0675885, 57.2447684], [33.0670465, 57.2446789], [33.066853, 57.2445986], [33.0670917, 57.2446126], [33.067666, 57.2446929], [33.0683628, 57.244829], [33.0693501, 57.2451781], [33.0701631, 57.2458379], [33.0704533, 57.246196], [33.0702599, 57.2462603], [33.0701631, 57.2463197], [33.0700284, 57.2463011]], [[32.9905554, 57.2474009], [32.9914977, 57.2470509], [32.9925084, 57.2466981], [32.9928286, 57.2464671], [32.9929942, 57.2463555], [32.9930263, 57.2463511], [32.9930455, 57.2463583], [32.9930588, 57.2463721], [32.9930487, 57.2463896], [32.9929494, 57.2464687], [32.9924958, 57.2468363], [32.9924145, 57.2469896], [32.9923671, 57.2471755], [32.9924986, 57.2473534], [32.9923993, 57.2474512], [32.9920064, 57.2475191], [32.9906266, 57.2476014], [32.9903439, 57.2477047], [32.990255, 57.2477422], [32.9902054, 57.2477476], [32.9901452, 57.2477378], [32.990133, 57.2477041], [32.9902209, 57.2475977], [32.9903186, 57.2475124], [32.9905554, 57.2474009]], [[33.0713324, 57.2469232], [33.0709896, 57.2471195], [33.0709593, 57.2472777], [33.0709795, 57.2475177], [33.0713424, 57.2477032], [33.0716449, 57.2478341], [33.0719877, 57.2478777], [33.0723809, 57.2478995], [33.0727136, 57.2478995], [33.0728951, 57.2477959], [33.0730765, 57.2476486], [33.0732076, 57.2475777], [33.0731834, 57.2475402], [33.0720736, 57.2471701], [33.0714541, 57.2468734], [33.0713324, 57.2469232]], [[33.0759002, 57.2490516], [33.0761018, 57.2487767], [33.0762308, 57.2486632], [33.0771503, 57.2490341], [33.0780295, 57.2494573], [33.0788118, 57.249789], [33.0799168, 57.2500813], [33.0812073, 57.2504129], [33.0821026, 57.2506092], [33.0830543, 57.250775], [33.0835705, 57.2508318], [33.0836834, 57.2509539], [33.0836915, 57.2511983], [33.0838125, 57.2512812], [33.0835544, 57.2513553], [33.0830463, 57.2513379], [33.0823365, 57.2513117], [33.0815783, 57.2511546], [33.0809331, 57.2510892], [33.0804572, 57.2509539], [33.0796829, 57.2507838], [33.0791103, 57.2506267], [33.0785053, 57.2505133], [33.0776746, 57.2502907], [33.0773036, 57.2500595], [33.0769487, 57.249837], [33.0764567, 57.2495839], [33.0761824, 57.2494792], [33.0759002, 57.2490516]], [[32.9693531, 57.2587881], [32.9693001, 57.2587001], [32.9690322, 57.2583444], [32.9688471, 57.2579295], [32.9690025, 57.2573832], [32.9690061, 57.2570178], [32.9687914, 57.2567924], [32.9683717, 57.2564777], [32.9683175, 57.2564228], [32.968576, 57.2562153], [32.9689774, 57.2561023], [32.9693424, 57.2559673], [32.9698363, 57.2557367], [32.9701555, 57.2554916], [32.9704522, 57.2553316], [32.9708126, 57.2551962], [32.9710546, 57.2551501], [32.9712699, 57.2551573], [32.9714344, 57.255142], [32.9716551, 57.2550298], [32.9720072, 57.254947], [32.9726231, 57.2549043], [32.9729066, 57.2549391], [32.9733162, 57.2549124], [32.9736558, 57.2548487], [32.974072, 57.2548822], [32.9742869, 57.2549387], [32.9745282, 57.2550064], [32.9748675, 57.2550314], [32.9752589, 57.2550136], [32.9756088, 57.2549732], [32.975938, 57.2549526], [32.9760463, 57.2549144], [32.9761294, 57.2548435], [32.9761917, 57.2545318], [32.9762807, 57.2543199], [32.9763672, 57.2542328], [32.9765944, 57.2541237], [32.9768215, 57.2540403], [32.9769603, 57.2539353], [32.9770477, 57.2537695], [32.9773111, 57.2534344], [32.977644, 57.2531662], [32.9779733, 57.2529539], [32.9782933, 57.252725], [32.9783407, 57.252622], [32.9783766, 57.2525342], [32.9783556, 57.2524241], [32.9782729, 57.2523213], [32.9782666, 57.2522117], [32.9783689, 57.2521053], [32.9784702, 57.2519942], [32.9786765, 57.2519253], [32.9788096, 57.2518266], [32.9789217, 57.251771], [32.9790563, 57.2517447], [32.9792732, 57.2517083], [32.9795183, 57.2517033], [32.9798272, 57.2517573], [32.9801649, 57.2518246], [32.9804216, 57.2518928], [32.980732, 57.2518977], [32.9810471, 57.2518425], [32.981194, 57.2517845], [32.9813592, 57.2517315], [32.9815084, 57.2517273], [32.9816124, 57.2516892], [32.9817785, 57.2516236], [32.9819913, 57.2515994], [32.9821644, 57.2516008], [32.9823282, 57.2515723], [32.9826093, 57.251666], [32.9825908, 57.2517736], [32.9824385, 57.2519122], [32.981952, 57.2522524], [32.9814544, 57.2524509], [32.9809968, 57.2526101], [32.9806346, 57.2528351], [32.9796889, 57.2534449], [32.9795034, 57.2535789], [32.9794187, 57.2536905], [32.9795839, 57.254003], [32.9794224, 57.2541481], [32.9791119, 57.2542856], [32.9785102, 57.2543602], [32.9779447, 57.2545185], [32.9772665, 57.2548315], [32.976528, 57.2551637], [32.9757378, 57.2553444], [32.9747832, 57.2554708], [32.9738474, 57.2558084], [32.9732664, 57.2560689], [32.9729592, 57.2563031], [32.9729037, 57.2564677], [32.9730917, 57.2567984], [32.973133, 57.2572034], [32.9730988, 57.2575508], [32.9730665, 57.2576774], [32.9730015, 57.2577481], [32.9729083, 57.2578771], [32.9727037, 57.2581423], [32.9726845, 57.2582953], [32.9726377, 57.2584408], [32.9724559, 57.2586053], [32.972031, 57.2588492], [32.9719536, 57.2590116], [32.9719753, 57.2591937], [32.9721331, 57.2593611], [32.972394, 57.2595317], [32.9726694, 57.2596677], [32.9728724, 57.2597442], [32.9731167, 57.2597416], [32.9735243, 57.2595768], [32.9738997, 57.2594242], [32.9742397, 57.2593668], [32.9745487, 57.2594586], [32.9747508, 57.259804], [32.9747523, 57.2603868], [32.9746745, 57.2605607], [32.9745045, 57.2606323], [32.9744026, 57.2606213], [32.974238, 57.2605482], [32.9740749, 57.2604603], [32.9738576, 57.26044], [32.9736925, 57.2604736], [32.9735133, 57.2605431], [32.9734825, 57.2606195], [32.9735874, 57.2607242], [32.9737436, 57.2608651], [32.9736602, 57.2610099], [32.9734349, 57.2610889], [32.9732152, 57.261045], [32.9730482, 57.2607985], [32.9717446, 57.260043], [32.9710661, 57.2596298], [32.9704437, 57.2591385], [32.9701576, 57.2589811], [32.9693531, 57.2587881]], [[32.9703301, 57.2522889], [32.9703838, 57.2523817], [32.9704816, 57.2524934], [32.9706895, 57.2528634], [32.9709417, 57.2530956], [32.9712367, 57.2532581], [32.9714781, 57.2534032], [32.9712367, 57.2535715], [32.9705018, 57.2536817], [32.9702979, 57.2535483], [32.9701419, 57.2533358], [32.9700512, 57.2527706], [32.9701585, 57.252611], [32.9702228, 57.2525007], [32.9701585, 57.2523034], [32.9703301, 57.2522889]], [[32.9668432, 57.2543433], [32.966913, 57.254175], [32.9669505, 57.254059], [32.9671007, 57.253998], [32.9672402, 57.2540299], [32.9674011, 57.2541141], [32.9673958, 57.2542911], [32.9673314, 57.2544623], [32.9672188, 57.2545638], [32.9669934, 57.2546654], [32.966854, 57.2546393], [32.9667628, 57.2545696], [32.9667789, 57.2544507], [32.9668432, 57.2543433]], [[32.9489515, 57.2556379], [32.9489978, 57.255628], [32.9490431, 57.2556285], [32.9490583, 57.2556481], [32.9490776, 57.255661], [32.9491283, 57.255651], [32.9491384, 57.2556667], [32.9491237, 57.2556892], [32.9491254, 57.2557057], [32.9491752, 57.2557297], [32.9492748, 57.2557416], [32.9493689, 57.2557476], [32.9493689, 57.2557895], [32.9492914, 57.2558105], [32.9491641, 57.2557955], [32.9491318, 57.2557827], [32.9490776, 57.2557817], [32.9490562, 57.2558001], [32.9490094, 57.2558135], [32.9489317, 57.2558015], [32.9489128, 57.2557516], [32.9488599, 57.2557327], [32.9488222, 57.2557006], [32.9487861, 57.2556759], [32.9487993, 57.2556469], [32.9488508, 57.2556254], [32.9489086, 57.2556247], [32.9489515, 57.2556379]], [[32.978985, 57.2566974], [32.9790409, 57.2566591], [32.9791343, 57.2566369], [32.9792763, 57.2566238], [32.9793841, 57.2565885], [32.979387, 57.2565585], [32.979344, 57.2565213], [32.9792646, 57.2564748], [32.9792462, 57.2564194], [32.9793582, 57.2563647], [32.9794133, 57.2562533], [32.9796398, 57.2561471], [32.9797231, 57.2560264], [32.9797482, 57.2559634], [32.9798326, 57.2558782], [32.9800562, 57.2558222], [32.9803322, 57.2557566], [32.9806551, 57.2557199], [32.9808745, 57.255705], [32.9810364, 57.255717], [32.9810925, 57.2557249], [32.9811244, 57.2557371], [32.9811426, 57.2557528], [32.981142, 57.2557691], [32.9811438, 57.255783], [32.981171, 57.2557972], [32.9812211, 57.255799], [32.981269, 57.2557871], [32.9813575, 57.2557583], [32.981479, 57.2557424], [32.9817414, 57.2557551], [32.9820456, 57.2558007], [32.98257, 57.2559391], [32.9827999, 57.2560609], [32.9827692, 57.2562058], [32.9825505, 57.256416], [32.9825505, 57.2566524], [32.9827449, 57.2569545], [32.9830075, 57.2572389], [32.9831623, 57.2575156], [32.9832847, 57.2577163], [32.983239, 57.257942], [32.983266, 57.2581503], [32.9832886, 57.2582018], [32.983319, 57.2582784], [32.9833409, 57.258322], [32.983394, 57.258347], [32.9834988, 57.2583491], [32.9836227, 57.2583752], [32.9837486, 57.2584237], [32.9838452, 57.2585356], [32.983895, 57.2586026], [32.9838494, 57.2586917], [32.9837532, 57.2586986], [32.9836315, 57.258687], [32.9834718, 57.2586095], [32.9831032, 57.2584516], [32.9823931, 57.2581922], [32.9816573, 57.2579505], [32.9811169, 57.2577163], [32.9802429, 57.2575029], [32.979603, 57.2573173], [32.9791608, 57.2572883], [32.9791033, 57.2571933], [32.9790065, 57.2568639], [32.978973, 57.2567471], [32.978985, 57.2566974]], [[32.9662049, 57.2564528], [32.9665375, 57.2563628], [32.9668379, 57.2562671], [32.9669988, 57.2562555], [32.9671758, 57.2563135], [32.9672992, 57.2565253], [32.9675084, 57.2566414], [32.9677284, 57.2567052], [32.9675996, 57.2568271], [32.9675567, 57.2569315], [32.9674548, 57.2569721], [32.9671383, 57.256917], [32.9669934, 57.2569199], [32.9668432, 57.2567748], [32.9668003, 57.2566269], [32.9665482, 57.2565398], [32.9663175, 57.256534], [32.9662263, 57.2564992], [32.9662049, 57.2564528]], [[32.9478303, 57.2569989], [32.9479133, 57.2570408], [32.9480794, 57.2570947], [32.948179, 57.2571216], [32.9483395, 57.2571485], [32.9484391, 57.2571396], [32.9484612, 57.2570797], [32.9484114, 57.2570168], [32.9482897, 57.2569749], [32.948179, 57.2569091], [32.948107, 57.2568283], [32.9480406, 57.2567684], [32.9479521, 57.2566995], [32.9478248, 57.2566277], [32.9477307, 57.2566187], [32.9476643, 57.2566786], [32.9476311, 57.2567594], [32.9476255, 57.2568432], [32.9476588, 57.256924], [32.9477418, 57.2569719], [32.9478303, 57.2569989]], [[33.1333548, 57.2566298], [33.1332287, 57.2566689], [33.1332153, 57.256801], [33.1332904, 57.2568865], [33.1333709, 57.2570273], [33.1333736, 57.2570882], [33.1335667, 57.2571491], [33.1336766, 57.2570737], [33.1336766, 57.2569547], [33.1335881, 57.2568778], [33.1335774, 57.2568285], [33.1333548, 57.2566298]], [[32.9455197, 57.2574378], [32.9453963, 57.2573261], [32.9453158, 57.2572072], [32.9453614, 57.2570867], [32.945407, 57.2569779], [32.9455411, 57.2568735], [32.9457289, 57.2569025], [32.9457879, 57.2569895], [32.9459917, 57.2572304], [32.9460347, 57.257387], [32.9461312, 57.2575582], [32.9461527, 57.2576714], [32.9460883, 57.2577787], [32.946032, 57.2578382], [32.9459676, 57.2579122], [32.9458335, 57.2580442], [32.945686, 57.2579949], [32.9456377, 57.2578788], [32.9456404, 57.2576453], [32.9455197, 57.2574378]], [[32.9548645, 57.2578774], [32.9546767, 57.2578078], [32.9546668, 57.2576841], [32.9549289, 57.2576366], [32.9551488, 57.2575698], [32.9553366, 57.257448], [32.9556906, 57.2573029], [32.9559267, 57.2572652], [32.9560447, 57.2571752], [32.956211, 57.2571607], [32.956211, 57.2572188], [32.9561466, 57.2573377], [32.9561466, 57.2574994], [32.9560447, 57.2576395], [32.955873, 57.2577497], [32.9555833, 57.2578542], [32.9553473, 57.2579238], [32.9551384, 57.2579304], [32.9548645, 57.2578774]], [[33.1303748, 57.257535], [33.1291518, 57.2576888], [33.1290016, 57.257728], [33.1288299, 57.2578977], [33.1288674, 57.2579702], [33.1289694, 57.2579992], [33.1292054, 57.2579354], [33.1293637, 57.2580442], [33.1296506, 57.2580645], [33.1298223, 57.2579789], [33.130061, 57.2580297], [33.1305063, 57.2580486], [33.1306618, 57.2580007], [33.1307369, 57.257902], [33.1306055, 57.257712], [33.1305975, 57.2575989], [33.1305063, 57.2575466], [33.1303748, 57.257535]], [[33.0986738, 57.2576453], [33.0986416, 57.2581008], [33.0987114, 57.2581791], [33.0986255, 57.2583097], [33.0985773, 57.2586056], [33.0985719, 57.2588435], [33.0985665, 57.2591192], [33.0985826, 57.2592787], [33.0984539, 57.2589161], [33.0984431, 57.2585041], [33.0984592, 57.2582865], [33.0984753, 57.2579818], [33.0985558, 57.2577845], [33.0986738, 57.2576453]], [[33.0822759, 57.2603193], [33.0817961, 57.2601258], [33.0816579, 57.2598224], [33.0816172, 57.2595278], [33.0819994, 57.2592243], [33.0824303, 57.2590616], [33.0829914, 57.2588418], [33.0833654, 57.2586659], [33.0843248, 57.2586439], [33.0846013, 57.2588725], [33.0849835, 57.2590396], [33.0852924, 57.2592903], [33.0851705, 57.2596113], [33.0846582, 57.2598444], [33.084024, 57.2599147], [33.0836093, 57.2598796], [33.0833817, 57.2600819], [33.0831865, 57.2602446], [33.0829832, 57.2603149], [33.0827068, 57.2603545], [33.0822759, 57.2603193]], [[33.0863169, 57.25955], [33.0865556, 57.2596008], [33.0866924, 57.2597081], [33.0867326, 57.2597328], [33.0868319, 57.2597865], [33.0867943, 57.2598967], [33.0866602, 57.2599272], [33.0864724, 57.2599736], [33.086282, 57.2599794], [33.0861157, 57.2599083], [33.0860808, 57.2597981], [33.0860862, 57.2596806], [33.0861264, 57.2596109], [33.0863169, 57.25955]], [[32.9462224, 57.2601114], [32.9464263, 57.2599953], [32.9467213, 57.2598619], [32.9472578, 57.2597284], [32.947703, 57.2598097], [32.9477674, 57.2600302], [32.9476923, 57.2603145], [32.9474133, 57.2605466], [32.9471075, 57.2606365], [32.9467964, 57.2605814], [32.9467642, 57.2603725], [32.946437, 57.2602448], [32.9462224, 57.2601114]], [[33.1007203, 57.2602028], [33.1007579, 57.2603943], [33.1008357, 57.260506], [33.100782, 57.2605698], [33.1007016, 57.2607453], [33.100664, 57.2608555], [33.100546, 57.2609005], [33.1004843, 57.2610543], [33.1004065, 57.2611384], [33.1003422, 57.2613632], [33.1001303, 57.2615605], [33.1001061, 57.261517], [33.0999157, 57.2614938], [33.1001249, 57.2614648], [33.1002939, 57.2612762], [33.1003448, 57.2610311], [33.1003931, 57.2608584], [33.100495, 57.26068], [33.100546, 57.2604479], [33.1005594, 57.2603116], [33.1005889, 57.2602303], [33.1007203, 57.2602028]], [[33.0980059, 57.2611718], [33.0981588, 57.2612095], [33.0982876, 57.2612907], [33.0981481, 57.2613487], [33.0980059, 57.2614097], [33.0978611, 57.2615808], [33.0977511, 57.2616722], [33.097617, 57.2617984], [33.0975205, 57.2619028], [33.0975151, 57.2617259], [33.0976224, 57.2615359], [33.0977511, 57.2613908], [33.0978316, 57.2612791], [33.0979255, 57.2612211], [33.0980059, 57.2611718]], [[32.9488033, 57.2717675], [32.9492403, 57.2712951], [32.9497922, 57.2708352], [32.9502292, 57.2703877], [32.9504592, 57.2701143], [32.9503902, 57.2697662], [32.9503672, 57.269443], [32.9506892, 57.268809], [32.9512181, 57.2683615], [32.951816, 57.2681005], [32.952552, 57.2680135], [32.953127, 57.2681378], [32.9535179, 57.2682621], [32.9536789, 57.2684237], [32.9537479, 57.2687096], [32.9540238, 57.2688961], [32.9545068, 57.2688836], [32.9548747, 57.2688215], [32.9548058, 57.2683491], [32.9548747, 57.2679886], [32.9554037, 57.2675536], [32.9555187, 57.2672552], [32.9553807, 57.2668823], [32.9548977, 57.2664846], [32.9544608, 57.2661738], [32.9542768, 57.2657015], [32.9544838, 57.265341], [32.9551508, 57.2651793], [32.9557486, 57.2650923], [32.9565076, 57.2650923], [32.9566085, 57.2650849], [32.9570136, 57.265055], [32.9576345, 57.2648686], [32.9579335, 57.2646572], [32.9579564, 57.2643962], [32.9578185, 57.26416], [32.9577265, 57.2638742], [32.9578414, 57.263638], [32.9582324, 57.2635012], [32.9586464, 57.2633894], [32.9588534, 57.2632154], [32.9588074, 57.2629543], [32.9586234, 57.262743], [32.9587384, 57.2624447], [32.9590603, 57.2622955], [32.9596813, 57.2622209], [32.9601413, 57.2620842], [32.9607852, 57.2618107], [32.9613371, 57.2615496], [32.962073, 57.2615745], [32.9623951, 57.2616242], [32.9620501, 57.2617858], [32.9614981, 57.2619102], [32.9608772, 57.2621464], [32.9606242, 57.2624447], [32.9606242, 57.2630413], [32.9608082, 57.2632775], [32.9611072, 57.2633645], [32.9615441, 57.2633272], [32.9622801, 57.263464], [32.962855, 57.2634515], [32.9632919, 57.2635137], [32.9641429, 57.2635883], [32.9648098, 57.2634764], [32.9654997, 57.2632899], [32.9664657, 57.2629916], [32.9669716, 57.2629046], [32.9673396, 57.2627182], [32.9677996, 57.2626063], [32.9682135, 57.2627182], [32.9677075, 57.2628922], [32.9674775, 57.2630662], [32.9677765, 57.2632651], [32.9679375, 57.2632899], [32.9672246, 57.2636877], [32.9666957, 57.263812], [32.9654997, 57.2645329], [32.9645338, 57.2649307], [32.9634069, 57.2652539], [32.962625, 57.2653782], [32.9618201, 57.2654404], [32.9612221, 57.2655647], [32.9607622, 57.2658382], [32.9604402, 57.2661863], [32.9604632, 57.2668699], [32.9606012, 57.2672055], [32.9609232, 57.267479], [32.9611072, 57.2676903], [32.9610381, 57.2679389], [32.9610612, 57.2681999], [32.9612049, 57.2682998], [32.9613831, 57.2684237], [32.9617511, 57.2685853], [32.9621191, 57.2686226], [32.962418, 57.2685853], [32.962648, 57.2684112], [32.962671, 57.2681626], [32.96251, 57.267914], [32.962487, 57.2676654], [32.962855, 57.2674914], [32.96297, 57.2673671], [32.962993, 57.2671558], [32.9632919, 57.2670191], [32.9636139, 57.2671434], [32.9638439, 57.267392], [32.9641429, 57.2676157], [32.9645338, 57.2678022], [32.9647178, 57.2681005], [32.9647638, 57.2685107], [32.9646488, 57.2689085], [32.9641889, 57.2694555], [32.9635219, 57.2700273], [32.9625791, 57.2704375], [32.9622801, 57.2708476], [32.9618661, 57.271146], [32.9613602, 57.2713076], [32.9605552, 57.2713946], [32.9600033, 57.2716805], [32.9592674, 57.2718421], [32.9585314, 57.2719415], [32.9578185, 57.2719291], [32.9571975, 57.2718421], [32.9566686, 57.2716432], [32.9559557, 57.271581], [32.9515631, 57.2715935], [32.9497692, 57.2716307], [32.9494013, 57.2716929], [32.9488033, 57.2717675]], [[32.950909, 57.2634528], [32.9510021, 57.2632939], [32.9514527, 57.2630792], [32.9521662, 57.2629342], [32.9525471, 57.2627659], [32.9530245, 57.262557], [32.9536092, 57.2623337], [32.9539365, 57.2623046], [32.9540759, 57.262325], [32.9540867, 57.2624004], [32.9539365, 57.2625657], [32.9533678, 57.2627746], [32.9528528, 57.2629719], [32.9524398, 57.2631372], [32.9521823, 57.2632794], [32.9519141, 57.263349], [32.9516029, 57.2634012], [32.951383, 57.2634534], [32.9511094, 57.2635405], [32.9509485, 57.263526], [32.950909, 57.2634528]], [[32.9715019, 57.2640827], [32.9714353, 57.2638884], [32.9714089, 57.2638586], [32.9713306, 57.2636698], [32.9710348, 57.2632433], [32.9708918, 57.2630522], [32.9711827, 57.2628167], [32.9714784, 57.2626435], [32.9715031, 57.2625035], [32.9712813, 57.2624568], [32.9709239, 57.2625368], [32.9705048, 57.2627301], [32.9700242, 57.26295], [32.9698516, 57.2630033], [32.9691805, 57.263095], [32.9686725, 57.2630472], [32.9687591, 57.2631526], [32.9686316, 57.26317], [32.9685083, 57.2633099], [32.9688411, 57.2634765], [32.968952, 57.2636298], [32.9696052, 57.2644896], [32.9699379, 57.2647028], [32.9705048, 57.2647495], [32.971121, 57.2647295], [32.971651, 57.2645562], [32.9715894, 57.2643606], [32.9715941, 57.2643518], [32.9715019, 57.2640827]], [[33.0974271, 57.2643669], [33.0983215, 57.2642966], [33.0991833, 57.2643757], [33.09972, 57.2643054], [33.1000452, 57.2641119], [33.100094, 57.2640064], [33.1003054, 57.26398], [33.1001265, 57.2638833], [33.0999151, 57.2636722], [33.0995899, 57.2635491], [33.0991345, 57.2636107], [33.0985654, 57.2637602], [33.0982239, 57.2637953], [33.097671, 57.2637602], [33.0973457, 57.2638393], [33.0971831, 57.2640504], [33.0970856, 57.2641823], [33.0972156, 57.2642966], [33.0974271, 57.2643669]], [[32.9713856, 57.267034], [32.9715492, 57.2670734], [32.9716537, 57.26712], [32.9717582, 57.2671495], [32.9718628, 57.2671888], [32.9719127, 57.2672232], [32.9720173, 57.2672576], [32.9721127, 57.2672871], [32.9721536, 57.2673313], [32.9721218, 57.2673879], [32.9719854, 57.2674419], [32.9717946, 57.2675156], [32.9716537, 57.2675525], [32.9715628, 57.2675844], [32.9714129, 57.2675844], [32.971372, 57.2676188], [32.9713493, 57.2676483], [32.9712766, 57.2676532], [32.9711857, 57.2676803], [32.9711539, 57.267722], [32.971063, 57.2677294], [32.9709631, 57.2677331], [32.9708535, 57.2677162], [32.9707778, 57.2677246], [32.970676, 57.2677627], [32.9706473, 57.2677895], [32.9705847, 57.267822], [32.9705273, 57.2678206], [32.9704281, 57.2677924], [32.9703393, 57.267767], [32.9702637, 57.2677557], [32.9701593, 57.2677444], [32.970094, 57.2677486], [32.9700157, 57.2677924], [32.9699557, 57.2678234], [32.9698226, 57.2678192], [32.9697391, 57.2678361], [32.9696869, 57.2678474], [32.9696347, 57.267877], [32.9694859, 57.2678982], [32.9693867, 57.2679024], [32.9692562, 57.2678968], [32.9691597, 57.2678742], [32.9690683, 57.2678403], [32.9690187, 57.2678036], [32.9689718, 57.26775], [32.9689718, 57.2677162], [32.9689718, 57.2676625], [32.9689352, 57.2676315], [32.968883, 57.2676272], [32.9687943, 57.2676018], [32.9687473, 57.2676047], [32.9686794, 57.2676174], [32.9686351, 57.2675934], [32.968622, 57.267544], [32.968656, 57.2674988], [32.9687055, 57.2674113], [32.9687786, 57.2673549], [32.9689483, 57.2672363], [32.9690396, 57.2671601], [32.9691414, 57.2670896], [32.9692119, 57.2670472], [32.9692849, 57.2670275], [32.9694676, 57.2669823], [32.9697495, 57.2669611], [32.9699009, 57.2669513], [32.9700496, 57.2669484], [32.9701854, 57.2669414], [32.9702088, 57.2669541], [32.9702141, 57.2669753], [32.970248, 57.2669922], [32.9703393, 57.2669964], [32.9703889, 57.2669964], [32.9704385, 57.266971], [32.9705194, 57.2669484], [32.9707387, 57.2669442], [32.9710023, 57.2669555], [32.9711902, 57.2669724], [32.9713389, 57.2669992], [32.9713856, 57.267034]], [[32.9830077, 57.2830596], [32.983037, 57.2830097], [32.9831251, 57.2829644], [32.9833264, 57.2829576], [32.9834858, 57.2830165], [32.98362, 57.2831797], [32.9836494, 57.283284], [32.9837417, 57.2834132], [32.9838214, 57.2835243], [32.9838968, 57.2836331], [32.9839388, 57.2837918], [32.9839765, 57.2839981], [32.9839807, 57.2842407], [32.9839598, 57.2844605], [32.9839136, 57.2846033], [32.9837962, 57.2847552], [32.9836033, 57.2849207], [32.9834271, 57.285059], [32.9833474, 57.2851587], [32.9831964, 57.2852449], [32.9830496, 57.2852925], [32.9828651, 57.2853061], [32.9827602, 57.2852743], [32.9826428, 57.2851882], [32.9825127, 57.2850998], [32.9823659, 57.284991], [32.9822527, 57.284864], [32.9821814, 57.2847598], [32.9821185, 57.2846646], [32.9820723, 57.2845376], [32.982064, 57.2843971], [32.9821185, 57.2842588], [32.9822443, 57.284082], [32.9824372, 57.2839709], [32.9825421, 57.2839142], [32.9826973, 57.2838485], [32.9828357, 57.2837759], [32.9829448, 57.2837238], [32.9830538, 57.2836762], [32.9831251, 57.2836173], [32.9831796, 57.2835515], [32.9832509, 57.2834699], [32.9832593, 57.2833951], [32.9832258, 57.2833112], [32.9831712, 57.2832183], [32.983058, 57.2831412], [32.9830077, 57.2830596]], [[32.9527563, 57.2833225], [32.9528582, 57.2835081], [32.952987, 57.2835893], [32.9530942, 57.2834269], [32.953105, 57.2832529], [32.9530835, 57.2831051], [32.9529442, 57.2830101], [32.9527724, 57.2831341], [32.9527563, 57.2833225]], [[32.9273077, 57.2880671], [32.9269748, 57.2877972], [32.9268084, 57.2874149], [32.92685, 57.2870102], [32.9272661, 57.2869202], [32.9279318, 57.2870326], [32.9282231, 57.2872351], [32.9288472, 57.2871901], [32.9297626, 57.2865154], [32.9303034, 57.286178], [32.9307195, 57.2860656], [32.9311772, 57.2861556], [32.9315933, 57.2866278], [32.9318845, 57.2870102], [32.9325086, 57.2872575], [32.9336736, 57.287325], [32.9340897, 57.2875049], [32.9349219, 57.2875724], [32.9352132, 57.2877073], [32.9352964, 57.2879322], [32.9357125, 57.2881571], [32.9363782, 57.2883145], [32.9363782, 57.2885169], [32.9358373, 57.2886519], [32.9360453, 57.2890342], [32.9365862, 57.289349], [32.9357957, 57.2893715], [32.9357125, 57.2896864], [32.9352547, 57.2900012], [32.9348803, 57.290361], [32.9342562, 57.2901587], [32.9337153, 57.2896864], [32.9334656, 57.2890566], [32.9332576, 57.2887193], [32.9325503, 57.2888093], [32.9319262, 57.2891691], [32.9315615, 57.2892513], [32.9310572, 57.2892136], [32.9303813, 57.2889846], [32.9304135, 57.288773], [32.9304779, 57.2884454], [32.9302472, 57.2883207], [32.9300809, 57.2883062], [32.9297268, 57.2883439], [32.9290968, 57.2881796], [32.9280983, 57.2882696], [32.9273077, 57.2880671]], [[32.9405379, 57.2879479], [32.9404546, 57.2874982], [32.9404963, 57.2872058], [32.9407084, 57.286972], [32.9411328, 57.2869815], [32.94137, 57.2872733], [32.9416103, 57.2877272], [32.9417164, 57.2880044], [32.9417695, 57.2883103], [32.9415042, 57.2884632], [32.9410444, 57.288425], [32.9407437, 57.2882625], [32.9405379, 57.2879479]], [[33.1643987, 57.2957095], [33.1645971, 57.2957646], [33.1647313, 57.2958863], [33.1646615, 57.2960515], [33.1645113, 57.2962022], [33.1643021, 57.2963472], [33.1641036, 57.2964312], [33.1638837, 57.2964544], [33.1637281, 57.2964544], [33.1634867, 57.2963761], [33.1633902, 57.2962834], [33.1634009, 57.296195], [33.1635404, 57.2961298], [33.1636959, 57.2960225], [33.16383, 57.2959269], [33.1639588, 57.295811], [33.1641626, 57.2957211], [33.1643987, 57.2957095]], [[32.9308648, 57.2973875], [32.9306253, 57.2969281], [32.9310205, 57.2966887], [32.9315235, 57.296844], [32.9316193, 57.2971351], [32.931272, 57.2974069], [32.9311043, 57.2974522], [32.9308648, 57.2973875]], [[32.7777673, 57.2985787], [32.777576, 57.2984132], [32.7776717, 57.2982685], [32.7777418, 57.2981272], [32.7782139, 57.2980893], [32.7787817, 57.2980893], [32.779696, 57.2981632], [32.7803893, 57.2982306], [32.780587, 57.2984098], [32.780485, 57.2985821], [32.7802043, 57.2987338], [32.7797577, 57.2987579], [32.7791389, 57.2986028], [32.7782522, 57.298689], [32.7780736, 57.2985614], [32.7777673, 57.2985787]], [[32.8673109, 57.3021109], [32.8670891, 57.3019045], [32.8673232, 57.301778], [32.8676067, 57.3016915], [32.8679518, 57.3015716], [32.8681489, 57.3014518], [32.8681489, 57.3013253], [32.8682506, 57.3012364], [32.868492, 57.3011958], [32.8687763, 57.3012422], [32.8690928, 57.3013813], [32.8693128, 57.3015204], [32.8693557, 57.3017087], [32.8694469, 57.3019232], [32.8694576, 57.3021145], [32.869361, 57.3022941], [32.8692859, 57.3024651], [32.8691225, 57.3025104], [32.8689623, 57.3023839], [32.868494, 57.3022041], [32.8680503, 57.3021841], [32.8676313, 57.3021841], [32.8674958, 57.3021642], [32.8673109, 57.3021109]], [[32.785498, 57.3049767], [32.7856428, 57.3048637], [32.7856804, 57.3047188], [32.7858199, 57.3045884], [32.7860344, 57.3045131], [32.7862007, 57.3045392], [32.7862383, 57.3046], [32.7863348, 57.3045623], [32.786426, 57.3045913], [32.7863563, 57.3046348], [32.7863509, 57.3047449], [32.7864153, 57.3048086], [32.7863241, 57.304997], [32.7861203, 57.3050405], [32.7858789, 57.3050665], [32.7858252, 57.3051071], [32.7856375, 57.3050723], [32.7855463, 57.3050144], [32.785498, 57.3049767]], [[33.0938996, 57.3055376], [33.0939233, 57.3055515], [33.0954279, 57.3059491], [33.0961048, 57.3063752], [33.0965286, 57.3066468], [33.0969038, 57.306898], [33.0969771, 57.3069355], [33.0970903, 57.306946], [33.0974372, 57.3069429], [33.0975897, 57.3069183], [33.09767, 57.3068789], [33.0978655, 57.3066074], [33.0977625, 57.3061531], [33.0970586, 57.3056524], [33.0955652, 57.3054113], [33.0946726, 57.3053371], [33.0941576, 57.3053927], [33.0938998, 57.3055051], [33.0938996, 57.3055376]], [[33.0936426, 57.3059671], [33.0936966, 57.3059502], [33.093763, 57.30595], [33.0938494, 57.3059632], [33.0943292, 57.3061253], [33.0950159, 57.3064776], [33.0954916, 57.3066917], [33.0955278, 57.306721], [33.0955291, 57.3067671], [33.0954794, 57.3069505], [33.0954909, 57.3072545], [33.095453, 57.307276], [33.0954016, 57.3072751], [33.0950766, 57.307174], [33.0950502, 57.3069968], [33.0949644, 57.3067836], [33.0945524, 57.3066631], [33.0941919, 57.3065796], [33.0937971, 57.3064683], [33.0936078, 57.3063217], [33.0935516, 57.3062433], [33.0935316, 57.3062027], [33.0935395, 57.3061638], [33.0936172, 57.3060026], [33.0936426, 57.3059671]], [[32.8714092, 57.3082136], [32.8707299, 57.3079801], [32.8707299, 57.3068927], [32.8712857, 57.3064591], [32.871965, 57.3065725], [32.873373, 57.3064057], [32.8742499, 57.306746], [32.8740894, 57.3070061], [32.8728049, 57.3074131], [32.8718045, 57.3080135], [32.8714092, 57.3082136]], [[33.056429, 57.3064408], [33.056547, 57.306548], [33.0567348, 57.3065914], [33.0570835, 57.3066117], [33.0565149, 57.3067074], [33.0561608, 57.306774], [33.0556512, 57.3067016], [33.0551952, 57.3066465], [33.0556351, 57.3065972], [33.0559891, 57.3065045], [33.0562037, 57.3064582], [33.056429, 57.3064408]], [[33.0887366, 57.3103791], [33.0887308, 57.3102699], [33.0887699, 57.3102148], [33.0888593, 57.310145], [33.0889186, 57.310057], [33.0889675, 57.3099617], [33.0889271, 57.3099029], [33.0888508, 57.3098611], [33.0887778, 57.3098206], [33.0887401, 57.3097996], [33.0887233, 57.3097767], [33.0887229, 57.3097417], [33.088808, 57.3095763], [33.0888481, 57.3095273], [33.0889266, 57.3094844], [33.0890698, 57.3094246], [33.0892264, 57.3092536], [33.0893452, 57.3091426], [33.0894725, 57.3090562], [33.0896048, 57.309009], [33.0897397, 57.3089767], [33.0897873, 57.308951], [33.089838, 57.3089075], [33.0898664, 57.3088515], [33.0898686, 57.3088344], [33.0898782, 57.3088161], [33.0899099, 57.3088033], [33.0899528, 57.3087983], [33.089985, 57.3087756], [33.0900306, 57.3087433], [33.0901015, 57.3087167], [33.0901494, 57.308682], [33.0901759, 57.3086753], [33.090208, 57.3086804], [33.0902509, 57.3086702], [33.0902918, 57.308645], [33.0903452, 57.308616], [33.090353, 57.3085943], [33.0903207, 57.3085789], [33.090302, 57.3085644], [33.090322, 57.3085493], [33.0904042, 57.3085448], [33.090481, 57.3084884], [33.0905506, 57.3084574], [33.090946, 57.3082245], [33.0918215, 57.307772], [33.0920666, 57.3076028], [33.092119, 57.3075815], [33.0922174, 57.3075591], [33.0923412, 57.307543], [33.0924953, 57.307482], [33.0925969, 57.3074246], [33.0927289, 57.3073535], [33.092762, 57.3073011], [33.0927923, 57.3072742], [33.0928389, 57.3072758], [33.0928909, 57.3072761], [33.0929087, 57.3072177], [33.0929903, 57.3071229], [33.0930647, 57.3070937], [33.0931405, 57.3070816], [33.0932067, 57.3070846], [33.0932357, 57.3070511], [33.0933236, 57.3070144], [33.0933911, 57.3069942], [33.0934683, 57.3069468], [33.093568, 57.3069204], [33.0936425, 57.3068893], [33.0936816, 57.306882], [33.0937277, 57.306884], [33.09382, 57.3068974], [33.0938613, 57.3069248], [33.0938984, 57.3069259], [33.0939292, 57.3069149], [33.0939669, 57.3068693], [33.0940043, 57.3068224], [33.0940902, 57.3068105], [33.0941506, 57.3068168], [33.094188, 57.3068182], [33.0942208, 57.3068053], [33.0942561, 57.3067865], [33.0943281, 57.306782], [33.0943758, 57.3067878], [33.0944061, 57.3067931], [33.094419, 57.3068068], [33.0944187, 57.3068169], [33.0944134, 57.3068281], [33.0944319, 57.3068345], [33.0944518, 57.3068365], [33.0944825, 57.3068252], [33.094514, 57.306806], [33.0945292, 57.3067884], [33.0945541, 57.3067767], [33.0946019, 57.3067743], [33.0946414, 57.3067726], [33.0946904, 57.3067626], [33.0947083, 57.3067565], [33.0947292, 57.3067569], [33.0947178, 57.3067789], [33.0947045, 57.3068019], [33.0947271, 57.3068151], [33.0948239, 57.3068429], [33.0948889, 57.3068749], [33.0949104, 57.3069282], [33.09493, 57.3072395], [33.0949087, 57.3072802], [33.0948612, 57.3073184], [33.0943305, 57.3076109], [33.0942591, 57.3076435], [33.0941361, 57.3076906], [33.0932427, 57.3079936], [33.0931357, 57.308024], [33.0929857, 57.3080602], [33.0924039, 57.308184], [33.0922998, 57.3082148], [33.0922283, 57.308261], [33.0918951, 57.3085438], [33.091563, 57.3088256], [33.0909914, 57.3096536], [33.0908095, 57.3104115], [33.0909914, 57.3109307], [33.0912536, 57.3115873], [33.091268, 57.3116447], [33.0912641, 57.3116983], [33.0912213, 57.3118896], [33.0912092, 57.311923], [33.0911747, 57.3119501], [33.0911131, 57.3119614], [33.0910454, 57.311966], [33.090252, 57.3120303], [33.0902114, 57.3120551], [33.0901461, 57.3120732], [33.0900822, 57.3120807], [33.0900195, 57.3120804], [33.0899522, 57.3120736], [33.0898905, 57.3120653], [33.0898303, 57.3120549], [33.0897876, 57.3120209], [33.0898235, 57.3119701], [33.0898616, 57.3119296], [33.0898904, 57.3118807], [33.0899024, 57.3118392], [33.0899235, 57.3114673], [33.0896972, 57.3109583], [33.0895984, 57.3108819], [33.0894861, 57.3108091], [33.0892812, 57.3107477], [33.0890948, 57.310643], [33.0889181, 57.3105493], [33.0887366, 57.3103791]], [[32.8654431, 57.3097053], [32.8647881, 57.3098845], [32.8638361, 57.3097713], [32.8637663, 57.309611], [32.8653994, 57.309078], [32.8655828, 57.309144], [32.8654693, 57.309427], [32.8654431, 57.3097053]], [[33.0807835, 57.3140519], [33.0807835, 57.3138274], [33.0811161, 57.3136478], [33.0821762, 57.3133223], [33.0835274, 57.3128059], [33.0846083, 57.3124242], [33.0860426, 57.3124017], [33.087269, 57.3123007], [33.0876848, 57.3125701], [33.0873106, 57.313109], [33.0867494, 57.313311], [33.0860634, 57.3131314], [33.0859387, 57.3134121], [33.0860426, 57.3142316], [33.086396, 57.3153204], [33.0871651, 57.3160052], [33.0863128, 57.3156909], [33.0853151, 57.315747], [33.0827791, 57.3160052], [33.0816566, 57.3158592], [33.0813216, 57.3149692], [33.0807835, 57.3140519]], [[33.1071675, 57.3199274], [33.1079699, 57.3205674], [33.107977, 57.3207804], [33.1073046, 57.3209508], [33.1060579, 57.3219894], [33.1043838, 57.322124], [33.1030659, 57.3229701], [33.1014603, 57.3229394], [33.1014512, 57.322043], [33.1018195, 57.3216623], [33.1018804, 57.3214116], [33.1016229, 57.3212494], [33.1010543, 57.3212205], [33.1004935, 57.3213168], [33.0992196, 57.3218055], [33.0981794, 57.322433], [33.0949444, 57.3236879], [33.0914038, 57.3239308], [33.0874937, 57.3235447], [33.0841991, 57.3249151], [33.0832305, 57.3247396], [33.082884, 57.3244245], [33.0821169, 57.3245839], [33.0808707, 57.3245964], [33.0796463, 57.3251973], [33.0774114, 57.3252536], [33.0758537, 57.325511], [33.0764108, 57.3259764], [33.075991, 57.3261832], [33.0753365, 57.3259836], [33.0745142, 57.3255683], [33.0741296, 57.3252031], [33.0747397, 57.3253105], [33.0753763, 57.3253177], [33.0757742, 57.3252246], [33.0760888, 57.3248783], [33.0808972, 57.3238288], [33.08499, 57.3225008], [33.0873463, 57.320187], [33.0881369, 57.3186532], [33.0894229, 57.3172236], [33.0920125, 57.3182778], [33.0934813, 57.3184188], [33.0964529, 57.3177654], [33.1005857, 57.3172827], [33.1025642, 57.3166877], [33.104197, 57.315525], [33.1065355, 57.314068], [33.1086894, 57.3138667], [33.1105073, 57.3141295], [33.1109704, 57.314495], [33.1106009, 57.315205], [33.1108859, 57.3154548], [33.1123371, 57.315079], [33.1141316, 57.3150081], [33.1146688, 57.3152809], [33.1147152, 57.3156541], [33.1142921, 57.3158905], [33.1135772, 57.3156541], [33.1131103, 57.3158511], [33.1127164, 57.3162135], [33.1126143, 57.3167492], [33.1116513, 57.3168123], [33.111272, 57.317025], [33.1116805, 57.3177498], [33.1116245, 57.3181219], [33.1098134, 57.3185559], [33.106905, 57.3194705], [33.1071675, 57.3199274]], [[33.0955987, 57.3252723], [33.0955557, 57.3252578], [33.0955289, 57.325226], [33.0955423, 57.3251985], [33.0956013, 57.3251739], [33.0956711, 57.3251681], [33.0957435, 57.3251724], [33.0957998, 57.3251941], [33.0958079, 57.3252347], [33.0957596, 57.3252694], [33.0956899, 57.3252854], [33.0955987, 57.3252723]], [[33.076418, 57.3264509], [33.0764099, 57.3262879], [33.0769892, 57.3261073], [33.0776584, 57.3258606], [33.0775768, 57.3259972], [33.0770708, 57.3262659], [33.0770872, 57.3264157], [33.076418, 57.3264509]], [[33.07335, 57.3263934], [33.0735203, 57.3262153], [33.073914, 57.3261693], [33.0744249, 57.3264566], [33.0744888, 57.3267841], [33.0738928, 57.3269507], [33.0735203, 57.3267899], [33.07335, 57.3263934]]]}}, {"type": "Feature", "id": "seliger-north", "properties": {"name": "Селигер", "osm": "relation/399081", "part": "north", "kind": "seed", "status": "DIRECT_MEMBER"}, "geometry": {"type": "Polygon", "coordinates": [[[33.0558835, 57.4814887], [33.0570273, 57.4815845], [33.0621991, 57.484039], [33.0632237, 57.4845662], [33.0653023, 57.4843459], [33.0660488, 57.4839604], [33.0725631, 57.4829182], [33.0740875, 57.484404], [33.0743141, 57.4852894], [33.0749488, 57.4853869], [33.0756288, 57.4852001], [33.0757195, 57.4847127], [33.0763396, 57.4847176], [33.0768075, 57.4852488], [33.07782, 57.4856306], [33.0794974, 57.4856143], [33.0814468, 57.4859555], [33.0827615, 57.4865484], [33.0835406, 57.4863809], [33.083789, 57.4862154], [33.0839553, 57.4860123], [33.0827615, 57.4854275], [33.0815677, 57.4851594], [33.080933, 57.4838192], [33.0794558, 57.4789524], [33.0800732, 57.4756969], [33.0829486, 57.4751431], [33.0857381, 57.4756738], [33.0864525, 57.4751481], [33.086599, 57.4747939], [33.0870225, 57.4742061], [33.0870684, 57.4737817], [33.0851716, 57.4729206], [33.0838076, 57.4724015], [33.0788287, 57.4694895], [33.0780644, 57.4690792], [33.0787332, 57.468517], [33.0791138, 57.4679794], [33.0797734, 57.466787], [33.0801032, 57.4665168], [33.080017, 57.4659602], [33.0802098, 57.4652207], [33.0800373, 57.4649723], [33.0803807, 57.4643187], [33.0802589, 57.4639367], [33.0806309, 57.4634305], [33.0806547, 57.4626049], [33.0799621, 57.461602], [33.0791799, 57.4614245], [33.07857, 57.4614438], [33.0781394, 57.4616792], [33.078326, 57.4618915], [33.078204, 57.4621925], [33.0777519, 57.4623276], [33.0775151, 57.4627483], [33.0768117, 57.4630964], [33.0758934, 57.4628911], [33.0747955, 57.4629799], [33.0740206, 57.4627174], [33.0739703, 57.4622466], [33.0733604, 57.4618336], [33.0733748, 57.4611003], [33.0739488, 57.4609073], [33.0743435, 57.4608494], [33.0746807, 57.4606642], [33.0747381, 57.4600582], [33.0751113, 57.4597069], [33.0756423, 57.4594908], [33.0757427, 57.4591241], [33.0760872, 57.4589002], [33.0764101, 57.4589466], [33.0769554, 57.4588269], [33.0771922, 57.4586571], [33.0772281, 57.4583676], [33.0771205, 57.4581051], [33.0772999, 57.4578079], [33.0779098, 57.4574798], [33.0789575, 57.4573061], [33.0797181, 57.4572443], [33.0802706, 57.4570166], [33.0803495, 57.456565], [33.0804787, 57.4565302], [33.0805935, 57.4567696], [33.0810599, 57.4569626], [33.0815694, 57.4572096], [33.0823085, 57.4571787], [33.0827462, 57.4569934], [33.0826816, 57.4568004], [33.0822583, 57.456619], [33.0820358, 57.4564569], [33.0820071, 57.4562562], [33.0822504, 57.4556159], [33.082499, 57.455635], [33.0828288, 57.4557469], [33.0827375, 57.4559325], [33.0826867, 57.456241], [33.0830267, 57.4563474], [33.0836001, 57.4565876], [33.0842495, 57.4565276], [33.084351, 57.4561482], [33.0844474, 57.4560772], [33.0848381, 57.4561209], [33.0852491, 57.4562492], [33.0854825, 57.4561864], [33.0856043, 57.4560772], [33.0856144, 57.4559571], [33.0852231, 57.4558711], [33.0851375, 57.4555422], [33.0853354, 57.4552556], [33.0856753, 57.4550209], [33.086066, 57.4549499], [33.0863705, 57.4547998], [33.0864922, 57.4546578], [33.0865278, 57.4541146], [33.086269, 57.4532329], [33.0864872, 57.4530773], [33.0868068, 57.4530091], [33.0871923, 57.4530626], [33.0873142, 57.4532029], [33.0873041, 57.4534922], [33.0877548, 57.4536864], [33.0885117, 57.4539536], [33.0886132, 57.4540982], [33.0893996, 57.4539781], [33.0892626, 57.4535796], [33.0893692, 57.4534568], [33.0897548, 57.4535032], [33.0903434, 57.4534895], [33.0907544, 57.4532602], [33.0908153, 57.4530528], [33.0923899, 57.4523849], [33.0937531, 57.4523758], [33.0945954, 57.4526351], [33.095047, 57.4526651], [33.0957624, 57.4523485], [33.0961125, 57.4522393], [33.0965895, 57.4522229], [33.0972643, 57.4524659], [33.0978478, 57.4525068], [33.0985125, 57.4526242], [33.0991823, 57.4525314], [33.0994512, 57.4524659], [33.09937, 57.4521983], [33.0990504, 57.4521082], [33.0988474, 57.4520018], [33.0988322, 57.4515295], [33.0983248, 57.4510354], [33.0981015, 57.4509999], [33.0978377, 57.45106], [33.0969802, 57.4509781], [33.096011, 57.4510982], [33.0950428, 57.4510089], [33.0946005, 57.4508334], [33.0941337, 57.4502219], [33.0937016, 57.4500081], [33.0927282, 57.4497796], [33.0925658, 57.449523], [33.0932102, 57.449321], [33.0935958, 57.4493019], [33.093885, 57.4495722], [33.0945764, 57.4498122], [33.0955809, 57.4495999], [33.0963163, 57.4496482], [33.0968185, 57.4492139], [33.0968939, 57.4488978], [33.0959958, 57.4489279], [33.0956102, 57.4487067], [33.0957929, 57.4485402], [33.0954275, 57.4483545], [33.0954015, 57.4481813], [33.0959146, 57.4477621], [33.0962698, 57.4476474], [33.0967062, 57.4472051], [33.0974104, 57.4468301], [33.0983146, 57.4461349], [33.0993041, 57.445911], [33.1004775, 57.4459808], [33.1019203, 57.4449639], [33.1013828, 57.4439695], [33.1001039, 57.4436917], [33.0983551, 57.4438727], [33.0986073, 57.4434483], [33.0991648, 57.4429257], [33.098441, 57.4423401], [33.096539, 57.4422318], [33.0951489, 57.4419181], [33.0938037, 57.4419061], [33.0927275, 57.4414475], [33.0912926, 57.441351], [33.0906297, 57.4409827], [33.0883296, 57.4412419], [33.0864273, 57.4410614], [33.0846741, 57.4405638], [33.0809334, 57.441243], [33.078737, 57.4406753], [33.0768312, 57.4402892], [33.0775028, 57.4393016], [33.0772572, 57.4383103], [33.0764949, 57.4382499], [33.0759344, 57.4382741], [33.0758447, 57.4380086], [33.0765846, 57.4375018], [33.0768088, 57.4369587], [33.0788267, 57.4361019], [33.0794096, 57.4351727], [33.0792975, 57.4340262], [33.0785128, 57.4337366], [33.078429, 57.4331719], [33.0785768, 57.4328079], [33.0794223, 57.4322265], [33.0800822, 57.4317332], [33.0809732, 57.4316784], [33.0813602, 57.4317573], [33.0818213, 57.4320053], [33.0821416, 57.4323937], [33.0851045, 57.4315039], [33.0855753, 57.4309245], [33.0865618, 57.4307314], [33.0875259, 57.4308038], [33.0875685, 57.4298778], [33.0868308, 57.4291141], [33.0864273, 57.4297296], [33.0855977, 57.4296089], [33.0850148, 57.4297176], [33.0857547, 57.4282933], [33.0851717, 57.4274846], [33.0851493, 57.4265431], [33.0839386, 57.4255291], [33.0838937, 57.425348], [33.0840283, 57.4247807], [33.0834005, 57.4246479], [33.0828624, 57.424841], [33.0818086, 57.4230182], [33.0805306, 57.4212436], [33.0802686, 57.4204599], [33.0773343, 57.4198446], [33.0744546, 57.4197103], [33.0736769, 57.4198611], [33.0735578, 57.4204951], [33.0728178, 57.4213537], [33.0691858, 57.4223905], [33.0662202, 57.4226859], [33.0627475, 57.4224858], [33.0639727, 57.4212122], [33.0642295, 57.4199508], [33.0639826, 57.4187827], [33.0621307, 57.4180134], [33.0612751, 57.4172442], [33.0623026, 57.4164263], [33.064011, 57.4156085], [33.0655312, 57.4157501], [33.0668878, 57.4161127], [33.0675266, 57.4169817], [33.0683562, 57.4174164], [33.0682217, 57.4177424], [33.0690288, 57.4180804], [33.0697032, 57.418354], [33.0713157, 57.4180442], [33.0732215, 57.417513], [33.0743833, 57.417049], [33.0751497, 57.4163418], [33.0761362, 57.415895], [33.077033, 57.4147721], [33.0777852, 57.4137744], [33.077728, 57.4129971], [33.0785128, 57.4123691], [33.0786249, 57.411705], [33.0790733, 57.411234], [33.0791854, 57.4106544], [33.0798804, 57.4092535], [33.0797683, 57.4084323], [33.0797459, 57.4074178], [33.0811892, 57.4053322], [33.0809522, 57.4051462], [33.0805362, 57.4049593], [33.0802959, 57.4048779], [33.08011, 57.4048149], [33.0799654, 57.4048094], [33.0797937, 57.4049356], [33.0797292, 57.4049113], [33.0797985, 57.4048408], [33.0796135, 57.4047087], [33.0794687, 57.404562], [33.0790165, 57.4044207], [33.0787529, 57.4043491], [33.0786985, 57.4043343], [33.0785762, 57.4042812], [33.0784733, 57.4043429], [33.0782593, 57.4043487], [33.0781186, 57.4042556], [33.0776592, 57.4040847], [33.0773735, 57.4040924], [33.0771424, 57.4040696], [33.0771333, 57.4039522], [33.0770947, 57.4036976], [33.0768483, 57.4033861], [33.076928, 57.4033256], [33.0768095, 57.4032891], [33.0766088, 57.4033119], [33.0762965, 57.4031702], [33.0763573, 57.4030527], [33.0762291, 57.4030105], [33.0761691, 57.4029908], [33.076139, 57.4029809], [33.076006, 57.4029094], [33.0759554, 57.4028822], [33.075937, 57.4028723], [33.0754521, 57.4027138], [33.0754223, 57.4027449], [33.0754068, 57.4027426], [33.0753262, 57.4027308], [33.0753283, 57.402683], [33.0752757, 57.4026463], [33.0751707, 57.4026405], [33.0751304, 57.4026789], [33.0750995, 57.4026728], [33.0750443, 57.4026619], [33.074853, 57.4024967], [33.0747975, 57.4024839], [33.0743358, 57.4023779], [33.0743091, 57.4023718], [33.0742831, 57.4023658], [33.0742288, 57.4023533], [33.0742117, 57.4023494], [33.0740726, 57.4023241], [33.0737057, 57.4022575], [33.0730734, 57.4021906], [33.0726717, 57.4021799], [33.072118, 57.402209], [33.0718234, 57.4022487], [33.0712505, 57.4023809], [33.0705058, 57.4027028], [33.0693508, 57.402905], [33.0686209, 57.4031749], [33.0676467, 57.4038691], [33.067919, 57.4042556], [33.0692651, 57.4047889], [33.0699931, 57.404961], [33.071004, 57.4050259], [33.0718054, 57.4052375], [33.0722192, 57.4054745], [33.0722454, 57.4056382], [33.0726591, 57.4059909], [33.0737276, 57.4061319], [33.0744766, 57.4060219], [33.0747605, 57.4058431], [33.0751441, 57.405788], [33.0754088, 57.405983], [33.0750092, 57.4063188], [33.0743059, 57.4066201], [33.0736346, 57.4066804], [33.0729792, 57.4064996], [33.0713489, 57.4064307], [33.0699263, 57.4058452], [33.0684877, 57.4055438], [33.0676086, 57.4054664], [33.0657065, 57.4045192], [33.0643638, 57.40408], [33.0633088, 57.4038562], [33.062126, 57.4036839], [33.0608952, 57.4034084], [33.0591849, 57.4027023], [33.0581779, 57.4022287], [33.0568992, 57.4016603], [33.0558442, 57.4011522], [33.0546135, 57.4008422], [33.0535905, 57.4001877], [33.053095, 57.3997399], [33.0522798, 57.3991888], [33.05204, 57.3987065], [33.0519239, 57.3976135], [33.0515531, 57.3969383], [33.051617, 57.3963733], [33.0523076, 57.3954982], [33.0524482, 57.3951537], [33.0525122, 57.3946438], [33.0520518, 57.3939892], [33.0509393, 57.3934449], [33.0507804, 57.3933861], [33.0506775, 57.3933819], [33.0470925, 57.3932363], [33.0459102, 57.3926788], [33.0440446, 57.3917991], [33.0424468, 57.3916807], [33.0410539, 57.3919193], [33.0402218, 57.3920947], [33.0393104, 57.3922868], [33.0396132, 57.393196], [33.0403054, 57.3936972], [33.0401779, 57.3940171], [33.039159, 57.3942217], [33.0382165, 57.3936189], [33.0349913, 57.3925951], [33.0332911, 57.3925107], [33.0314727, 57.3927259], [33.0304643, 57.393271], [33.0292529, 57.3939258], [33.0286597, 57.3946771], [33.0282629, 57.3941358], [33.027753, 57.3935358], [33.026403, 57.3933858], [33.0250531, 57.3936858], [33.024333, 57.3943475], [33.0242732, 57.3931158], [33.0242086, 57.393006], [33.0224736, 57.3910673], [33.0213876, 57.3904113], [33.0213138, 57.3901727], [33.0215908, 57.3896494], [33.0214406, 57.3891446], [33.0221386, 57.3872493], [33.0227925, 57.3865873], [33.0232873, 57.3864064], [33.0237199, 57.3855765], [33.0240916, 57.3846201], [33.0245327, 57.3830811], [33.0243966, 57.3814231], [33.0233751, 57.379601], [33.0230768, 57.3792281], [33.022446, 57.3784398], [33.0222832, 57.3782363], [33.0209708, 57.3774648], [33.0196414, 57.3773756], [33.0146484, 57.3780649], [33.0101775, 57.3783356], [33.0101514, 57.3774408], [33.0089938, 57.3757846], [33.0084549, 57.375603], [33.0091719, 57.3742963], [33.0093421, 57.3734489], [33.0091403, 57.3722571], [33.0096511, 57.3719258], [33.0109518, 57.3710821], [33.0108742, 57.3708496], [33.010837, 57.3707141], [33.0106412, 57.3701672], [33.0099235, 57.3698248], [33.0091939, 57.3696975], [33.0083818, 57.3698673], [33.0077356, 57.3697535], [33.0075081, 57.3681468], [33.0068246, 57.3673645], [33.0073384, 57.3667898], [33.0080022, 57.3662141], [33.0088328, 57.3657722], [33.0096191, 57.3655751], [33.0092979, 57.3650316], [33.0090986, 57.3647031], [33.0093681, 57.3644769], [33.0081129, 57.3620035], [33.0078525, 57.3615583], [33.0075991, 57.3614574], [33.0076133, 57.3613571], [33.0077362, 57.361063], [33.0076274, 57.3607788], [33.0070489, 57.3602918], [33.0062305, 57.3601091], [33.0051582, 57.3598656], [33.0041283, 57.3601167], [33.0036626, 57.3606418], [33.0031124, 57.3608092], [33.0026045, 57.3606646], [33.0026327, 57.3604287], [33.0034098, 57.3597084], [33.0038703, 57.3594257], [33.0038245, 57.3591411], [33.0036332, 57.3588483], [33.0030238, 57.3587956], [33.0021953, 57.3586641], [33.0008014, 57.3584931], [32.9999861, 57.3583353], [32.9996574, 57.3576252], [32.9989387, 57.3572524], [32.9988621, 57.3570319], [32.9983492, 57.3561245], [32.9983098, 57.3552698], [32.9985616, 57.3547562], [32.9979479, 57.3545481], [32.9976332, 57.3543826], [32.9972811, 57.3546982], [32.9971878, 57.3550605], [32.9970205, 57.3554643], [32.9965276, 57.3556527], [32.9962202, 57.3557493], [32.9959086, 57.3557413], [32.9957307, 57.3555531], [32.9957127, 57.3553665], [32.9958995, 57.3549805], [32.9963133, 57.3547947], [32.9965682, 57.3542854], [32.9962412, 57.3539585], [32.9962008, 57.3535466], [32.9966678, 57.3532657], [32.9965789, 57.353169], [32.9964593, 57.3528393], [32.996256, 57.3523312], [32.9967168, 57.3520336], [32.9968872, 57.3519235], [32.9972142, 57.3513858], [32.997479, 57.3509504], [32.9972611, 57.3508161], [32.9968301, 57.3505505], [32.9961463, 57.3502086], [32.995331, 57.3500902], [32.9950997, 57.3502564], [32.9949853, 57.3503385], [32.9944856, 57.3508908], [32.9939596, 57.3511275], [32.9934862, 57.351351], [32.9934731, 57.3518376], [32.9939897, 57.3521548], [32.9951206, 57.3524178], [32.9956333, 57.3527217], [32.9954887, 57.3529979], [32.9952084, 57.3531378], [32.9948375, 57.3531745], [32.9938879, 57.3530977], [32.9938748, 57.3535448], [32.994598, 57.3543136], [32.9953333, 57.3548257], [32.995571, 57.3550935], [32.9951646, 57.3555328], [32.9946877, 57.3561447], [32.9944558, 57.3570187], [32.9949589, 57.357199], [32.9951074, 57.3572439], [32.9956246, 57.3576736], [32.9959349, 57.3579107], [32.9957895, 57.3581713], [32.9943309, 57.3588975], [32.9938912, 57.3592039], [32.9931008, 57.3597547], [32.9935047, 57.3603829], [32.9933508, 57.3606934], [32.9933618, 57.3607484], [32.9903672, 57.3614076], [32.9909416, 57.3619474], [32.9932508, 57.3618808], [32.995331, 57.3619651], [32.9927473, 57.3644102], [32.9917881, 57.363895], [32.9899408, 57.3639661], [32.9884664, 57.3646944], [32.9840612, 57.3663641], [32.9837208, 57.3677273], [32.9818763, 57.3682115], [32.9809704, 57.3690819], [32.9748066, 57.3710891], [32.9721066, 57.3713555], [32.9716626, 57.3717641], [32.9675667, 57.3727145], [32.9635271, 57.3747305], [32.9621488, 57.3747309], [32.9615607, 57.3753096], [32.9615198, 57.3759562], [32.9602893, 57.3762091], [32.9585549, 57.3771495], [32.957503, 57.3775225], [32.9568232, 57.3779233], [32.9564238, 57.3785933], [32.9567052, 57.3788537], [32.9566705, 57.379189], [32.9554022, 57.3797022], [32.9543613, 57.3797397], [32.9528914, 57.3799762], [32.9521631, 57.3806576], [32.9518074, 57.3810468], [32.9515831, 57.3816531], [32.9500271, 57.3824397], [32.9499297, 57.3825917], [32.9500312, 57.3825924], [32.9501143, 57.3825231], [32.9502189, 57.3825028], [32.9503611, 57.3824898], [32.9504308, 57.3825202], [32.9502538, 57.3827486], [32.9500902, 57.3828859], [32.9499829, 57.3829351], [32.9495557, 57.3835767], [32.9501115, 57.3838273], [32.9519455, 57.3839318], [32.9549297, 57.3829903], [32.9570435, 57.3821732], [32.9584824, 57.3813561], [32.960628, 57.3809], [32.962781, 57.3800061], [32.9633494, 57.3793311], [32.9633494, 57.3785496], [32.9642731, 57.3780877], [32.9654988, 57.3776259], [32.9661382, 57.3768976], [32.9661738, 57.3757785], [32.9687592, 57.3743408], [32.9761278, 57.3714989], [32.9805079, 57.3707617], [32.9819305, 57.3702036], [32.9828399, 57.3700331], [32.9842629, 57.3688657], [32.9855399, 57.3694504], [32.9871599, 57.3694078], [32.9878195, 57.3688879], [32.9879758, 57.3682801], [32.9882445, 57.3673982], [32.9882926, 57.3664064], [32.9890971, 57.3664292], [32.9901548, 57.3659456], [32.9910227, 57.3648661], [32.9913209, 57.3651456], [32.9910394, 57.3657841], [32.9914799, 57.3660825], [32.9916504, 57.3665373], [32.9921904, 57.3670346], [32.9920341, 57.3676599], [32.9904152, 57.3678339], [32.9900304, 57.3683136], [32.9904425, 57.3691378], [32.9902294, 57.3696209], [32.9890357, 57.3702604], [32.9887089, 57.3706441], [32.9887373, 57.3711273], [32.9880654, 57.3720893], [32.9885525, 57.3724204], [32.9897178, 57.3722357], [32.9905312, 57.3725816], [32.9906328, 57.3732988], [32.9900656, 57.3740917], [32.9890362, 57.374658], [32.988322, 57.375598], [32.9869868, 57.3768746], [32.9849718, 57.3768312], [32.9836164, 57.3776818], [32.9837425, 57.3782594], [32.9831333, 57.3788256], [32.9836164, 57.3796862], [32.9826291, 57.3801732], [32.9819569, 57.3806035], [32.9816124, 57.3822097], [32.9820829, 57.3827436], [32.9829022, 57.3831513], [32.9845937, 57.3835711], [32.9837893, 57.384273], [32.9829981, 57.3849743], [32.9823651, 57.3858651], [32.9820311, 57.3864148], [32.9820135, 57.3871065], [32.9822069, 57.3874193], [32.9813453, 57.3878362], [32.9810854, 57.3881199], [32.9807505, 57.3884919], [32.980978, 57.3888876], [32.9811805, 57.3892399], [32.9829247, 57.389713], [32.9845445, 57.3897672], [32.9898612, 57.391121], [32.9915733, 57.3912041], [32.9957576, 57.3913228], [32.9981091, 57.3908952], [32.9997453, 57.3905736], [33.0014421, 57.3912562], [33.0028517, 57.3923006], [33.0028539, 57.393882], [33.0040217, 57.3943894], [33.0053896, 57.3945221], [33.0066518, 57.3933988], [33.0081929, 57.3926403], [33.0075934, 57.391841], [33.0060169, 57.3911082], [33.0056338, 57.3902053], [33.0081516, 57.3900671], [33.0113063, 57.3896946], [33.012437, 57.3901337], [33.011571, 57.3902447], [33.0107273, 57.3906444], [33.0109493, 57.3915326], [33.0103498, 57.3927982], [33.0096882, 57.3931886], [33.0092029, 57.3939016], [33.0095318, 57.3942828], [33.0105719, 57.3948409], [33.0105863, 57.3953763], [33.0097159, 57.3957138], [33.0091297, 57.3956783], [33.0096259, 57.3954155], [33.0097787, 57.3949062], [33.0092839, 57.3946225], [33.0086437, 57.3944551], [33.0081708, 57.3940113], [33.0077633, 57.3944187], [33.0072031, 57.3948262], [33.0068102, 57.3954301], [33.0072322, 57.3960558], [33.0080325, 57.3961213], [33.0086728, 57.3960194], [33.0092007, 57.3964066], [33.0097336, 57.3970638], [33.0088746, 57.3979778], [33.0081071, 57.3986444], [33.0080168, 57.3993839], [33.0083418, 57.3998655], [33.0076646, 57.3999969], [33.0074659, 57.4003569], [33.0076465, 57.4009407], [33.008249, 57.4011652], [33.0083497, 57.4011982], [33.0091365, 57.4014564], [33.0100304, 57.4012034], [33.0098679, 57.4006001], [33.0092719, 57.4000407], [33.0087662, 57.3996125], [33.0092268, 57.3992039], [33.0111682, 57.3992428], [33.0132629, 57.3994372], [33.0154055, 57.399379], [33.0161084, 57.3983988], [33.0183932, 57.39836], [33.0217529, 57.3994512], [33.0211349, 57.4011307], [33.0196578, 57.4020096], [33.017828, 57.4030429], [33.0163289, 57.4047412], [33.0159364, 57.40589], [33.0151384, 57.4066532], [33.0157777, 57.407437], [33.016858, 57.4081851], [33.0167477, 57.408767], [33.0171727, 57.4097863], [33.0156384, 57.4119951], [33.0153796, 57.4122321], [33.0151513, 57.412297], [33.0147719, 57.4125166], [33.0146187, 57.412631], [33.0144398, 57.41266], [33.0140849, 57.4125229], [33.0140836, 57.4124219], [33.0138789, 57.4123111], [33.0132765, 57.4123192], [33.0130823, 57.4124404], [33.0124791, 57.4124972], [33.0123251, 57.4124959], [33.0113324, 57.4122323], [33.0109714, 57.4121742], [33.0106973, 57.4120617], [33.0107085, 57.411986], [33.0108767, 57.4118398], [33.011278, 57.4115835], [33.0116427, 57.4114967], [33.0118045, 57.4115443], [33.0122259, 57.4115838], [33.0123822, 57.4115573], [33.0123606, 57.4114625], [33.0126582, 57.4108661], [33.0126451, 57.4105971], [33.0123959, 57.4102761], [33.0119633, 57.4100439], [33.0114368, 57.4100105], [33.0106992, 57.4100136], [33.0100943, 57.4100683], [33.0097529, 57.4101693], [33.0093975, 57.4104298], [33.009164, 57.4107857], [33.0090804, 57.4109873], [33.0091384, 57.4112473], [33.0094146, 57.4113811], [33.0098532, 57.4114442], [33.0098694, 57.4115337], [33.0097574, 57.4116492], [33.008978, 57.4119822], [33.0087645, 57.412198], [33.0087416, 57.4124393], [33.0086449, 57.413028], [33.0082757, 57.4136738], [33.0079788, 57.4142607], [33.0079447, 57.4144394], [33.0083854, 57.414715], [33.0090994, 57.4149869], [33.0094195, 57.4149972], [33.0099923, 57.4149549], [33.0106181, 57.4147498], [33.0110298, 57.4145794], [33.0113377, 57.4144271], [33.0115078, 57.4142613], [33.0116043, 57.41417], [33.0118339, 57.4141196], [33.0120834, 57.4141275], [33.0128636, 57.4143406], [33.0133038, 57.4143867], [33.0142718, 57.41434], [33.0148737, 57.4142259], [33.0152025, 57.4141226], [33.0154029, 57.4139103], [33.0154217, 57.4136611], [33.0154807, 57.4135316], [33.0156362, 57.4134193], [33.0158983, 57.4133177], [33.0164162, 57.4132432], [33.0171924, 57.4131331], [33.0187215, 57.4131315], [33.0208943, 57.4133823], [33.0232596, 57.4137548], [33.0239068, 57.41382], [33.0245363, 57.413864], [33.0249, 57.4138626], [33.025145, 57.4137956], [33.0255196, 57.4137977], [33.0258072, 57.4138554], [33.0267572, 57.4137691], [33.0272797, 57.4136758], [33.0279067, 57.4134127], [33.0288097, 57.413747], [33.0299469, 57.4138702], [33.0333048, 57.4142401], [33.0347879, 57.414676], [33.0360477, 57.4148413], [33.0362958, 57.4149998], [33.0373726, 57.4155734], [33.037413, 57.4159131], [33.0391377, 57.4163382], [33.0411001, 57.4172123], [33.0434128, 57.4168244], [33.0460795, 57.4167181], [33.0465838, 57.4171663], [33.0466534, 57.4175994], [33.0474296, 57.4183436], [33.0487237, 57.4182038], [33.0497197, 57.4185112], [33.0518687, 57.4182937], [33.0525029, 57.4188725], [33.0520525, 57.4200454], [33.0532047, 57.420566], [33.0542261, 57.420697], [33.054419, 57.4202485], [33.0556716, 57.4197331], [33.0593323, 57.4192497], [33.0595259, 57.4197064], [33.0603539, 57.4203142], [33.0593071, 57.4212474], [33.0598524, 57.4216183], [33.0595798, 57.4219119], [33.0585466, 57.4220664], [33.0577861, 57.4226382], [33.0576713, 57.4233103], [33.0582309, 57.4231944], [33.0585897, 57.4236657], [33.057657, 57.4236425], [33.057657, 57.4240134], [33.0588049, 57.424222], [33.0594363, 57.4243147], [33.0591206, 57.4253036], [33.0599098, 57.4258521], [33.0606129, 57.4256821], [33.0618613, 57.4259525], [33.0618326, 57.4263465], [33.0615026, 57.4273045], [33.0620191, 57.4277448], [33.0632675, 57.4283319], [33.0649567, 57.4296273], [33.0644011, 57.4304485], [33.0643437, 57.4311437], [33.0638128, 57.4318157], [33.0635401, 57.4314758], [33.0635114, 57.4305103], [33.0623348, 57.4299696], [33.0607135, 57.4285325], [33.0594937, 57.4283628], [33.0580587, 57.4285019], [33.0556291, 57.4294552], [33.0550741, 57.4302708], [33.0550884, 57.4312596], [33.0562077, 57.4319084], [33.0569732, 57.4326956], [33.0564803, 57.4329511], [33.0563655, 57.4334532], [33.0564466, 57.4341742], [33.0566183, 57.4344182], [33.0567014, 57.4346131], [33.0569401, 57.4348123], [33.0573451, 57.4350202], [33.058064, 57.435166], [33.0585146, 57.4351877], [33.058764, 57.435179], [33.0590242, 57.4350188], [33.059051, 57.435], [33.059228, 57.4349697], [33.0594802, 57.4349856], [33.0597323, 57.4350231], [33.0598798, 57.4350722], [33.0599469, 57.43513], [33.06003, 57.4351415], [33.0602634, 57.4351213], [33.0607059, 57.4350202], [33.0610144, 57.434886], [33.061524, 57.4345683], [33.0617064, 57.4344081], [33.0617413, 57.4343229], [33.0618137, 57.4342825], [33.0618754, 57.4342767], [33.0619639, 57.434281], [33.0620149, 57.4342955], [33.0620576, 57.4343538], [33.0620149, 57.4345091], [33.0618164, 57.4349307], [33.061811, 57.435179], [33.0618968, 57.4352252], [33.0618727, 57.4353378], [33.0618754, 57.4355096], [33.0618995, 57.4356208], [33.0619505, 57.4356771], [33.0620497, 57.4356887], [33.062149, 57.4357479], [33.062208, 57.4357926], [33.0622428, 57.4358431], [33.0621919, 57.4359745], [33.0621114, 57.4361203], [33.0621785, 57.4362517], [33.0622509, 57.4363412], [33.0623287, 57.4364177], [33.0623957, 57.4364841], [33.0624387, 57.4365693], [33.06255, 57.4366121], [33.0626505, 57.4366732], [33.0626908, 57.4367454], [33.0627015, 57.4368061], [33.062554, 57.4370067], [33.0623448, 57.4371886], [33.0621785, 57.4374138], [33.0619532, 57.4375813], [33.0616259, 57.4377516], [33.0613148, 57.4378383], [33.061178, 57.4378787], [33.0610627, 57.4379176], [33.0609742, 57.4379624], [33.0609447, 57.438036], [33.0607891, 57.4380432], [33.060765, 57.4381053], [33.0607676, 57.4381818], [33.0606443, 57.4383031], [33.0606094, 57.4383579], [33.0606711, 57.438407], [33.0607864, 57.438446], [33.0609286, 57.4384446], [33.0610305, 57.4384157], [33.0611458, 57.4383695], [33.0612424, 57.4383594], [33.0614033, 57.4383753], [33.061634, 57.4384936], [33.0620068, 57.4385904], [33.0621141, 57.4386337], [33.0621543, 57.4386683], [33.0621651, 57.4387102], [33.0620792, 57.4387549], [33.0618191, 57.4388502], [33.0615589, 57.4389282], [33.0616501, 57.439061], [33.0618137, 57.4391894], [33.0620766, 57.4393165], [33.0622992, 57.4392991], [33.0624467, 57.439289], [33.062613, 57.4392659], [33.0627096, 57.4392212], [33.0628463, 57.4390624], [33.0629429, 57.4390177], [33.0631682, 57.4389974], [33.0635008, 57.4390234], [33.0638039, 57.4390566], [33.0639407, 57.4390942], [33.0639997, 57.4391649], [33.0639836, 57.439214], [33.063871, 57.4392515], [33.063769, 57.4392934], [33.0637503, 57.4393381], [33.0637583, 57.439393], [33.0638656, 57.4394695], [33.0641177, 57.4395402], [33.064225, 57.4395359], [33.0643001, 57.439533], [33.0644423, 57.4395864], [33.0645791, 57.4396528], [33.0648902, 57.439813], [33.0652013, 57.4399805], [33.0652067, 57.4400238], [33.065204, 57.4400657], [33.0652657, 57.4401162], [33.065322, 57.4401638], [33.0653676, 57.4402143], [33.0653891, 57.4402605], [33.0653006, 57.4404222], [33.065153, 57.4405882], [33.0650755, 57.440906], [33.0651329, 57.4413771], [33.066088, 57.4417626], [33.0662325, 57.4417664], [33.0666087, 57.4416719], [33.0669969, 57.4415955], [33.0671449, 57.4415788], [33.0672811, 57.4416057], [33.0674769, 57.4416893], [33.0675199, 57.4417356], [33.0679714, 57.4419065], [33.0683774, 57.4420351], [33.0686473, 57.4422214], [33.0689315, 57.4423346], [33.0694021, 57.4424374], [33.0700661, 57.4424965], [33.070871, 57.4425209], [33.0713558, 57.4425209], [33.0716878, 57.4424926], [33.0718312, 57.4424721], [33.071953, 57.4424721], [33.0721775, 57.4425286], [33.0722659, 57.4425621], [33.072328, 57.4426263], [33.0723733, 57.4426867], [33.0724092, 57.4427253], [33.0725095, 57.4427471], [33.0726361, 57.4427613], [33.0727221, 57.4427793], [33.072808, 57.4428037], [33.0728725, 57.4429104], [33.0728964, 57.4429618], [33.0729131, 57.4430042], [33.0728869, 57.4430479], [33.0727555, 57.4431276], [33.0724665, 57.443251], [33.0721464, 57.4433808], [33.0717882, 57.4436636], [33.0715708, 57.4439027], [33.0713797, 57.444224], [33.0712149, 57.4444348], [33.0711552, 57.444706], [33.0711863, 57.4449604], [33.0713033, 57.4454219], [33.0715756, 57.4459565], [33.0718383, 57.4464616], [33.0719148, 57.44663], [33.0718956, 57.4468382], [33.0718288, 57.4469783], [33.071695, 57.4470926], [33.0712985, 57.4473317], [33.0705796, 57.44768], [33.0700971, 57.4479781], [33.069457, 57.4483483], [33.0691943, 57.4484909], [33.068953, 57.4486027], [33.0688073, 57.4486258], [33.0687046, 57.4486143], [33.0686521, 57.4485654], [33.0686401, 57.4485012], [33.0686091, 57.4484485], [33.0684132, 57.4484241], [33.0676585, 57.4484832], [33.0670231, 57.4486695], [33.0663759, 57.4489471], [33.0659507, 57.4491553], [33.0656856, 57.4493442], [33.0655638, 57.4495473], [33.0654861, 57.4498975], [33.0655041, 57.4500999], [33.0656151, 57.4501918], [33.0656916, 57.4503023], [33.0658169, 57.450337], [33.0659722, 57.4503434], [33.066106, 57.4503537], [33.0662337, 57.4504089], [33.0663256, 57.4504755], [33.0664069, 57.4505599], [33.0664177, 57.4506961], [33.0663066, 57.4508247], [33.0663305, 57.4509217], [33.0663687, 57.4509654], [33.0664463, 57.4509866], [33.0666899, 57.4509943], [33.0669252, 57.4509808], [33.0672011, 57.4508966], [33.0673671, 57.4507797], [33.0676394, 57.4505452], [33.0677743, 57.4503832], [33.0679558, 57.4501397], [33.0681744, 57.4499322], [33.0684586, 57.4497323], [33.0686688, 57.4495087], [33.0688097, 57.4493738], [33.0691369, 57.4491926], [33.0695979, 57.4490088], [33.0696863, 57.4489176], [33.0697556, 57.4488726], [33.0699347, 57.4488019], [33.070047, 57.4487724], [33.0701377, 57.4487544], [33.0703694, 57.4487402], [33.070496, 57.4487621], [33.0706966, 57.4488263], [33.0710155, 57.4488559], [33.0713403, 57.4489536], [33.0715863, 57.4490808], [33.0716986, 57.449145], [33.0716675, 57.4492581], [33.0717392, 57.4493545], [33.0718204, 57.4493995], [33.0719112, 57.4494342], [33.0721142, 57.4494535], [33.0722193, 57.4494727], [33.0723029, 57.4495113], [33.0726158, 57.4495216], [33.0728713, 57.4495383], [33.0731938, 57.449573], [33.0732654, 57.4495871], [33.0732678, 57.4496527], [33.073318, 57.4496745], [33.0733873, 57.4496758], [33.073447, 57.4496925], [33.0735664, 57.4497773], [33.0736285, 57.4498441], [33.0736643, 57.4498814], [33.0736572, 57.4499302], [33.0734589, 57.4499264], [33.0733156, 57.4498955], [33.0730218, 57.4499071], [33.0729454, 57.4499302], [33.072654, 57.4501127], [33.0723817, 57.4502836], [33.0719876, 57.4504725], [33.0711755, 57.450682], [33.0708172, 57.4507784], [33.0707408, 57.4507938], [33.0705927, 57.4507887], [33.0705473, 57.4507694], [33.0704614, 57.4507681], [33.0703109, 57.4508388], [33.0697385, 57.4510251], [33.06942, 57.4512526], [33.0688945, 57.4515173], [33.0684446, 57.4517153], [33.067889, 57.4518475], [33.0674662, 57.4519812], [33.0671581, 57.4521482], [33.0667067, 57.4524579], [33.0662146, 57.4527136], [33.0657919, 57.4529848], [33.0656175, 57.4531531], [33.0652497, 57.4532996], [33.0648293, 57.4534024], [33.0644782, 57.4534512], [33.0644257, 57.4534731], [33.0644113, 57.453509], [33.0644257, 57.4536196], [33.0643492, 57.4536761], [33.0642059, 57.4536491], [33.0638381, 57.45359], [33.063432, 57.4535103], [33.0626606, 57.4535412], [33.0619846, 57.4536337], [33.0612299, 57.4538226], [33.0608907, 57.4539151], [33.0602362, 57.4541554], [33.059964, 57.4542916], [33.05962, 57.4544522], [33.0595101, 57.4544856], [33.0594433, 57.454528], [33.0594672, 57.4545833], [33.0594767, 57.4546539], [33.0593931, 57.4546835], [33.0593573, 57.4546796], [33.0593071, 57.4546539], [33.0591734, 57.4546064], [33.0589632, 57.4546796], [33.0588653, 57.4547362], [33.0587602, 57.4548441], [33.0585954, 57.4549096], [33.0578263, 57.4551923], [33.0575492, 57.4553427], [33.0571742, 57.4555572], [33.0568565, 57.4558104], [33.0566583, 57.4560763], [33.0565675, 57.4563346], [33.0565221, 57.4566943], [33.0564242, 57.4568794], [33.056214, 57.4570888], [33.0559203, 57.4571954], [33.0555285, 57.4572712], [33.054726, 57.4573316], [33.0543749, 57.4573458], [33.0541122, 57.4572995], [33.0538232, 57.4572147], [33.0537467, 57.4571633], [33.0537133, 57.4570901], [33.0537396, 57.456941], [33.0536631, 57.456828], [33.0535318, 57.4567432], [33.0531162, 57.4565993], [33.0528992, 57.4565851], [33.0525644, 57.4565581], [33.0519792, 57.456589], [33.0504293, 57.4568078], [33.0480132, 57.4572276], [33.0478627, 57.457347], [33.0478507, 57.4576644], [33.0477409, 57.4579278], [33.0476215, 57.4584173], [33.0476286, 57.4587411], [33.0476167, 57.4589595], [33.0472465, 57.4593603], [33.0471199, 57.4596147], [33.0471676, 57.4599744], [33.0473253, 57.46018], [33.0475952, 57.4603894], [33.0478985, 57.460541], [33.0481493, 57.4606361], [33.0482998, 57.4606296], [33.0485076, 57.4606168], [33.0486294, 57.4606271], [33.0487082, 57.4606695], [33.048756, 57.460708], [33.0488014, 57.460762], [33.0487846, 57.4609444], [33.0486007, 57.4612065], [33.0483595, 57.4614878], [33.048381, 57.4617345], [33.0483332, 57.4620171], [33.0482735, 57.4622368], [33.0482735, 57.4624475], [33.0481612, 57.4626864], [33.0481015, 57.4629112], [33.0481565, 57.4630179], [33.0482496, 57.4630949], [33.0482878, 57.4631592], [33.0482902, 57.4632273], [33.0483571, 57.4632979], [33.0485864, 57.4633776], [33.0486867, 57.4634341], [33.0487417, 57.4635523], [33.0488181, 57.4635895], [33.0488754, 57.4636486], [33.0489327, 57.4637655], [33.048916, 57.4638362], [33.048885, 57.4639107], [33.0488969, 57.4639633], [33.0489208, 57.4640121], [33.0489781, 57.4641123], [33.0489733, 57.4641804], [33.0489495, 57.4642421], [33.0488635, 57.464341], [33.0486246, 57.4646596], [33.0483567, 57.4648505], [33.0480442, 57.4650436], [33.0475458, 57.4654547], [33.0462367, 57.4664063], [33.0456286, 57.4670081], [33.045333, 57.467317], [33.0452781, 57.4676236], [33.0452253, 57.4682447], [33.0452802, 57.4684434], [33.0452084, 57.4686557], [33.0452, 57.4689339], [33.0453118, 57.4691433], [33.0452359, 57.4694051], [33.0449698, 57.4697867], [33.0446763, 57.4700024], [33.0445201, 57.4701966], [33.0443891, 57.4702806], [33.0440281, 57.4705088], [33.0438824, 57.4706428], [33.0437451, 57.4707711], [33.0437536, 57.4705747], [33.0439457, 57.470418], [33.0439689, 57.4702556], [33.0438634, 57.4700694], [33.0433524, 57.4696266], [33.0420644, 57.4690407], [33.0407637, 57.4686183], [33.0394883, 57.4683412], [33.0379976, 57.4680641], [33.0365745, 57.4679347], [33.0358565, 57.4679256], [33.0356538, 57.4679597], [33.0354089, 57.4680755], [33.0347966, 57.4684661], [33.0342054, 57.4689226], [33.0339815, 57.4692155], [33.0336226, 57.4695516], [33.0331538, 57.469949], [33.0329089, 57.4702874], [33.0327949, 57.4703737], [33.0323219, 57.4705599], [33.0317729, 57.4708324], [33.0314435, 57.4709505], [33.031093, 57.4709573], [33.0299443, 57.4708687], [33.0290322, 57.4708869], [33.0278033, 57.4710481], [33.0266504, 57.4712116], [33.0260634, 57.4712956], [33.025147, 57.4713774], [33.0246191, 57.4715273], [33.0224216, 57.4723435], [33.0217062, 57.4729237], [33.0214961, 57.4730941], [33.0210712, 57.473608], [33.0203126, 57.4746115], [33.0199029, 57.4756639], [33.0200698, 57.4766265], [33.0203429, 57.4771078], [33.0207981, 57.4773688], [33.0227371, 57.4777288], [33.0234921, 57.4787555], [33.0217302, 57.4793546], [33.0196352, 57.4799331], [33.0193885, 57.4803504], [33.0192642, 57.4814343], [33.019655, 57.4819022], [33.0203656, 57.482394], [33.0197882, 57.482542], [33.0196994, 57.4823176], [33.0175144, 57.4820025], [33.0173101, 57.4823081], [33.0166351, 57.4821935], [33.0165995, 57.4820216], [33.0168394, 57.4818401], [33.0182783, 57.4813292], [33.0181894, 57.4809425], [33.0184894, 57.4806026], [33.0186868, 57.480379], [33.0180829, 57.4801689], [33.0166052, 57.4799674], [33.0150008, 57.4797487], [33.013171, 57.4799875], [33.0122809, 57.4803653], [33.0118742, 57.4805796], [33.0109795, 57.4822954], [33.0087872, 57.4838208], [33.0059044, 57.4857392], [33.0027174, 57.4863584], [33.0010529, 57.4868752], [32.9998513, 57.487571], [32.9981328, 57.4870474], [32.9984414, 57.4868829], [32.9988889, 57.4867732], [32.9992548, 57.4862121], [32.9995928, 57.4855784], [32.9977239, 57.485294], [32.9958585, 57.4853789], [32.9945527, 57.4847001], [32.9932402, 57.4847559], [32.9924721, 57.4852555], [32.9923097, 57.485879], [32.9938353, 57.4867363], [32.9943284, 57.4874856], [32.994329, 57.4882384], [32.9933761, 57.4885179], [32.9919125, 57.4901374], [32.9900199, 57.4923542], [32.9906497, 57.4925743], [32.9917822, 57.4925609], [32.9935913, 57.4911863], [32.9950579, 57.4897922], [32.9958729, 57.4895822], [32.9965854, 57.4898418], [32.996619, 57.4911708], [32.995743, 57.4924521], [32.9953999, 57.4927398], [32.9955717, 57.4931083], [32.9960315, 57.4933302], [32.9971828, 57.4933285], [32.9966661, 57.493589], [32.9966482, 57.4942567], [32.9970683, 57.4952833], [32.9960748, 57.4959576], [32.9961799, 57.4967363], [32.9965546, 57.4975585], [32.9956105, 57.4976729], [32.9947373, 57.4976954], [32.993848, 57.4978016], [32.9907329, 57.4984342], [32.9896768, 57.4989772], [32.9889769, 57.4995696], [32.9878215, 57.5001897], [32.9874417, 57.5002586], [32.986917, 57.5003477], [32.9862807, 57.500555], [32.9859393, 57.5010071], [32.9860485, 57.501413], [32.9859813, 57.5015693], [32.985764, 57.5016749], [32.9850183, 57.5020295], [32.9844801, 57.5021465], [32.9828656, 57.5024976], [32.9828282, 57.5033903], [32.9808062, 57.5033918], [32.9788461, 57.5037402], [32.9778215, 57.5046021], [32.9771378, 57.5050029], [32.9771622, 57.505519], [32.97667, 57.5063625], [32.9764665, 57.5067113], [32.9763319, 57.5068119], [32.9763562, 57.5069843], [32.976139, 57.5073792], [32.9758354, 57.5087361], [32.9758357, 57.5089679], [32.9753839, 57.5092475], [32.9752842, 57.509276], [32.9751962, 57.5093464], [32.975213, 57.5094572], [32.9749861, 57.5096249], [32.9746748, 57.5097264], [32.973932, 57.5097643], [32.9737873, 57.5097956], [32.9736564, 57.5098777], [32.9734597, 57.5100872], [32.973483, 57.5103342], [32.9737771, 57.5107595], [32.9742324, 57.510963], [32.9753598, 57.5114667], [32.9751535, 57.5117781], [32.9752861, 57.5121114], [32.9752679, 57.5122042], [32.9750064, 57.5125581], [32.9745624, 57.5128773], [32.9742651, 57.5130787], [32.9736942, 57.513193], [32.9732682, 57.5133172], [32.9727004, 57.5137715], [32.9724517, 57.513853], [32.9723102, 57.5139921], [32.9721679, 57.514499], [32.9714386, 57.5146665], [32.9707788, 57.5148765], [32.9702841, 57.5152438], [32.9699236, 57.5157425], [32.9693939, 57.5158619], [32.9690254, 57.5157552], [32.9693842, 57.5154238], [32.9693698, 57.5150076], [32.9701877, 57.5147533], [32.9698099, 57.5139962], [32.9697242, 57.5138244], [32.9688102, 57.5139518], [32.9687815, 57.5145298], [32.9686083, 57.5149649], [32.9670022, 57.5154623], [32.9661759, 57.5160306], [32.9662273, 57.5166183], [32.9668444, 57.517466], [32.9675492, 57.5181049], [32.9696425, 57.5179515], [32.971855, 57.5182742], [32.9720101, 57.5185063], [32.9712352, 57.5194618], [32.9703025, 57.5195774], [32.969542, 57.5200474], [32.9694559, 57.5203711], [32.9700391, 57.5206542], [32.9693555, 57.5213882], [32.9685376, 57.5217195], [32.968351, 57.5221202], [32.9685519, 57.5224823], [32.9689824, 57.5228214], [32.9684937, 57.5231528], [32.9677627, 57.5229832], [32.967404, 57.5221433], [32.9672031, 57.5212957], [32.9674327, 57.5205791], [32.96683, 57.5202093], [32.966133, 57.520156], [32.9646346, 57.522544], [32.9643332, 57.5234917], [32.9626831, 57.5256567], [32.9626687, 57.5260958], [32.9619082, 57.5263732], [32.9616212, 57.5267199], [32.9618508, 57.5272515], [32.9617504, 57.5284456], [32.9608837, 57.5304183], [32.9596697, 57.5297937], [32.9579909, 57.5295549], [32.956418, 57.5290046], [32.9587944, 57.5274903], [32.959928, 57.5271898], [32.9602266, 57.5267235], [32.9597989, 57.5263424], [32.9587944, 57.5260188], [32.9585649, 57.5254718], [32.9581057, 57.5248323], [32.9573452, 57.5241712], [32.9570582, 57.5242391], [32.9576322, 57.5252329], [32.95746, 57.5261035], [32.9562455, 57.5275321], [32.953397, 57.5288962], [32.9523803, 57.52984], [32.9512324, 57.5302405], [32.9503665, 57.5314259], [32.9499984, 57.5321201], [32.9502543, 57.5328519], [32.9504131, 57.5332427], [32.9507051, 57.5337127], [32.9507826, 57.5339649], [32.9509598, 57.5342076], [32.951142, 57.5343927], [32.9515348, 57.5344376], [32.9522329, 57.5342137], [32.9527023, 57.5337784], [32.952886, 57.5336301], [32.9530309, 57.5335654], [32.9532001, 57.5334709], [32.9533185, 57.5334612], [32.9534061, 57.5334539], [32.9535912, 57.5335447], [32.9540218, 57.5336575], [32.9547193, 57.5339765], [32.9556187, 57.5345336], [32.9584512, 57.536699], [32.9581078, 57.5375974], [32.9583374, 57.5381982], [32.9583306, 57.5382129], [32.9582575, 57.5382298], [32.9581985, 57.5382234], [32.9581292, 57.5381918], [32.9575036, 57.5376819], [32.9566965, 57.5376627], [32.9559252, 57.5378552], [32.9547773, 57.5381055], [32.954293, 57.5383366], [32.9539701, 57.5388565], [32.954012, 57.538933], [32.9541495, 57.5391838], [32.9538446, 57.5395881], [32.9526787, 57.5396074], [32.9524455, 57.5399154], [32.9528043, 57.5400791], [32.9541495, 57.5401079], [32.9552974, 57.5397133], [32.9565171, 57.5393378], [32.9562301, 57.5388179], [32.956553, 57.538558], [32.9575574, 57.5387891], [32.9580092, 57.5389963], [32.9586375, 57.5390744], [32.9589136, 57.5388215], [32.9584774, 57.5384379], [32.9584399, 57.5383975], [32.9583916, 57.5383414], [32.958405, 57.5383227], [32.9584855, 57.5383198], [32.9585364, 57.5383414], [32.9588696, 57.538536], [32.9591721, 57.5387056], [32.9597676, 57.5388582], [32.960363, 57.5388755], [32.9606956, 57.5387834], [32.9614145, 57.5384407], [32.9618275, 57.5380751], [32.9618758, 57.5377958], [32.9617045, 57.537337], [32.9615164, 57.5370011], [32.9615378, 57.5366556], [32.9615915, 57.5363849], [32.9618543, 57.5362755], [32.9621923, 57.536215], [32.9628307, 57.536143], [32.9633022, 57.5361257], [32.9643503, 57.5361271], [32.9656244, 57.5361128], [32.9660756, 57.5358329], [32.9657039, 57.5353629], [32.9655868, 57.5350661], [32.964492, 57.5345278], [32.9635811, 57.5340983], [32.9634642, 57.5339017], [32.963547, 57.5337201], [32.964092, 57.5334648], [32.9644923, 57.5334637], [32.9652491, 57.5336645], [32.9656957, 57.5337625], [32.9681553, 57.5338634], [32.9688275, 57.5337478], [32.9693611, 57.5337655], [32.9698873, 57.5335128], [32.9708344, 57.5334382], [32.9723258, 57.533013], [32.9727583, 57.5327325], [32.9729446, 57.5323405], [32.9731324, 57.5317726], [32.9731646, 57.531223], [32.9715833, 57.5283132], [32.9725703, 57.5275759], [32.9745405, 57.5284174], [32.9756554, 57.528217], [32.9755837, 57.5275237], [32.9759165, 57.5272717], [32.9765101, 57.5275117], [32.9771217, 57.5275038], [32.9774354, 57.5274172], [32.9775918, 57.5272061], [32.9775289, 57.5269026], [32.9775212, 57.5264541], [32.9779519, 57.5262388], [32.9782704, 57.5259423], [32.9791406, 57.5259336], [32.9795358, 57.526342], [32.9795246, 57.5267459], [32.9789028, 57.5272971], [32.9791534, 57.5274729], [32.9793271, 57.5275946], [32.9794148, 57.5275535], [32.9794947, 57.5275781], [32.9794936, 57.5279127], [32.9803939, 57.5282702], [32.9817485, 57.5285991], [32.983815, 57.5289755], [32.9847633, 57.5290348], [32.9891464, 57.5280314], [32.9904983, 57.5275076], [32.9908717, 57.527334], [32.9915577, 57.5273445], [32.9917457, 57.5280502], [32.9917943, 57.5289228], [32.9923995, 57.529197], [32.9934126, 57.5295074], [32.9951607, 57.5293978], [32.9969395, 57.5291647], [32.9979333, 57.5287788], [33.0044321, 57.52474], [33.0061761, 57.5220092], [33.0059618, 57.5215911], [33.0073963, 57.5214848], [33.0092298, 57.5201343], [33.0092007, 57.5193123], [33.0093517, 57.5190929], [33.0088573, 57.519031], [33.0084368, 57.5189784], [33.0081881, 57.5188019], [33.0056834, 57.5184108], [33.004955, 57.5181627], [33.0048129, 57.5174472], [33.0050172, 57.5173375], [33.0048218, 57.5169798], [33.0045909, 57.5160973], [33.0048129, 57.5152386], [33.0048573, 57.5146471], [33.0043244, 57.5140555], [33.0037648, 57.5135976], [33.0036582, 57.5125957], [33.0039336, 57.5123047], [33.0056389, 57.5123858], [33.0059765, 57.5122475], [33.0062873, 57.5116082], [33.0056656, 57.5113935], [33.0055412, 57.511236], [33.0057189, 57.5110166], [33.0063051, 57.5110166], [33.0064828, 57.5108257], [33.0070956, 57.5107685], [33.0076197, 57.5103057], [33.0083835, 57.5100481], [33.0083835, 57.5098286], [33.0105419, 57.5089364], [33.0111814, 57.5078151], [33.0108794, 57.5071996], [33.0107488, 57.5069792], [33.0104739, 57.5066586], [33.0096093, 57.5058874], [33.0093369, 57.5056859], [33.0092096, 57.5056011], [33.0088305, 57.5053372], [33.0085543, 57.5053776], [33.0081975, 57.5052003], [33.0079964, 57.5049554], [33.0078346, 57.5049092], [33.0076696, 57.504668], [33.0079179, 57.5046935], [33.0083969, 57.5047115], [33.0087528, 57.5048473], [33.0089352, 57.5048531], [33.0090088, 57.5048024], [33.009139, 57.504866], [33.0095682, 57.5047363], [33.0098069, 57.5045159], [33.0100826, 57.5044018], [33.0100241, 57.5042176], [33.0101378, 57.5041134], [33.0106169, 57.5040476], [33.0113733, 57.5037608], [33.0118507, 57.5037132], [33.0119231, 57.5037781], [33.0117837, 57.503866], [33.011156, 57.5039265], [33.0105899, 57.5041874], [33.0099433, 57.5045706], [33.0095593, 57.5048519], [33.0094179, 57.504964], [33.0095749, 57.5051294], [33.0103138, 57.5055072], [33.0108781, 57.5056907], [33.0118511, 57.5058746], [33.0121458, 57.5058516], [33.0124676, 57.505732], [33.0128373, 57.5056416], [33.0131811, 57.505464], [33.013334, 57.5052436], [33.0134481, 57.5051884], [33.0135483, 57.5052211], [33.01346, 57.5053098], [33.0134198, 57.5053905], [33.0132267, 57.5055447], [33.0128655, 57.505673], [33.0126125, 57.5059078], [33.0126071, 57.5061816], [33.0129585, 57.5064683], [33.0131543, 57.5067133], [33.013435, 57.5068616], [33.0134025, 57.5071756], [33.0135968, 57.5073732], [33.0140634, 57.5076536], [33.0145517, 57.507781], [33.0150406, 57.507857], [33.0154556, 57.507889], [33.0158959, 57.5078733], [33.0162522, 57.507768], [33.0171243, 57.5076831], [33.0184704, 57.5075548], [33.0186246, 57.5074967], [33.0191417, 57.5075702], [33.0196747, 57.5076225], [33.0201047, 57.5076119], [33.0204311, 57.5076614], [33.0209406, 57.5079018], [33.0209949, 57.5081271], [33.0210786, 57.5083238], [33.02104, 57.5084697], [33.0210695, 57.5086066], [33.0208941, 57.5089006], [33.0206765, 57.5089316], [33.0203878, 57.5087718], [33.0202945, 57.5086406], [33.0206853, 57.5084855], [33.0206587, 57.5084092], [33.0204633, 57.5083447], [33.01894, 57.5086429], [33.0181282, 57.5084935], [33.0177853, 57.5084402], [33.0178475, 57.5086763], [33.0185225, 57.5089435], [33.0181362, 57.5097499], [33.0186114, 57.5102484], [33.0192997, 57.5104369], [33.0197394, 57.510382], [33.0205699, 57.5101125], [33.0204677, 57.5099765], [33.0208008, 57.5094063], [33.0208141, 57.5091988], [33.0210717, 57.509039], [33.0217734, 57.5087622], [33.0218489, 57.5088243], [33.0222486, 57.508736], [33.022293, 57.5085952], [33.0228704, 57.508538], [33.0229947, 57.5086406], [33.0232701, 57.5086167], [33.0233589, 57.5084211], [33.0248777, 57.5081014], [33.0254684, 57.5082565], [33.0255794, 57.5084354], [33.0267519, 57.5088529], [33.0276934, 57.5090437], [33.0288303, 57.5089889], [33.0303109, 57.5085483], [33.0305509, 57.5083466], [33.0302483, 57.5080916], [33.0295963, 57.5081], [33.029132, 57.5079795], [33.0281686, 57.5078581], [33.0275513, 57.5079726], [33.0272359, 57.5078485], [33.0270494, 57.507536], [33.0270139, 57.5070851], [33.027196, 57.5070135], [33.0279021, 57.5070565], [33.0283462, 57.5071352], [33.0289502, 57.5071113], [33.0290701, 57.5069921], [33.0295364, 57.5071185], [33.0303491, 57.5071137], [33.0311086, 57.5070398], [33.0316148, 57.5071113], [33.0318991, 57.5070803], [33.0315393, 57.5068608], [33.0315926, 57.5066056], [33.03213, 57.5065507], [33.0323521, 57.5066533], [33.0324587, 57.5069873], [33.0328317, 57.5070111], [33.0329338, 57.5067869], [33.0337821, 57.5068775], [33.0343106, 57.5068465], [33.0356607, 57.5068608], [33.0361359, 57.5070779], [33.0361492, 57.5072092], [33.0367265, 57.5072616], [33.0372506, 57.507066], [33.0377835, 57.5071471], [33.0382898, 57.5075575], [33.0396132, 57.5074954], [33.041514, 57.5075145], [33.0419404, 57.5077388], [33.0424644, 57.5076672], [33.0432993, 57.5074954], [33.0436013, 57.5075718], [33.0437523, 57.5079487], [33.0440632, 57.5079296], [33.0441875, 57.5078676], [33.0447027, 57.5078294], [33.0457215, 57.5074975], [33.0465688, 57.5068925], [33.0477164, 57.5065468], [33.0480596, 57.5067542], [33.0496684, 57.5069732], [33.0510949, 57.5069732], [33.053122, 57.5064431], [33.054216, 57.5065238], [33.0567655, 57.5056713], [33.0608657, 57.5037408], [33.0647482, 57.5032279], [33.0659173, 57.5024443], [33.0652079, 57.5018324], [33.0641184, 57.4993064], [33.0647482, 57.4987159], [33.0655419, 57.4987101], [33.0665813, 57.4984226], [33.0664861, 57.4976873], [33.0659066, 57.4973212], [33.0648769, 57.4973731], [33.0623427, 57.4985643], [33.0619167, 57.4980301], [33.0619167, 57.4969927], [33.0612089, 57.4960533], [33.0592998, 57.4947623], [33.0585383, 57.4945721], [33.0558891, 57.494549], [33.0554708, 57.494307], [33.0556853, 57.4937652], [33.0562538, 57.4933675], [33.0571547, 57.4931888], [33.0575716, 57.4927716], [33.0550799, 57.4894716], [33.0446024, 57.4905629], [33.0435079, 57.4904557], [33.0420286, 57.4906213], [33.0423679, 57.4901392], [33.0430248, 57.4898513], [33.0451954, 57.4893302], [33.0454352, 57.4886949], [33.0454793, 57.4878731], [33.0452735, 57.4873832], [33.04495, 57.4871303], [33.0445384, 57.487075], [33.0447001, 57.4868537], [33.0444208, 57.4860556], [33.0452312, 57.484402], [33.0469394, 57.4841522], [33.0479155, 57.4830193], [33.0503923, 57.4828109], [33.0523504, 57.4816307], [33.0543361, 57.4813592], [33.0558835, 57.4814887]], [[32.9955141, 57.3572084], [32.9953101, 57.3571589], [32.9954223, 57.3569003], [32.9956875, 57.3568948], [32.9957997, 57.3568013], [32.9962689, 57.3567353], [32.9964831, 57.3568728], [32.9962791, 57.3571039], [32.9957793, 57.3569829], [32.9956059, 57.3570764], [32.9955141, 57.3572084]], [[32.9972134, 57.3576711], [32.9982059, 57.3577376], [32.9986457, 57.3575437], [32.999458, 57.3580278], [32.9994332, 57.3582497], [32.9992649, 57.3586285], [32.9996541, 57.3588599], [32.9995489, 57.3591229], [32.9986126, 57.3594069], [32.9983917, 57.3596279], [32.9984758, 57.3598803], [32.998802, 57.3597962], [32.9990545, 57.359954], [32.9990124, 57.3602065], [32.9992438, 57.3604379], [32.9989072, 57.36048], [32.9981918, 57.3599961], [32.9979429, 57.3595347], [32.9972414, 57.3594664], [32.9966559, 57.3590808], [32.9966769, 57.3588599], [32.9968452, 57.3587442], [32.997266, 57.3588704], [32.997792, 57.3586179], [32.9980866, 57.3586074], [32.9979288, 57.3582918], [32.997266, 57.35785], [32.9972134, 57.3576711]], [[33.0030879, 57.3637676], [33.0039755, 57.3635539], [33.005159, 57.3635867], [33.0061124, 57.3636361], [33.0064083, 57.3634224], [33.0071973, 57.3634881], [33.0066055, 57.3640141], [33.0059973, 57.3646059], [33.0059151, 57.3650333], [33.0052412, 57.3651319], [33.0040412, 57.3648524], [33.003844, 57.3642771], [33.0030879, 57.3637676]], [[33.0004413, 57.3645731], [33.0010552, 57.3645777], [33.0012469, 57.3646011], [33.0016905, 57.3646553], [33.0014275, 57.3650827], [33.0008193, 57.3649183], [33.0004413, 57.3645731]], [[33.0034983, 57.3706302], [33.0036091, 57.3704361], [33.0039828, 57.3705108], [33.0044258, 57.3708765], [33.0046473, 57.3713095], [33.0050211, 57.3716006], [33.0049934, 57.3717872], [33.0045089, 57.3716901], [33.0040797, 57.3714811], [33.0037337, 57.3710482], [33.0034983, 57.3706302]], [[33.0047502, 57.37349], [33.0047779, 57.3731317], [33.0050365, 57.3731182], [33.0052901, 57.3731466], [33.0053455, 57.3733407], [33.0052209, 57.3736766], [33.0050963, 57.3740199], [33.004944, 57.3738184], [33.0047502, 57.37349]], [[33.004096, 57.3874672], [33.0043065, 57.3873001], [33.0046387, 57.3873837], [33.004827, 57.3878194], [33.004827, 57.3882372], [33.0043618, 57.3878015], [33.004096, 57.3874672]], [[33.0746606, 57.4052669], [33.0744957, 57.4051082], [33.0743799, 57.4049232], [33.0745931, 57.4046343], [33.0748454, 57.4044685], [33.0752142, 57.4043779], [33.0756529, 57.4043314], [33.0761037, 57.4043618], [33.0763238, 57.4045093], [33.0764427, 57.404717], [33.0763487, 57.4049312], [33.076172, 57.4051223], [33.0758395, 57.4052718], [33.0753324, 57.4053363], [33.0746606, 57.4052669]], [[33.0177731, 57.4095416], [33.0179606, 57.4093129], [33.0182172, 57.4093502], [33.0185923, 57.4094937], [33.0183357, 57.4095894], [33.01801, 57.4095575], [33.0177731, 57.4095416]], [[33.0320125, 57.4104694], [33.0319692, 57.4101665], [33.0324018, 57.4101316], [33.033678, 57.4103529], [33.035668, 57.410749], [33.0366197, 57.4114364], [33.0373984, 57.4123335], [33.0383285, 57.4132188], [33.0396912, 57.413778], [33.0415947, 57.413976], [33.0427195, 57.4142789], [33.0433251, 57.4148264], [33.0432386, 57.415304], [33.0423301, 57.4155836], [33.0420922, 57.4152691], [33.0420706, 57.4148497], [33.0412702, 57.4146051], [33.0399941, 57.4145236], [33.039237, 57.4142207], [33.038242, 57.4139178], [33.0369009, 57.4138013], [33.035257, 57.4134635], [33.0335699, 57.4127878], [33.0324667, 57.4116694], [33.0320125, 57.4104694]], [[33.0503169, 57.4149699], [33.0501758, 57.4148407], [33.0504721, 57.4147344], [33.0513469, 57.4147648], [33.0519818, 57.414552], [33.0528425, 57.4144684], [33.0536467, 57.4142784], [33.0540559, 57.4141189], [33.054719, 57.4139213], [33.0552834, 57.4140809], [33.0555091, 57.4144076], [33.0550435, 57.4145064], [33.0546767, 57.4144076], [33.0541264, 57.4144], [33.0534633, 57.414704], [33.0528848, 57.4150383], [33.0519536, 57.4150459], [33.0513046, 57.4152131], [33.0503169, 57.4149699]], [[33.053421, 57.4159653], [33.0537031, 57.4156462], [33.0542675, 57.4156158], [33.0546061, 57.4159805], [33.0547472, 57.4164288], [33.0543381, 57.4168619], [33.0536467, 57.4166188], [33.053421, 57.4159653]], [[33.0505602, 57.416328], [33.0510624, 57.4161425], [33.0514642, 57.4162043], [33.0512346, 57.4164284], [33.0508471, 57.4165521], [33.0505602, 57.416328]], [[33.0829114, 57.4256428], [33.0830693, 57.4254265], [33.0835428, 57.4255423], [33.0833706, 57.4257587], [33.0830549, 57.4257278], [33.0829114, 57.4256428]], [[33.0810173, 57.4260368], [33.0821509, 57.4261604], [33.0819787, 57.4263458], [33.082567, 57.4264617], [33.0832127, 57.4261758], [33.0829401, 57.4264617], [33.0823518, 57.4265853], [33.0814765, 57.4264385], [33.0809456, 57.4262067], [33.0810173, 57.4260368]], [[33.065263, 57.4394559], [33.0657038, 57.4391495], [33.066264, 57.43911], [33.0666772, 57.4389864], [33.0665579, 57.4386997], [33.0669527, 57.4387936], [33.067568, 57.4391989], [33.0673936, 57.4394016], [33.0667599, 57.439451], [33.0661538, 57.4393917], [33.0657405, 57.4394806], [33.065263, 57.4394559]], [[33.0647487, 57.4390408], [33.0647028, 57.438848], [33.065263, 57.4389024], [33.0647487, 57.4390408]], [[33.084458, 57.4438912], [33.0847402, 57.4435267], [33.0853328, 57.4430256], [33.0853328, 57.4427371], [33.0856009, 57.4425928], [33.0858972, 57.4427827], [33.0857984, 57.4431851], [33.0860806, 57.4434736], [33.0856714, 57.4440506], [33.0848954, 57.4442632], [33.0844721, 57.4444758], [33.083555, 57.4449921], [33.083682, 57.4445214], [33.084458, 57.4438912]], [[33.0905291, 57.4430711], [33.090373, 57.4428932], [33.0912454, 57.4429179], [33.0911903, 57.4430711], [33.0907862, 57.443002], [33.0905291, 57.4430711]], [[33.0865744, 57.4439064], [33.0863628, 57.443709], [33.0864192, 57.4435419], [33.0868425, 57.4433749], [33.0873363, 57.4435951], [33.0874633, 57.4438988], [33.0870541, 57.4440355], [33.0865744, 57.4439064]], [[33.0919783, 57.4441949], [33.092458, 57.444043], [33.0930365, 57.443876], [33.092585, 57.4442025], [33.0922605, 57.4445973], [33.0919783, 57.4441949]], [[33.0938407, 57.4471862], [33.0944192, 57.4469053], [33.0952517, 57.4468522], [33.094913, 57.4471483], [33.0946026, 57.4470875], [33.0938407, 57.4471862]], [[33.0930573, 57.4489934], [33.0926311, 57.4487009], [33.0921022, 57.4486891], [33.0929838, 57.4484954], [33.093454, 57.4481001], [33.093814, 57.4480092], [33.0943356, 57.4481712], [33.0941005, 57.4485626], [33.0937111, 57.4488986], [33.0930573, 57.4489934]], [[33.0919924, 57.4493574], [33.0918936, 57.4496459], [33.0918513, 57.4498509], [33.0913575, 57.4497218], [33.091555, 57.4494258], [33.0919924, 57.4493574]], [[33.0852058, 57.4497977], [33.0855445, 57.4495396], [33.0861088, 57.449904], [33.0868989, 57.4500634], [33.087675, 57.4505189], [33.0882252, 57.451149], [33.0874492, 57.450777], [33.0867014, 57.4505796], [33.0860665, 57.4501849], [33.0852058, 57.4497977]], [[33.0823716, 57.4504311], [33.0823047, 57.45039], [33.0822784, 57.4503232], [33.0823071, 57.4502383], [33.0823907, 57.4501998], [33.0825125, 57.4502062], [33.0826319, 57.4502499], [33.0827012, 57.4503244], [33.0827012, 57.4503823], [33.0826486, 57.4504285], [33.0825531, 57.4504504], [33.0824838, 57.4504529], [33.0823716, 57.4504311]], [[33.0799066, 57.4514951], [33.0795579, 57.4513872], [33.0795316, 57.4513486], [33.079546, 57.4513139], [33.0796163, 57.4512485], [33.0797036, 57.4512073], [33.0800189, 57.4511083], [33.0802243, 57.4510788], [33.080456, 57.4511109], [33.0807808, 57.4512291], [33.0810698, 57.4513024], [33.0811558, 57.4513236], [33.0812478, 57.4513236], [33.0813158, 57.4513229], [33.0813803, 57.4513255], [33.0814275, 57.4513393], [33.0814968, 57.4513425], [33.0815201, 57.451348], [33.0815416, 57.4513541], [33.0815505, 57.4513615], [33.081529, 57.4513711], [33.0815021, 57.4513714], [33.0814759, 57.4513714], [33.0814532, 57.4513669], [33.0814281, 57.4513586], [33.0813224, 57.451358], [33.0812125, 57.4513502], [33.0810925, 57.451348], [33.08096, 57.4513653], [33.0806829, 57.451427], [33.0805491, 57.4514579], [33.0804846, 57.4514926], [33.0803007, 57.451508], [33.0800595, 57.4515234], [33.0799066, 57.4514951]], [[33.0827018, 57.451677], [33.0826898, 57.4516153], [33.0826946, 57.4515048], [33.0827734, 57.4514341], [33.0829167, 57.4513814], [33.0830553, 57.4513493], [33.0833132, 57.4513506], [33.0836189, 57.4513981], [33.0838673, 57.4514675], [33.0840465, 57.4515497], [33.0842591, 57.4518196], [33.0845624, 57.4522359], [33.0846842, 57.4523889], [33.0848418, 57.4524917], [33.0850783, 57.452588], [33.0853148, 57.4526266], [33.0856969, 57.4526394], [33.0857351, 57.4526561], [33.0857399, 57.452669], [33.0853729, 57.4527439], [33.0851547, 57.4527589], [33.0850305, 57.4527255], [33.0849804, 57.4526844], [33.084935, 57.452642], [33.084861, 57.452588], [33.0846317, 57.452475], [33.084302, 57.4523567], [33.0837097, 57.4521807], [33.0832057, 57.4519918], [33.0828284, 57.4518016], [33.0827018, 57.451677]], [[33.0790145, 57.4522279], [33.0789291, 57.4522003], [33.0789071, 57.4521605], [33.0789136, 57.4521254], [33.0789781, 57.4520946], [33.0791047, 57.4520715], [33.0791967, 57.4520715], [33.0794916, 57.4521447], [33.0798392, 57.4522192], [33.0799431, 57.4522417], [33.0799586, 57.4522565], [33.0799598, 57.4522848], [33.0799275, 57.4523002], [33.0798553, 57.4523024], [33.079632, 57.452287], [33.0793203, 57.452262], [33.0790145, 57.4522279]], [[33.0776358, 57.4525007], [33.0778352, 57.4525296], [33.0780084, 57.4525231], [33.0781398, 57.4525309], [33.0783499, 57.4524923], [33.0785016, 57.452457], [33.0785434, 57.4524518], [33.0785482, 57.4524595], [33.0784306, 57.4524965], [33.0781947, 57.4525591], [33.0781374, 57.4525765], [33.0781242, 57.452599], [33.0780896, 57.4526298], [33.0780609, 57.4526426], [33.0779941, 57.4526574], [33.0778352, 57.4526915], [33.0777039, 57.4527133], [33.077588, 57.4527088], [33.077385, 57.4526767], [33.0773169, 57.4526594], [33.0772906, 57.4526337], [33.0772393, 57.4525431], [33.0772453, 57.4525154], [33.0772668, 57.4524795], [33.0772906, 57.4524415], [33.0773241, 57.4524229], [33.0773754, 57.452412], [33.0774507, 57.4524094], [33.0775175, 57.4524184], [33.0776358, 57.4525007]], [[33.0534231, 57.4593597], [33.0535473, 57.4594188], [33.0536942, 57.459501], [33.0537646, 57.459544], [33.0539271, 57.4596539], [33.0540739, 57.4597901], [33.0542316, 57.459932], [33.0543104, 57.4600175], [33.0543737, 57.4601363], [33.0544143, 57.4602937], [33.054388, 57.4604543], [33.0542722, 57.4605294], [33.0540943, 57.4606412], [33.0538936, 57.4607003], [33.0538279, 57.4606939], [33.0537491, 57.4606592], [33.0536882, 57.4606232], [33.0536679, 57.4605744], [33.0537133, 57.4605095], [33.0537085, 57.4603232], [33.053644, 57.4602455], [33.0536416, 57.4600644], [33.0536631, 57.4599012], [33.0536727, 57.4597393], [33.0536906, 57.4596539], [33.0537002, 57.4596198], [33.0536942, 57.4595961], [33.0536727, 57.4595768], [33.0536464, 57.459562], [33.0536345, 57.4595415], [33.0536428, 57.4595203], [33.0536428, 57.4595074], [33.0535509, 57.4594477], [33.0534264, 57.4593669], [33.0534231, 57.4593597]], [[33.0652, 57.4655421], [33.0653193, 57.4655702], [33.0653408, 57.4655918], [33.0653421, 57.4656156], [33.0653086, 57.4656315], [33.0651691, 57.4656243], [33.0651235, 57.4656459], [33.0650846, 57.4656683], [33.0650015, 57.4656726], [33.0648714, 57.4656618], [33.06463, 57.4656502], [33.0641311, 57.4657252], [33.0638696, 57.4657498], [33.0632178, 57.4659546], [33.062448, 57.4661623], [33.0621825, 57.4661883], [33.061697, 57.4662474], [33.0615066, 57.4662474], [33.0609943, 57.4661436], [33.0607153, 57.4660916], [33.0603184, 57.4660714], [33.0599214, 57.4660455], [33.0597739, 57.4660051], [33.0596424, 57.4659474], [33.0594413, 57.465806], [33.0592213, 57.4656906], [33.0589478, 57.4655622], [33.0585749, 57.4653242], [33.0582423, 57.4650732], [33.0581485, 57.4649953], [33.0581404, 57.4649174], [33.0580868, 57.4647342], [33.0579741, 57.4645784], [33.0577354, 57.4644025], [33.0575262, 57.4642842], [33.0573679, 57.4641789], [33.0572982, 57.4641154], [33.0572794, 57.4640418], [33.0572714, 57.4639408], [33.0572553, 57.4638514], [33.0572821, 57.4636841], [33.0573653, 57.4635787], [33.0573733, 57.4634677], [33.0573465, 57.4633378], [33.057317, 57.4632671], [33.0572338, 57.4632311], [33.0570836, 57.4631662], [33.0569978, 57.4631214], [33.0569844, 57.4630782], [33.0570139, 57.4629829], [33.0570407, 57.4628502], [33.0569736, 57.4627738], [33.0568409, 57.4627096], [33.056755, 57.4626158], [33.0567872, 57.4625437], [33.0570742, 57.4622537], [33.0573666, 57.4619262], [33.0575141, 57.4618613], [33.0575329, 57.4617892], [33.0576053, 57.4617358], [33.0578682, 57.4615526], [33.0579889, 57.4614069], [33.0579433, 57.4612914], [33.0578708, 57.4612063], [33.0577019, 57.4611313], [33.057608, 57.4610664], [33.0575597, 57.4609769], [33.0576026, 57.4609063], [33.057608, 57.4606999], [33.0575061, 57.4605225], [33.05749, 57.460358], [33.0575222, 57.4602152], [33.0575731, 57.4601315], [33.0576294, 57.460107], [33.0576858, 57.4600969], [33.0578413, 57.4601099], [33.0581552, 57.4602008], [33.05841, 57.4602816], [33.0586433, 57.4604056], [33.0590268, 57.4606058], [33.0590939, 57.4606581], [33.0591449, 57.4607086], [33.0591529, 57.4608154], [33.0591985, 57.4608514], [33.0592817, 57.4608644], [33.0593729, 57.4608673], [33.0594936, 57.4608096], [33.0596384, 57.4607201], [33.0596813, 57.4606538], [33.059684, 57.4605889], [33.0596438, 57.4605557], [33.0595553, 57.4605211], [33.0594989, 57.4604734], [33.0594882, 57.4604273], [33.059507, 57.4603407], [33.0595901, 57.4602715], [33.0597725, 57.4601806], [33.059904, 57.4601402], [33.060022, 57.46012], [33.0601427, 57.4601387], [33.0603573, 57.4602123], [33.0605906, 57.4603523], [33.0608132, 57.4604475], [33.0608937, 57.4605398], [33.0609205, 57.4605946], [33.0609205, 57.4608312], [33.0607784, 57.4612265], [33.0606711, 57.4614905], [33.0606952, 57.4615872], [33.0606201, 57.461805], [33.0607971, 57.4620734], [33.0608454, 57.4622018], [33.0608722, 57.4623547], [33.0609876, 57.4625119], [33.0612504, 57.4626995], [33.0617359, 57.4628986], [33.062031, 57.463076], [33.0623367, 57.4633342], [33.0624065, 57.4634785], [33.0624601, 57.4638146], [33.0624682, 57.4639545], [33.0625486, 57.4641046], [33.0626505, 57.4642387], [33.0630824, 57.4645042], [33.0632514, 57.4646196], [33.0634257, 57.4648114], [33.0635089, 57.4649499], [33.0637234, 57.4650696], [33.0639487, 57.4651692], [33.0643591, 57.4653221], [33.0645335, 57.4654], [33.0649358, 57.4654995], [33.0652, 57.4655421]], [[33.0475922, 57.4789392], [33.0474859, 57.4788435], [33.0473904, 57.4787941], [33.0473199, 57.478771], [33.0471551, 57.4787626], [33.047007, 57.478832], [33.0466392, 57.4789989], [33.046171, 57.4791504], [33.0458032, 57.4791504], [33.0453542, 57.4790323], [33.0449672, 57.4788525], [33.0445612, 57.4785366], [33.0442841, 57.4781514], [33.0439975, 57.4776069], [33.0437778, 57.4771626], [33.0437491, 57.4770522], [33.043816, 57.4769777], [33.0438876, 57.4768852], [33.0440023, 57.4765488], [33.0440405, 57.4764718], [33.0440501, 57.4764666], [33.0442029, 57.476649], [33.0443462, 57.4770085], [33.0445755, 57.4773655], [33.044845, 57.4776193], [33.0449816, 57.4777636], [33.0457698, 57.4781309], [33.0464003, 57.478362], [33.0467013, 57.4784442], [33.0469354, 57.478552], [33.0471181, 57.4785918], [33.0472088, 57.4786471], [33.0473713, 57.4787446], [33.0475205, 57.478805], [33.0475934, 57.4788172], [33.0476232, 57.4788377], [33.0476256, 57.4788808], [33.0476244, 57.4789218], [33.0475922, 57.4789392]], [[33.0369624, 57.4936908], [33.0368423, 57.4938844], [33.0377111, 57.4940855], [33.0373014, 57.494317], [33.0373014, 57.4945979], [33.0382337, 57.4946321], [33.0393991, 57.4945068], [33.0400277, 57.4942981], [33.0404162, 57.493706], [33.0405787, 57.492757], [33.0410801, 57.4924837], [33.0412638, 57.4920169], [33.0409177, 57.4916335], [33.0405716, 57.4916563], [33.0407199, 57.491383], [33.0404868, 57.4913943], [33.0401196, 57.491903], [33.0395051, 57.4919447], [33.0396322, 57.4925938], [33.0382549, 57.4934175], [33.0382973, 57.4937173], [33.0378099, 57.4938806], [33.0376404, 57.4937136], [33.0369624, 57.4936908]], [[33.0426411, 57.4920776], [33.0423833, 57.4917929], [33.0421361, 57.4917474], [33.0417935, 57.491884], [33.0417794, 57.4920453], [33.0421184, 57.4922788], [33.0421325, 57.4923718], [33.0418182, 57.4926299], [33.0416734, 57.4928861], [33.0418041, 57.4929924], [33.0422809, 57.49285], [33.0428035, 57.4929297], [33.0436546, 57.492833], [33.0441738, 57.4924667], [33.0445269, 57.4925179], [33.044933, 57.492311], [33.0450354, 57.4921156], [33.0449012, 57.4920643], [33.044315, 57.4922503], [33.0437005, 57.4920966], [33.0431214, 57.4922503], [33.0426411, 57.4920776]], [[33.0522105, 57.4954755], [33.0527616, 57.4952473], [33.0531059, 57.4952534], [33.0532437, 57.49542], [33.0537143, 57.4953953], [33.0535421, 57.4955927], [33.05306, 57.4955434], [33.0522105, 57.4954755]], [[33.0296874, 57.4958049], [33.0293837, 57.495858], [33.0292283, 57.4960364], [33.0292637, 57.4963742], [33.0304926, 57.496655], [33.0307469, 57.4967955], [33.0313261, 57.4969473], [33.0314038, 57.4968486], [33.0309093, 57.4966399], [33.030867, 57.496397], [33.0304079, 57.4962831], [33.0303867, 57.4961503], [33.0299064, 57.4960326], [33.0296874, 57.4958049]], [[33.0216497, 57.4985489], [33.0210564, 57.4987652], [33.0207456, 57.4995394], [33.0210988, 57.499824], [33.0207527, 57.5000669], [33.0209928, 57.5003439], [33.0202441, 57.5006323], [33.0202512, 57.5009018], [33.0205125, 57.5009625], [33.0206609, 57.5014141], [33.0215367, 57.5016152], [33.021798, 57.5018353], [33.0222289, 57.5018998], [33.0227021, 57.5017366], [33.0226173, 57.5012547], [33.0240017, 57.5001883], [33.0264243, 57.499399], [33.0268693, 57.499232], [33.0269258, 57.4990536], [33.0286068, 57.498712], [33.029073, 57.4983933], [33.028854, 57.4981959], [33.0280841, 57.498454], [33.0277734, 57.4982946], [33.0261065, 57.4982528], [33.0260924, 57.4978543], [33.0258381, 57.4977898], [33.0249128, 57.4979265], [33.0246515, 57.4982149], [33.0242418, 57.4979796], [33.0231117, 57.4982301], [33.0226032, 57.49812], [33.0216497, 57.4985489]], [[33.0467967, 57.4998079], [33.0468032, 57.4997562], [33.0468056, 57.4997375], [33.0466857, 57.4996504], [33.0464503, 57.4996743], [33.0463792, 57.4998031], [33.0464969, 57.5000298], [33.0467567, 57.5001599], [33.0469063, 57.5001849], [33.047021, 57.500204], [33.0470829, 57.5001931], [33.0471298, 57.5001849], [33.0471475, 57.5001503], [33.0471308, 57.5001437], [33.0468256, 57.5000227], [33.046739, 57.4999224], [33.046748, 57.4999045], [33.0467967, 57.4998079]], [[33.0451889, 57.5033932], [33.0451043, 57.5031128], [33.0455558, 57.5027641], [33.0468397, 57.502802], [33.0475169, 57.5031734], [33.0474746, 57.5035676], [33.0470513, 57.5036055], [33.0467692, 57.5033629], [33.0460214, 57.5034387], [33.0458803, 57.5036889], [33.0464446, 57.5039011], [33.0463741, 57.504083], [33.0456827, 57.503848], [33.0451889, 57.5033932]], [[33.024353, 57.5061119], [33.0242382, 57.5056926], [33.0243874, 57.5053658], [33.0249614, 57.5052362], [33.0250877, 57.5053843], [33.02464, 57.5056494], [33.0244448, 57.5058591], [33.024353, 57.5061119]], [[32.9751126, 57.5197864], [32.9739216, 57.5194705], [32.9743234, 57.5189388], [32.9745674, 57.5186691], [32.9750552, 57.5183686], [32.9755718, 57.5186614], [32.9759592, 57.5191006], [32.9761601, 57.5198635], [32.976031, 57.5203412], [32.9753422, 57.5211118], [32.9752131, 57.52095], [32.9755288, 57.5205955], [32.9756292, 57.5201178], [32.9753135, 57.5198481], [32.9751126, 57.5197864]], [[32.9739645, 57.5244895], [32.9742488, 57.524514], [32.9742918, 57.5246954], [32.9740691, 57.5248193], [32.9737472, 57.5248394], [32.9736936, 57.5246479], [32.9739645, 57.5244895]], [[32.962608, 57.530528], [32.9620455, 57.5301644], [32.9624473, 57.529998], [32.9629753, 57.5301027], [32.9627228, 57.5303061], [32.962608, 57.530528]]]}}, {"type": "Feature", "id": "way/20542134", "properties": {"name": "Белое-южное", "osm": "way/20542134", "natural": "water", "water": "lake", "waterway": null, "kind": "area"}, "geometry": {"type": "Polygon", "coordinates": [[[33.0105387, 57.245089], [33.0099795, 57.2451718], [33.0093681, 57.2450299], [33.0087764, 57.2450076], [33.0078015, 57.2451596], [33.0074787, 57.2453964], [33.0074416, 57.2459645], [33.0078042, 57.2461532], [33.0081439, 57.2463048], [33.0086266, 57.2463486], [33.0089184, 57.2466009], [33.0096125, 57.2469184], [33.0101329, 57.2469486], [33.0104569, 57.2470624], [33.0110491, 57.2468197], [33.0114375, 57.2469979], [33.0113335, 57.2473027], [33.011658, 57.247765], [33.0125288, 57.2481629], [33.0139251, 57.2483424], [33.0151386, 57.24833], [33.0158364, 57.2486704], [33.0169435, 57.248641], [33.0177247, 57.2483918], [33.0188249, 57.2479017], [33.0189041, 57.2472263], [33.0193844, 57.2469056], [33.0199669, 57.2468249], [33.0204637, 57.2464987], [33.0212126, 57.2462666], [33.0225023, 57.2462158], [33.0229837, 57.2460065], [33.0229184, 57.2454636], [33.0228853, 57.2451584], [33.0223852, 57.2449797], [33.0228863, 57.2445901], [33.0229313, 57.2441942], [33.0233315, 57.2440503], [33.0234592, 57.2439802], [33.0227882, 57.2429816], [33.0223328, 57.2425055], [33.0220376, 57.2425276], [33.0215891, 57.2422942], [33.021028, 57.24213], [33.0208102, 57.2422913], [33.0206814, 57.2423668], [33.0200433, 57.2429692], [33.019001, 57.2428829], [33.0183894, 57.2425927], [33.0175218, 57.2422937], [33.0168016, 57.242256], [33.0157716, 57.2428771], [33.0150501, 57.2434661], [33.0142555, 57.2437458], [33.01368, 57.2438465], [33.0131328, 57.2438349], [33.0125529, 57.2440091], [33.0111318, 57.2442407], [33.0105375, 57.2442114], [33.0098283, 57.2441483], [33.0090988, 57.2440148], [33.0084979, 57.2444966], [33.0086428, 57.2447085], [33.0088413, 57.244842], [33.0093884, 57.244723], [33.009823, 57.244694], [33.0103272, 57.2448391], [33.0109687, 57.2449321], [33.0105387, 57.245089]]]}}, {"type": "Feature", "id": "way/28838371", "properties": {"name": "Селижаровка", "osm": "way/28838371", "natural": null, "water": null, "waterway": "river", "kind": "connector"}, "geometry": {"type": "LineString", "coordinates": [[33.2768032, 57.0309341], [33.2767621, 57.0304035], [33.2770498, 57.0296649], [33.2771651, 57.0295019], [33.2772357, 57.0293239], [33.2772049, 57.0288785], [33.2770032, 57.0287521], [33.2767813, 57.0286607], [33.2764189, 57.0285878], [33.2758737, 57.0284696], [33.2754699, 57.0278103], [33.2758737, 57.0271949], [33.2768429, 57.0268872], [33.2781351, 57.027107], [33.2803965, 57.0278542], [33.2815272, 57.0279861], [33.2823349, 57.0278982], [33.2827724, 57.0278134], [33.2831465, 57.0276848], [33.2835808, 57.0272903], [33.2839803, 57.0264899], [33.2841117, 57.0256564], [33.2843345, 57.0253633], [33.2846771, 57.0251289], [33.2850574, 57.0248948], [33.2853673, 57.024625], [33.2857047, 57.0243439], [33.2858768, 57.0240554], [33.2861453, 57.0237481], [33.2862968, 57.0234033], [33.2863863, 57.0231672], [33.2862635, 57.0228664], [33.285925, 57.0226013], [33.2857032, 57.0223585], [33.2856289, 57.0222302], [33.2856427, 57.0220728], [33.2857116, 57.0219679], [33.2858596, 57.0218395], [33.2865347, 57.0214803], [33.2894742, 57.0208716], [33.2899078, 57.0208393], [33.2903209, 57.0208193], [33.2905456, 57.0207625], [33.2907793, 57.0206777], [33.2911382, 57.0205131], [33.2913487, 57.0202419], [33.291362, 57.0200622], [33.2911666, 57.0198942], [33.2908602, 57.019778], [33.2902498, 57.0195459], [33.2890384, 57.019414], [33.2876654, 57.0189743], [33.2872615, 57.0183148], [33.2869385, 57.0174355], [33.2873423, 57.0169958], [33.2879484, 57.0165748], [33.2886345, 57.0161604], [33.2888964, 57.0157426], [33.2889136, 57.0154896], [33.2888461, 57.0152463], [33.2886278, 57.0148186], [33.2883048, 57.014438], [33.2871808, 57.0137861], [33.2871, 57.0133024], [33.288473, 57.0129066], [33.2904458, 57.0126542], [33.2909192, 57.0127079], [33.291255, 57.0128253], [33.2914288, 57.012899], [33.2915975, 57.0130115], [33.2919226, 57.0132816], [33.2922894, 57.0135288], [33.2927022, 57.0137065], [33.2931329, 57.0138025], [33.2935612, 57.0137861], [33.2966302, 57.0131265], [33.297014, 57.0129305], [33.2972406, 57.0126667], [33.2968725, 57.0120711], [33.2952572, 57.0115435], [33.2946919, 57.0111477], [33.2946919, 57.010664], [33.2963072, 57.010532], [33.297761, 57.0100923], [33.2989724, 57.0100923], [33.2992349, 57.0100612], [33.2994803, 57.0098488], [33.2993382, 57.0094763], [33.2990795, 57.0091894], [33.2984878, 57.0089049], [33.298593, 57.0083578], [33.2989724, 57.0078495], [33.2990302, 57.0074812], [33.2988646, 57.0071525], [33.2986018, 57.0064877], [33.2983486, 57.005917], [33.2982192, 57.0053479], [33.2977678, 57.0048982], [33.2955832, 57.0048459], [33.2933481, 57.0049256], [33.2926894, 57.0047232], [33.2926808, 57.0043718], [33.2929638, 57.0039285], [33.2930359, 57.0035044], [33.2934409, 57.0027778], [33.2941265, 57.0021318], [33.2943563, 57.0017596], [33.2944926, 57.0013778], [33.2944926, 57.0009005], [33.2944731, 57.0004915], [33.2943757, 56.9999672], [33.2944342, 56.9995525], [33.2946919, 56.9987888], [33.2964687, 56.9972932], [33.2970341, 56.9969412], [33.2980032, 56.9967653], [33.3009915, 56.9972932], [33.3023645, 56.9972052], [33.3030914, 56.9968972], [33.3034953, 56.9964573], [33.3038183, 56.9959734], [33.3038183, 56.9950496], [33.3037671, 56.9949833], [33.3031722, 56.9942137], [33.3030727, 56.9940383], [33.3030167, 56.993858], [33.3030107, 56.9935098], [33.303253, 56.9929818], [33.3040606, 56.9926298], [33.3048683, 56.9923219], [33.3065643, 56.9920579], [33.3076435, 56.9916816], [33.3082515, 56.9913615], [33.3086642, 56.9909579], [33.3093911, 56.990386], [33.3094718, 56.98977], [33.3085027, 56.989066], [33.3079066, 56.9873901], [33.3079671, 56.9871926], [33.3080291, 56.98708], [33.3081352, 56.9870204], [33.308246, 56.9869825], [33.3083699, 56.9869638], [33.3084756, 56.9869638], [33.3085834, 56.9869713], [33.3092134, 56.9870463], [33.310439, 56.9872864], [33.312864, 56.9876579], [33.3139139, 56.9877019], [33.3141815, 56.9876773], [33.3144249, 56.9875844], [33.314674, 56.9873764], [33.3143985, 56.9865138], [33.3140754, 56.9860738], [33.3127832, 56.9849737], [33.3127832, 56.9843576], [33.3131063, 56.9838295], [33.3137524, 56.9833454], [33.3147216, 56.9830814], [33.3170637, 56.9828614], [33.3180154, 56.982573], [33.3183508, 56.9823533], [33.3185402, 56.9820396], [33.3182752, 56.9814971], [33.3181939, 56.9812137], [33.3181366, 56.9809099], [33.3181525, 56.980758], [33.3182907, 56.9806036], [33.3186017, 56.9803475], [33.3195674, 56.9792966], [33.3202943, 56.9776681], [33.3204462, 56.9772136], [33.320491, 56.9767303], [33.3205117, 56.976542], [33.3205561, 56.9764472], [33.3206425, 56.9763601], [33.320842, 56.9761536], [33.3211205, 56.9759086], [33.3220701, 56.9753065], [33.3228788, 56.974807], [33.3230403, 56.9742788], [33.3248171, 56.9733985], [33.3253389, 56.9727343], [33.3255566, 56.9724311], [33.3256361, 56.9723162], [33.3257863, 56.9722099], [33.3258912, 56.9721478], [33.3260525, 56.9720998], [33.3263603, 56.9720492], [33.3269809, 56.9719853], [33.3276602, 56.9718654], [33.3279485, 56.9718015], [33.3281676, 56.971731], [33.3283297, 56.971647], [33.328486, 56.9715351], [33.3287841, 56.9712715], [33.3293314, 56.9707814], [33.3294671, 56.9706692], [33.32961, 56.9705789], [33.3303674, 56.9702779], [33.3313565, 56.9698993], [33.3320389, 56.9693173], [33.3328129, 56.9687762], [33.3329348, 56.9686971], [33.3331145, 56.9686293], [33.3333011, 56.968586], [33.3334961, 56.9685854], [33.3340889, 56.968667], [33.3343723, 56.9686482], [33.334622, 56.9686052], [33.3348422, 56.9685389], [33.3349597, 56.9684447], [33.3351532, 56.968279], [33.3360434, 56.9673233], [33.3407278, 56.9659145], [33.3412932, 56.9654742], [33.3415508, 56.9649733], [33.3417072, 56.9647416], [33.3419553, 56.964513], [33.3421434, 56.964405], [33.3424181, 56.9643268], [33.3429085, 56.9641973], [33.3447611, 56.963911], [33.3459481, 56.9638638], [33.3461435, 56.9638691], [33.3463703, 56.9638753], [33.3466951, 56.9639074], [33.3469128, 56.96393], [33.3470379, 56.9639238], [33.3472514, 56.9638979], [33.3474415, 56.963832], [33.3476764, 56.9637416], [33.3478075, 56.9636407], [33.3479183, 56.9634308], [33.3479598, 56.9631764], [33.3479966, 56.9626122], [33.3484812, 56.9619958], [33.348562, 56.9608069], [33.3487235, 56.9603665], [33.3512272, 56.9591336], [33.3553462, 56.9583409], [33.3561284, 56.9580517], [33.3564068, 56.9579269], [33.3566394, 56.9577642], [33.3567203, 56.9576705], [33.3567494, 56.9575702], [33.3568062, 56.957359], [33.3567291, 56.9570474], [33.35661, 56.9566567], [33.3566113, 56.9566019], [33.356612, 56.9565264], [33.3566686, 56.9564142], [33.3567566, 56.956321], [33.3572038, 56.9558747], [33.3580115, 56.9555224], [33.3585768, 56.9549059], [33.3584153, 56.9542452], [33.3578083, 56.9536674], [33.3576939, 56.9535147], [33.3576743, 56.9533175], [33.3576792, 56.9531656], [33.3577692, 56.9530121], [33.3579431, 56.9528538], [33.3592527, 56.9519398], [33.360919, 56.9508979], [33.3618329, 56.9492774], [33.3619355, 56.9490962], [33.3621106, 56.9489011], [33.362263, 56.9487923], [33.3624975, 56.9486697], [33.3627516, 56.9485551], [33.3630336, 56.9484353], [33.3645668, 56.947985], [33.3653302, 56.9478665], [33.3656537, 56.9477865], [33.3658357, 56.9476983], [33.3660076, 56.9476128], [33.3660936, 56.9475631], [33.3661937, 56.9474814], [33.3662149, 56.9474391], [33.36622, 56.9473867], [33.3662036, 56.9473308], [33.3661593, 56.9472709], [33.3660936, 56.9472047], [33.3659975, 56.9471164], [33.3658726, 56.9469988], [33.3657427, 56.9468764], [33.3656677, 56.9466194], [33.3656319, 56.9464961], [33.3656533, 56.9463811], [33.3657213, 56.9462992], [33.365757, 56.9462407], [33.3658456, 56.9461847], [33.3660216, 56.9461686], [33.3662075, 56.9461627], [33.3663898, 56.9461744], [33.3665435, 56.9461959], [33.3679627, 56.9464942], [33.36812, 56.9465059], [33.3682686, 56.9464931], [33.3694464, 56.9462407], [33.3699933, 56.946151], [33.3702305, 56.9461251], [33.3703937, 56.9461159], [33.3705081, 56.9461198], [33.3707298, 56.9461452], [33.3711516, 56.9462505], [33.3719166, 56.9465078], [33.3726424, 56.9469056], [33.3729176, 56.9470167], [33.3731178, 56.9470869], [33.3733568, 56.9471538], [33.3735397, 56.9471922], [33.3737399, 56.947202], [33.3740473, 56.9471961], [33.374437, 56.9471961], [33.3746443, 56.9471805], [33.3748105, 56.9471343], [33.3755917, 56.9467925], [33.3773142, 56.9458323], [33.3773884, 56.9457466], [33.3774339, 56.945639], [33.3774137, 56.9455094], [33.3774003, 56.9454415], [33.3773645, 56.9453762], [33.3771801, 56.9452612], [33.3768712, 56.9451315], [33.376519, 56.9450321], [33.3757726, 56.9448062], [33.3755538, 56.9446606], [33.375468, 56.9445748], [33.3754567, 56.9444667], [33.3755502, 56.9441185], [33.3756539, 56.9439333], [33.3757111, 56.9438397], [33.3758226, 56.9437813], [33.3760722, 56.9437656], [33.3762258, 56.9437388], [33.3763296, 56.9437207], [33.376701, 56.9435661], [33.3769945, 56.9432683], [33.3773493, 56.9430539], [33.3781005, 56.942747], [33.3785492, 56.9423998], [33.3786738, 56.9422879], [33.3787447, 56.9422092], [33.3787813, 56.9421386], [33.3787607, 56.9420662], [33.3787251, 56.9419813], [33.3786445, 56.941884], [33.3784466, 56.9416721], [33.3783708, 56.9414962], [33.3783586, 56.9413909], [33.3783618, 56.9413014], [33.3783537, 56.9411297], [33.3784343, 56.9406884], [33.3784441, 56.9406218], [33.378427, 56.9405499], [33.378405, 56.9404885], [33.3783642, 56.940436], [33.3778754, 56.9397802], [33.3776922, 56.9395443], [33.3776482, 56.9394736], [33.3776115, 56.9393963], [33.3775847, 56.9393057], [33.3775809, 56.9392093], [33.3776164, 56.9390937], [33.3776653, 56.9389778], [33.3778266, 56.9386432], [33.3782196, 56.938029], [33.3788062, 56.9369184], [33.3787818, 56.9366674], [33.3786638, 56.9364332], [33.3785754, 56.9362134], [33.3785197, 56.9360525], [33.3784902, 56.9359703], [33.3784613, 56.9358919], [33.3784869, 56.9357987], [33.3785328, 56.9357004], [33.3787228, 56.9355789], [33.3792451, 56.9353156], [33.380273, 56.9348767], [33.3814332, 56.9338924], [33.3821104, 56.9336502], [33.3827328, 56.9335394], [33.3841792, 56.9332755], [33.3847182, 56.933096], [33.3849869, 56.932923], [33.385167, 56.9326974], [33.3852543, 56.9323744], [33.385072, 56.931868], [33.385, 56.9316731], [33.3850208, 56.9314812], [33.385249, 56.9312423], [33.3857273, 56.930883], [33.3866348, 56.93047], [33.3875619, 56.9300035], [33.3885405, 56.9295737], [33.3888462, 56.9295118], [33.3891574, 56.9294743], [33.3894556, 56.9294654], [33.3897454, 56.9295142], [33.3901862, 56.9296852], [33.3905847, 56.9298911], [33.3910576, 56.9306345], [33.3912902, 56.9309885], [33.3914377, 56.9311744], [33.3916576, 56.9313056], [33.3919782, 56.9314443], [33.3923255, 56.9315534], [33.3933608, 56.9318859], [33.3944364, 56.9321738], [33.3948777, 56.9322255], [33.3951791, 56.9322344], [33.3953593, 56.9322255], [33.3955395, 56.9322058], [33.3959294, 56.9321488], [33.3961521, 56.9320825], [33.3962537, 56.9320128], [33.3964044, 56.9318966], [33.3964555, 56.9317772], [33.3967844, 56.9310635], [33.3969187, 56.930706], [33.3968877, 56.93042], [33.3966173, 56.9300267], [33.3963191, 56.9296809], [33.3962668, 56.9295977], [33.3962733, 56.9295083], [33.3964077, 56.9292598], [33.3967123, 56.9288593], [33.3975578, 56.9280753], [33.39904, 56.9271057], [33.3993112, 56.9269234], [33.3994094, 56.9267804], [33.3994619, 56.9266124], [33.3994723, 56.9263992], [33.3993439, 56.9261725], [33.3991054, 56.925967], [33.3988852, 56.92584], [33.3986232, 56.9257542], [33.3983507, 56.9257227], [33.3982824, 56.9257148], [33.3978958, 56.9257434], [33.3966247, 56.9259044], [33.3963625, 56.9259325], [33.3961463, 56.9259043], [33.3959749, 56.9258219], [33.3958923, 56.9257606], [33.395862, 56.9256902], [33.3958645, 56.9256102], [33.3959247, 56.9255394], [33.3961146, 56.9254016], [33.3963463, 56.9253345], [33.3965038, 56.9252777], [33.3966432, 56.9252222]]}}, {"type": "Feature", "id": "way/30171650", "properties": {"name": null, "osm": "way/30171650", "natural": null, "water": null, "waterway": null, "kind": "connector"}, "geometry": {"type": "LineString", "coordinates": [[33.0243989, 57.2130273], [33.0244805, 57.2128924], [33.0243784, 57.2125717], [33.0241947, 57.2124833], [33.0241007, 57.2124125], [33.0240762, 57.2123307], [33.024162, 57.2120454], [33.0242723, 57.2116849], [33.0244969, 57.2114527], [33.0246235, 57.2113399], [33.0248072, 57.2112338], [33.0251111, 57.2113281], [33.02536, 57.2114911], [33.0260937, 57.2114194], [33.0268622, 57.2114583], [33.0274073, 57.2116191], [33.0279822, 57.2114692], [33.0284216, 57.211132], [33.0288354, 57.2111525], [33.0298276, 57.2106383], [33.0306966, 57.2105453], [33.0313462, 57.2104389], [33.0319733, 57.2103306], [33.0336528, 57.2099046], [33.0339958, 57.2098825], [33.0345267, 57.2097365], [33.035123, 57.2096436], [33.0356294, 57.2096082], [33.0363399, 57.2096038], [33.0373078, 57.2097476], [33.0377448, 57.2097166], [33.0382879, 57.2098803], [33.0386161, 57.2101022], [33.0392582, 57.2103245], [33.0395775, 57.2102184], [33.0399492, 57.2103903], [33.0398406, 57.2105374], [33.0395963, 57.2107434], [33.0395763, 57.2109325], [33.0397749, 57.2110566], [33.0395041, 57.2113555], [33.0393165, 57.2115118], [33.0390872, 57.2115159], [33.0383947, 57.2121239], [33.0381947, 57.2124471], [33.0378151, 57.2128763], [33.0364898, 57.2143771], [33.0354641, 57.2151193], [33.0342816, 57.2159464], [33.0335451, 57.2166543], [33.0332732, 57.2169712], [33.0327909, 57.2172286], [33.0320891, 57.2174836], [33.0314991, 57.2175461], [33.0309032, 57.2175124], [33.0304474, 57.2172182], [33.0301105, 57.21671], [33.0297883, 57.2163845], [33.029352, 57.2162509], [33.0282075, 57.2162564], [33.0273354, 57.2164599], [33.0262576, 57.2168644], [33.0253198, 57.2173347], [33.0240233, 57.2175518], [33.0234547, 57.2177697], [33.0219365, 57.2180224], [33.0212501, 57.2186098], [33.0205311, 57.2192684], [33.019603, 57.2199712], [33.0192812, 57.2203633], [33.0186725, 57.220828], [33.01828, 57.2213647], [33.0174886, 57.2217487], [33.0172452, 57.2221211], [33.0169302, 57.222697], [33.0169548, 57.2230321], [33.0169924, 57.2231599], [33.0171452, 57.2232964], [33.0174946, 57.2234123], [33.017679, 57.223401], [33.0177782, 57.2233661], [33.0179499, 57.2232456], [33.0181189, 57.2230742], [33.0183549, 57.2228797], [33.0186419, 57.2227795], [33.0190282, 57.2226735], [33.0191194, 57.2226618], [33.0194412, 57.2225268], [33.0197121, 57.22246], [33.0201386, 57.2224063], [33.0204846, 57.2223685], [33.020734, 57.2223177], [33.0208682, 57.2222785], [33.0209593, 57.2222233], [33.0210398, 57.2221202], [33.0210264, 57.2220491], [33.0209379, 57.2219866], [33.0209191, 57.2219431], [33.0209272, 57.221914], [33.0210398, 57.2218922], [33.0212195, 57.2219039], [33.0215494, 57.2218675], [33.022161, 57.2218588], [33.022743, 57.2219198], [33.0230434, 57.2220679], [33.0231024, 57.2222422], [33.0231507, 57.2224193], [33.0232419, 57.2225007], [33.023376, 57.2226314], [33.023435, 57.2227301], [33.0240014, 57.2237871], [33.0238177, 57.2238983], [33.0242246, 57.2244389], [33.024747, 57.2251384], [33.0254769, 57.2256747], [33.0262577, 57.2254621], [33.0276597, 57.2256207], [33.029546, 57.2259539], [33.0296004, 57.2263818], [33.0305173, 57.2260178], [33.0356121, 57.2263804], [33.0359025, 57.2269414], [33.0370578, 57.2266713], [33.0383415, 57.2269774], [33.040409, 57.2268913], [33.0428908, 57.2264255], [33.0435219, 57.2265638], [33.0440721, 57.2261915], [33.046163, 57.2254208], [33.0464566, 57.2256143], [33.0465921, 57.2260439], [33.0476475, 57.2257595], [33.0488064, 57.2258036], [33.0500852, 57.2264124], [33.0502331, 57.2266597], [33.0501795, 57.2272985], [33.0503882, 57.22783], [33.0509235, 57.2284253], [33.0509924, 57.2286073], [33.05118, 57.2289172], [33.0504799, 57.2287765], [33.0500824, 57.2285838], [33.049804, 57.2280216], [33.049385, 57.2276239], [33.0485391, 57.2272165], [33.0474002, 57.2271941], [33.0464879, 57.2273497], [33.0457281, 57.2283922], [33.045227, 57.228838], [33.0441268, 57.2293636], [33.0414832, 57.2299092], [33.0410618, 57.2301737], [33.0408963, 57.2306872], [33.039717, 57.2309925], [33.0387721, 57.2311918], [33.0383736, 57.2319611], [33.0377925, 57.232313], [33.0365405, 57.232693], [33.0349186, 57.2328948], [33.0345002, 57.2327922], [33.034888, 57.2325061], [33.0353617, 57.232473], [33.0368393, 57.2315458], [33.0355287, 57.2311717], [33.0351806, 57.2311284], [33.0346989, 57.2313832], [33.0345315, 57.2316104], [33.0347836, 57.2317149], [33.0348368, 57.2318747], [33.0346649, 57.231978], [33.0326338, 57.2325227], [33.0318011, 57.2330685], [33.0316144, 57.2337465], [33.0319405, 57.234377], [33.0313679, 57.2351458], [33.0308515, 57.235437], [33.0306959, 57.2354051], [33.0306648, 57.2352505], [33.0304715, 57.2351478], [33.0282788, 57.2355707], [33.0267316, 57.2356721], [33.0263668, 57.235736], [33.0257223, 57.2357223], [33.0249249, 57.2354507], [33.0241533, 57.2359346], [33.0228526, 57.2367058], [33.0222518, 57.2374199], [33.0221872, 57.2378046], [33.0228959, 57.2381259], [33.0237821, 57.2386676], [33.0235375, 57.239175], [33.0233252, 57.2393851], [33.0232496, 57.2390978], [33.0230677, 57.2391557], [33.0228681, 57.2394716], [33.0228848, 57.2393416], [33.022719, 57.2392457], [33.0221289, 57.2390803], [33.0211591, 57.2389547], [33.0206461, 57.2386693], [33.0200594, 57.2385105], [33.0192877, 57.2387901], [33.0188271, 57.2390553], [33.018811, 57.2390596], [33.0186196, 57.2393212], [33.0192163, 57.2396782], [33.0197736, 57.2395866], [33.0201323, 57.2395581], [33.0201334, 57.2395621], [33.020806, 57.2397561], [33.0208099, 57.2397707], [33.0209476, 57.2404499], [33.021383, 57.2406718], [33.0218788, 57.240901], [33.0227165, 57.2408149], [33.0231513, 57.2404528], [33.0242263, 57.2400307], [33.0246994, 57.2398653], [33.024767, 57.2394763], [33.0252391, 57.2394629], [33.0257055, 57.239521], [33.0267883, 57.2397219], [33.0274846, 57.2400261], [33.0283247, 57.2400731], [33.0284697, 57.2399656], [33.0284845, 57.2396249], [33.0287528, 57.2390728], [33.0284588, 57.2388812], [33.0276436, 57.2386652], [33.0277625, 57.2385647], [33.0286884, 57.2387152], [33.0304093, 57.2388952], [33.0318652, 57.2395053], [33.0322248, 57.2396405], [33.0325842, 57.2396666], [33.0332085, 57.2398745], [33.0336913, 57.2401602], [33.0343974, 57.2404736], [33.0351955, 57.2408917], [33.0372736, 57.241928], [33.0375785, 57.2420672], [33.0379159, 57.2421631], [33.0395858, 57.2423626], [33.040222, 57.2424452], [33.0411693, 57.2426925], [33.0415964, 57.2426593], [33.0417842, 57.2427638], [33.0419664, 57.2430524], [33.042711, 57.2430849], [33.0434203, 57.242909], [33.0443257, 57.2430274], [33.0451047, 57.2432718], [33.0456465, 57.2432282], [33.0465212, 57.2433618], [33.0472076, 57.2433705], [33.047658, 57.2432173], [33.0481215, 57.2435743], [33.04935, 57.2434204], [33.0504293, 57.2433966], [33.0509315, 57.2429246], [33.051027, 57.2426681], [33.0506311, 57.2423471], [33.050807, 57.2419517], [33.0513735, 57.2414298], [33.0518616, 57.2411181], [33.0525032, 57.240656], [33.0531587, 57.2404464], [33.0538883, 57.2405863], [33.0545728, 57.2406322], [33.0552198, 57.2410879], [33.0556403, 57.2412626], [33.0559668, 57.2416849], [33.0556092, 57.2423372], [33.0550266, 57.2430321], [33.054561, 57.2434564], [33.0548657, 57.2437354], [33.0557723, 57.2437159], [33.0568141, 57.2438663], [33.057417, 57.2440097], [33.0583794, 57.2439661], [33.0597302, 57.2438314], [33.0601561, 57.2434164], [33.0598278, 57.2428893], [33.0601711, 57.2425845], [33.0607837, 57.2424754], [33.061362, 57.242051], [33.0621377, 57.242426], [33.0624285, 57.2428179], [33.0629842, 57.2430779], [33.062495, 57.2436416], [33.0617643, 57.2438314], [33.0609844, 57.244308], [33.0601497, 57.2447736], [33.0592613, 57.2454603], [33.0587292, 57.2462857], [33.0589255, 57.2468122], [33.0583815, 57.2473038], [33.0579352, 57.2481385], [33.057844, 57.2493115], [33.0580598, 57.2494276], [33.0580468, 57.2499233], [33.0581993, 57.2500225], [33.0582543, 57.2501362], [33.0583146, 57.2503185], [33.0583146, 57.2504679], [33.0585324, 57.250505], [33.0590993, 57.2505971], [33.0595079, 57.2506506], [33.0597774, 57.2507854], [33.0597741, 57.250897], [33.059597, 57.2509354], [33.0592806, 57.2508403], [33.0587474, 57.250726], [33.0585157, 57.2508786], [33.0581144, 57.251383], [33.0582024, 57.2519227], [33.0578618, 57.2521114], [33.0577142, 57.2521932], [33.0577196, 57.2526139], [33.0585258, 57.2530184], [33.0589392, 57.2530564], [33.0595918, 57.2531165], [33.061141, 57.253106], [33.0626087, 57.2531426], [33.0632449, 57.2537636], [33.0631173, 57.254337], [33.0631816, 57.2553827], [33.0633469, 57.2563919], [33.0635121, 57.2570784], [33.0635861, 57.2575182], [33.0645056, 57.2576453], [33.0649991, 57.2579859], [33.0651826, 57.2582302], [33.0650023, 57.2584809], [33.0652673, 57.2597645], [33.065704, 57.2607596], [33.065336, 57.2611106], [33.0642524, 57.2618829], [33.0639766, 57.2629487], [33.0645184, 57.263732], [33.0645454, 57.2639611], [33.0647385, 57.264344], [33.0652964, 57.2647327], [33.0643952, 57.2655334], [33.0639231, 57.2659975], [33.0633867, 57.2660845], [33.0627322, 57.2664094], [33.0622709, 57.2665312], [33.0619705, 57.2666241], [33.0616915, 57.2670301], [33.0616164, 57.2672506], [33.0619383, 57.2676277], [33.0626249, 57.2680976], [33.062818, 57.268347], [33.0631184, 57.2687647], [33.0631828, 57.2691012], [33.0634403, 57.2694956], [33.0640411, 57.2698321], [33.0644059, 57.2699945], [33.0652427, 57.2702382], [33.0664229, 57.2704586], [33.0672169, 57.2706558], [33.0678177, 57.2703426], [33.0690408, 57.2702382], [33.0702638, 57.2702382], [33.0707359, 57.2701221], [33.0713367, 57.2696581], [33.0716371, 57.2692752], [33.0720877, 57.2687531], [33.0726027, 57.2680106], [33.0727529, 57.2674188], [33.073225, 57.2666067], [33.0730533, 57.2663398], [33.0725384, 57.2661193], [33.0722594, 57.2661773], [33.0721521, 57.2666067], [33.0720877, 57.2669779], [33.0717444, 57.2671172], [33.0714655, 57.267152], [33.0707359, 57.2671752], [33.0702424, 57.2672448], [33.0687189, 57.2674885], [33.0676675, 57.2676161], [33.0670452, 57.2676741], [33.0668092, 57.2675465], [33.0662727, 57.2670708], [33.0659079, 57.2664326], [33.0664873, 57.2661077], [33.0673671, 57.2657596], [33.0685472, 57.265458], [33.0692768, 57.2652259], [33.070457, 57.2654696], [33.0711436, 57.2654696], [33.0725384, 57.2656784], [33.0740618, 57.2653303], [33.075757, 57.2651215], [33.0769586, 57.2651795], [33.0774522, 57.2659221], [33.0771732, 57.2665138], [33.0779671, 57.2669779], [33.078804, 57.267326], [33.0794048, 57.2674653], [33.0807566, 57.2672216], [33.0810356, 57.2669547], [33.0811, 57.2665138], [33.081851, 57.2658293], [33.0822587, 57.2652143], [33.0825805, 57.2646225], [33.0838465, 57.2639727], [33.0853271, 57.263642], [33.0858958, 57.2633403], [33.0861211, 57.2631546], [33.0860889, 57.2630386], [33.0858743, 57.2629052], [33.0854773, 57.2627601], [33.0850053, 57.2626731], [33.0847156, 57.2625744], [33.0844796, 57.262383], [33.0842864, 57.2619826], [33.0844366, 57.2616461], [33.0845761, 57.2613734], [33.0848765, 57.2611993], [33.0850267, 57.2612458], [33.0853593, 57.2619594], [33.0857992, 57.2622959], [33.0862713, 57.2625454], [33.0864859, 57.2626441], [33.0869257, 57.262586], [33.0875909, 57.262354], [33.0881488, 57.2622379], [33.088696, 57.2621741], [33.0891788, 57.2620987], [33.0900371, 57.2620871], [33.0906486, 57.2621393], [33.0908739, 57.2622437], [33.0911422, 57.2624294], [33.0913031, 57.262586], [33.0913567, 57.2627949], [33.0912709, 57.262969], [33.0910778, 57.2631372], [33.0909598, 57.2632765], [33.0909705, 57.2634854], [33.0910778, 57.2637522], [33.0914318, 57.2640017], [33.0923438, 57.2643614], [33.0927086, 57.2643962], [33.0934811, 57.2642628], [33.0942213, 57.2642222], [33.0945754, 57.2642628], [33.09479, 57.2643962], [33.094672, 57.2646341], [33.0937385, 57.2651331], [33.0933952, 57.2652317], [33.0928802, 57.2652027], [33.0925155, 57.2652433], [33.0923116, 57.2653651], [33.0921185, 57.2654986], [33.0920005, 57.2656494], [33.0920327, 57.2658351], [33.0921078, 57.2661483], [33.0921078, 57.2663456], [33.0923009, 57.2667169], [33.0925369, 57.2669489], [33.0931806, 57.2672274], [33.0937171, 57.2673434], [33.0943179, 57.2671462], [33.0944788, 57.2668503], [33.0946612, 57.2665776], [33.0948651, 57.266421], [33.0953371, 57.266305], [33.0965388, 57.2662644], [33.097204, 57.2661947], [33.0979121, 57.2661483], [33.0984056, 57.2661773], [33.0994892, 57.2663514], [33.1016886, 57.2668387], [33.1019783, 57.2667865], [33.102504, 57.2666415], [33.1031799, 57.2663166], [33.104285, 57.2654696], [33.1046605, 57.2653419], [33.1050467, 57.2653187], [33.1056046, 57.2653361], [33.1061196, 57.2653767], [33.1064629, 57.2654173], [33.1070208, 57.2655044], [33.107568, 57.2657364], [33.1083941, 57.2660497], [33.1097031, 57.2662934], [33.1101107, 57.2664384], [33.110733, 57.2666473], [33.111248, 57.2667227], [33.111645, 57.2668387], [33.1124282, 57.2671346], [33.1128251, 57.267326], [33.1134152, 57.2677031], [33.1137425, 57.2679264], [33.1138444, 57.2682049], [33.1139141, 57.2684224], [33.114118, 57.2687125], [33.1141287, 57.2688198], [33.1137264, 57.2689184], [33.113426, 57.2691244], [33.1123853, 57.2698379], [33.1116879, 57.2703484], [33.1113231, 57.2708356], [33.1111514, 57.2711489], [33.1106794, 57.2714621], [33.1103468, 57.2716825], [33.1094134, 57.2719436], [33.1086087, 57.2721118], [33.1078255, 57.2728774], [33.1076109, 57.2730631], [33.1069994, 57.2734401], [33.106184, 57.2737417], [33.1052291, 57.2740027], [33.1042635, 57.2741593], [33.1033194, 57.2742289], [33.1027991, 57.2742695], [33.1025737, 57.2742231], [33.1022733, 57.2740694], [33.1019461, 57.2740868], [33.1012487, 57.274052], [33.1003475, 57.2739679], [33.0996609, 57.2739418], [33.0982017, 57.2736895], [33.0973917, 57.2735706], [33.0955785, 57.2736054], [33.0949938, 57.2735996], [33.0932826, 57.2738461], [33.092258, 57.2740752], [33.0918235, 57.2742521], [33.0916732, 57.2743014], [33.0915874, 57.274342], [33.091507, 57.2744319], [33.0914211, 57.2744783], [33.0913407, 57.2744754], [33.0912119, 57.2745421], [33.0911475, 57.2746175], [33.0911261, 57.2747016], [33.0911261, 57.2747828], [33.0910832, 57.2748147], [33.0909383, 57.2747857], [33.0908149, 57.2747625], [33.0905735, 57.2749104], [33.0902141, 57.2751279], [33.0899942, 57.2754005], [33.0898333, 57.2756006], [33.0898011, 57.2756702], [33.0898976, 57.2757949], [33.0899513, 57.27585], [33.0900317, 57.2759863], [33.0902517, 57.276053], [33.0907506, 57.2762676], [33.0909544, 57.2763314], [33.0910778, 57.2764474], [33.0909812, 57.2765895], [33.0907345, 57.2768766], [33.0905843, 57.2769868], [33.0903965, 57.277039], [33.0901229, 57.2769723], [33.0899942, 57.2770071], [33.0897528, 57.2771492], [33.0895221, 57.2773435], [33.0895221, 57.2774363], [33.0895328, 57.2775407], [33.0893451, 57.2779815], [33.0892271, 57.2780684], [33.089093, 57.2782308], [33.0889589, 57.2783932], [33.0887979, 57.2785527], [33.0887604, 57.2787296], [33.0892646, 57.2797822], [33.0893665, 57.279933], [33.0895221, 57.2800867], [33.0895758, 57.2802548], [33.0896777, 57.2805274], [33.0897367, 57.2807072], [33.089726, 57.2808435], [33.0898654, 57.2810319], [33.0901766, 57.2813393], [33.0900907, 57.2815712], [33.0900478, 57.2817133], [33.0900532, 57.2817916], [33.0902249, 57.2819424], [33.0904126, 57.2821106], [33.0903697, 57.2825281], [33.0903482, 57.2827484], [33.0905628, 57.2830442], [33.090713, 57.2832645], [33.0907345, 57.2834443], [33.0906701, 57.2835429], [33.0903482, 57.2836936], [33.088578, 57.283827], [33.0874193, 57.2838734], [33.0862176, 57.2840126], [33.085767, 57.2840995], [33.0853486, 57.2840937], [33.0850911, 57.2839488], [33.0848229, 57.2838096], [33.0842543, 57.2838618], [33.0833852, 57.2837632], [33.082248, 57.2836414], [33.0816042, 57.2836762], [33.0811965, 57.2838212], [33.0805957, 57.2840532], [33.079716, 57.2844185], [33.0785894, 57.2848476], [33.0770552, 57.2849461], [33.0758536, 57.2851897], [33.0736864, 57.2855434], [33.0717873, 57.2860304], [33.0704806, 57.2867039], [33.0645187, 57.2888842], [33.0616105, 57.2899845], [33.0609145, 57.2908129], [33.0607422, 57.2910178], [33.0634887, 57.2922237], [33.0661822, 57.2934554], [33.0676567, 57.2939965], [33.069515, 57.2956099], [33.0709741, 57.2978011], [33.070178, 57.2982571], [33.0702209, 57.298744], [33.069515, 57.2997834], [33.0686974, 57.3005872], [33.068721, 57.3020091], [33.0683541, 57.3032881], [33.0675173, 57.3043197], [33.0674743, 57.3048529], [33.0669916, 57.3052875], [33.0667469, 57.3062631], [33.0674228, 57.306999], [33.0670237, 57.3077157], [33.0688283, 57.3110033], [33.0704892, 57.3127685], [33.0701909, 57.3131761], [33.0710578, 57.3137303], [33.0710792, 57.314217], [33.0706394, 57.3145125], [33.0706072, 57.3148891], [33.070729, 57.3152094], [33.0696309, 57.3143271], [33.0686234, 57.3138107], [33.0664658, 57.3134117], [33.0645883, 57.3133595], [33.0633545, 57.3130177], [33.0611572, 57.3123928], [33.0622923, 57.3117603], [33.0625734, 57.3110079], [33.0622698, 57.3101719], [33.0625841, 57.3084757], [33.0622709, 57.3076809], [33.0615628, 57.3066842], [33.0608461, 57.3065344], [33.0603075, 57.3061887], [33.0600629, 57.3058419], [33.060567, 57.3046915], [33.0607313, 57.3039813], [33.0607782, 57.3032711], [33.0606374, 57.3026624], [33.0601681, 57.3016858], [33.0593704, 57.3012568], [33.0582992, 57.3008401], [33.0578605, 57.3007379], [33.0566487, 57.3004557], [33.0558979, 57.3000498], [33.0554287, 57.2995299], [33.0550063, 57.2988831], [33.0544432, 57.2984265], [33.0538566, 57.298287], [33.053317, 57.2983124], [33.0526835, 57.2982237], [33.0520031, 57.2982616], [33.0505718, 57.2984012], [33.0501964, 57.2985533], [33.0500791, 57.2989211], [33.0502434, 57.2992255], [33.0505952, 57.2993524], [33.0508065, 57.2995933], [33.0509003, 57.300202], [33.0508299, 57.3005064], [33.050431, 57.3006967], [33.0500791, 57.3007347], [33.0494925, 57.3006586], [33.0490467, 57.3003796], [33.0487886, 57.3000372], [33.0486948, 57.2995172], [33.0486479, 57.2989972], [33.0485071, 57.2983758], [33.0480378, 57.2981729], [33.0479674, 57.297729], [33.0476624, 57.2973739], [33.0470289, 57.2971964], [33.0465362, 57.2971203], [33.0459791, 57.2969301], [33.0455869, 57.2968156], [33.0452933, 57.2968062], [33.0450345, 57.2967652], [33.0444949, 57.296651], [33.0437675, 57.2964609], [33.0429933, 57.2961438], [33.0425709, 57.2958267], [33.0424067, 57.295535], [33.0423832, 57.2951799], [33.0420782, 57.2949644], [33.0416089, 57.2948248], [33.0404593, 57.2948882], [33.0398727, 57.2947614], [33.0394738, 57.2946346], [33.0391688, 57.294381], [33.0388638, 57.2943556], [33.0386057, 57.2945458], [33.0382537, 57.2949516], [33.0379018, 57.2955731], [33.0372214, 57.2962832], [33.0366817, 57.2963467], [33.0363064, 57.2965369], [33.0363532, 57.2967145], [33.0365879, 57.296892], [33.0367756, 57.2968286], [33.037151, 57.2967779], [33.0375499, 57.296854], [33.0377141, 57.2972344], [33.0378784, 57.2977036], [33.0378314, 57.2980968], [33.0377141, 57.2982363], [33.0375499, 57.2981983], [33.0371041, 57.2977924], [33.0367521, 57.2976149], [33.0362829, 57.2975388], [33.0360248, 57.2973993], [33.0359779, 57.297095], [33.0357901, 57.2968793], [33.0354147, 57.2968666], [33.0351331, 57.2967272], [33.0349689, 57.2965877], [33.034922, 57.2960296], [33.0348751, 57.2958014], [33.0345935, 57.2956618], [33.0344528, 57.2954716], [33.0345935, 57.295256], [33.0344763, 57.2950277], [33.0342181, 57.2947741], [33.0342181, 57.2940386], [33.0345466, 57.293861], [33.0347813, 57.2935313], [33.0346639, 57.2931508], [33.0345231, 57.2928464], [33.0347343, 57.2917051], [33.0347578, 57.290868], [33.0344528, 57.2897267], [33.0344996, 57.2882428], [33.0341243, 57.2871902], [33.03335, 57.2863025], [33.0324115, 57.2856557], [33.0313087, 57.2851864], [33.0302529, 57.2849963], [33.0294317, 57.2848948], [33.0281412, 57.284844], [33.0269211, 57.2845904], [33.0264518, 57.2843875], [33.026385, 57.2843424], [33.0259826, 57.2840705], [33.0249081, 57.2837933], [33.0238302, 57.2839626], [33.022887, 57.2837085], [33.020032, 57.2833705], [33.020237, 57.2831895], [33.0197415, 57.2830812], [33.0186387, 57.2830432], [33.0174421, 57.2830939], [33.0166209, 57.2832715], [33.0159639, 57.2835124], [33.0154712, 57.283766], [33.0152366, 57.2844129], [33.0149785, 57.2846539], [33.0144388, 57.2849836], [33.0142046, 57.2851132], [33.01343, 57.2855416], [33.0120456, 57.2863532], [33.011201, 57.2868859], [33.0104032, 57.2876722], [33.0099809, 57.2882682], [33.0100278, 57.2885852], [33.0101451, 57.2889784], [33.0105205, 57.2893969], [33.0106613, 57.2899042], [33.0105909, 57.2902973], [33.0104736, 57.2903101], [33.0104032, 57.28979], [33.0102624, 57.2894603], [33.009934, 57.2892321], [33.0096055, 57.2889404], [33.0095116, 57.2885092], [33.0088078, 57.2876341], [33.0081273, 57.2871395], [33.0073061, 57.287], [33.0065553, 57.286683], [33.0058749, 57.2863025], [33.0053587, 57.285922], [33.0044436, 57.2849328], [33.0035989, 57.284489], [33.0029419, 57.2843368], [33.0023319, 57.2838929], [33.0021208, 57.2834364], [33.0021912, 57.2831066], [33.0020504, 57.2828276], [33.0017219, 57.2828276], [33.0012996, 57.2828657], [33.0007834, 57.2827008], [33.0006192, 57.2824472], [33.0002672, 57.2822189], [32.9998683, 57.2821555], [32.9992817, 57.2823964], [32.998789, 57.2824091], [32.9983902, 57.2822569], [32.9980147, 57.2819399], [32.9971701, 57.2817243], [32.9963958, 57.2813819], [32.9959265, 57.2808873], [32.9949411, 57.2806717], [32.9938853, 57.280659], [32.993111, 57.2807097], [32.9927122, 57.2807858], [32.9923367, 57.2806209], [32.9918674, 57.2806083], [32.9908351, 57.280697], [32.9900608, 57.2811155], [32.9889816, 57.2817877], [32.9882542, 57.2819906], [32.9869872, 57.2821935], [32.9853682, 57.2822189], [32.9843593, 57.2821048], [32.9839605, 57.2819652], [32.9837493, 57.2817877], [32.9837024, 57.2815594], [32.9837258, 57.2808492], [32.9842655, 57.2806209], [32.9865179, 57.2799107], [32.9872452, 57.2795303], [32.9875972, 57.2791752], [32.9876441, 57.2786932], [32.9875737, 57.2782494], [32.9872452, 57.277907], [32.9867056, 57.2776026], [32.986119, 57.2774251], [32.9855325, 57.2773363], [32.9837727, 57.2773489], [32.9832331, 57.2773109], [32.9827873, 57.2771081], [32.9825058, 57.2766768], [32.982623, 57.2764232], [32.9828811, 57.2761695], [32.98328, 57.2759793], [32.9838666, 57.27551], [32.9843593, 57.2750535], [32.9846409, 57.2745589], [32.9846878, 57.2740896], [32.984547, 57.2737092], [32.9831158, 57.2717308], [32.9829046, 57.2713123], [32.9825996, 57.2710713], [32.9822711, 57.2709826], [32.9819661, 57.2709572], [32.9815907, 57.270767], [32.9821773, 57.2706528], [32.9824823, 57.2704753], [32.9825292, 57.2700822], [32.9823884, 57.269727], [32.9821538, 57.2694607], [32.9817315, 57.2693846], [32.9814499, 57.26941], [32.9813091, 57.2695368], [32.9810745, 57.2696637], [32.9805583, 57.2697144], [32.9796198, 57.2697398], [32.9789394, 57.2696256], [32.9782589, 57.269613], [32.9779774, 57.2694988], [32.9775316, 57.2691944], [32.9769451, 57.2688647], [32.9764758, 57.2687505], [32.9753965, 57.268852], [32.9749976, 57.2688266], [32.9742937, 57.2687251], [32.974153, 57.2685223], [32.974458, 57.2684842], [32.9746222, 57.2683701], [32.974763, 57.2681672], [32.9750915, 57.2679262], [32.9757953, 57.2679135], [32.9762881, 57.267736], [32.9765227, 57.2674824], [32.9764288, 57.2672921], [32.9765696, 57.2670385], [32.9768512, 57.2668609], [32.9773439, 57.2666199], [32.9775081, 57.266417], [32.9776019, 57.2661], [32.9777897, 57.2659859], [32.9778836, 57.2657068], [32.9777662, 57.2656054], [32.9778366, 57.265263], [32.9775785, 57.2648571], [32.9771562, 57.264667], [32.9769684, 57.2645528], [32.9769451, 57.264426], [32.9771562, 57.2643753], [32.9780947, 57.2644006], [32.9784936, 57.2644767], [32.979784, 57.2650981], [32.9803237, 57.2651742], [32.9812388, 57.2651362], [32.9819661, 57.2646542], [32.9822007, 57.264426], [32.9822711, 57.2640962], [32.9823884, 57.2638807], [32.9829985, 57.263906], [32.98328, 57.2639694], [32.983585, 57.2642738], [32.9841012, 57.2643499], [32.9846409, 57.2642864], [32.9851336, 57.2640836], [32.9853682, 57.2637919], [32.9854386, 57.2635636], [32.9856967, 57.2635636], [32.9857202, 57.2629675], [32.9859314, 57.26279], [32.9864006, 57.2626758], [32.9866117, 57.2623842], [32.9868464, 57.2620037], [32.9870341, 57.2617754], [32.9875268, 57.2618134], [32.9879257, 57.2617247], [32.9884418, 57.2614964], [32.9893569, 57.2610145], [32.9900843, 57.2605833], [32.9905536, 57.2601774], [32.9906943, 57.259797], [32.9906474, 57.2592897], [32.9903189, 57.2589093], [32.9899435, 57.2585415], [32.9894038, 57.2583132], [32.9889111, 57.2582498], [32.9886296, 57.2580722], [32.9885357, 57.2577425], [32.9884852, 57.2576363], [32.9883246, 57.2572987], [32.9879257, 57.2571211], [32.9868933, 57.2572859], [32.9864475, 57.257083], [32.9860252, 57.2569435], [32.9852744, 57.2570704], [32.9847347, 57.2572226], [32.9843828, 57.2571591], [32.9840543, 57.2569435], [32.9839839, 57.2566899], [32.9841716, 57.2564743], [32.9847582, 57.2560432], [32.9849929, 57.2557261], [32.9849929, 57.2552949], [32.9848755, 57.2550666], [32.9843593, 57.2550793], [32.9841716, 57.2549271], [32.9843359, 57.2547242], [32.9844766, 57.2544579], [32.984242, 57.2538491], [32.9842655, 57.2535702], [32.9846409, 57.2534813], [32.9879022, 57.252974], [32.9888407, 57.2524541], [32.9893804, 57.2524034], [32.9899669, 57.2522766], [32.9902954, 57.2519849], [32.9903893, 57.2516805], [32.9903189, 57.2514903], [32.9900373, 57.2514268], [32.9897088, 57.2513254], [32.9895446, 57.2511605], [32.9894742, 57.2508435], [32.9896619, 57.2504884], [32.9901062, 57.2499237], [32.9907325, 57.2496065], [32.9911258, 57.2495987], [32.9913408, 57.249709], [32.9912809, 57.2498036], [32.9912445, 57.2499688], [32.9916072, 57.2499914], [32.9918433, 57.2496393], [32.9919094, 57.2494242], [32.991982, 57.2489394], [32.9919482, 57.2481705], [32.9925811, 57.2480051], [32.9932802, 57.2482013], [32.9937828, 57.2482388], [32.9952155, 57.2479295], [32.9957418, 57.2476975], [32.9957159, 57.2470178], [32.996446, 57.2467648], [32.9971565, 57.2464205], [32.9980795, 57.2462105], [32.9992049, 57.2462792], [33.0005938, 57.2460843], [33.0013531, 57.2457429], [33.0019301, 57.2452394], [33.0026126, 57.244279], [33.0034464, 57.24371], [33.0051855, 57.2435967], [33.0055922, 57.2434913], [33.0057787, 57.2430646], [33.0062366, 57.2427126], [33.0066495, 57.2425906], [33.0067101, 57.2424001], [33.003153, 57.2410818], [33.0034787, 57.2409191], [33.0047199, 57.2411974], [33.0066696, 57.2404812], [33.0075333, 57.2401161], [33.0083444, 57.2399587], [33.0089388, 57.2400423], [33.0093336, 57.2403372], [33.0101007, 57.2403593], [33.0104093, 57.2405036], [33.0107944, 57.2405057], [33.0116184, 57.2401366], [33.0122111, 57.2399123], [33.0122311, 57.2397883], [33.0123547, 57.23963], [33.0126809, 57.2394424], [33.0132711, 57.2393364], [33.013371, 57.2389969], [33.0132921, 57.2387848], [33.0141775, 57.2395516], [33.0142296, 57.2397959], [33.0138318, 57.2400303], [33.0137936, 57.2403158], [33.0145006, 57.2403343], [33.0147059, 57.2402274], [33.0147575, 57.240006], [33.0148596, 57.2398155], [33.0151604, 57.2396487], [33.0157278, 57.2394677], [33.0159513, 57.2392615], [33.0159155, 57.239132], [33.0155456, 57.238855], [33.0155661, 57.2387265], [33.0159259, 57.2384957], [33.0162607, 57.2379422], [33.0166176, 57.2377744], [33.0163667, 57.2373858], [33.0157623, 57.2375574], [33.015242, 57.2374187], [33.0148909, 57.2369744], [33.0146198, 57.2366118], [33.0148124, 57.2364738], [33.0143434, 57.2358547], [33.0137549, 57.2354888], [33.0133714, 57.2352739], [33.0132265, 57.2351476], [33.0131836, 57.2349793], [33.0132212, 57.2347586], [33.0133365, 57.2346265], [33.0135699, 57.2344727], [33.0137201, 57.2344276], [33.0138864, 57.234403], [33.0139802, 57.2343885], [33.0140178, 57.234358], [33.0140339, 57.2343115], [33.0140392, 57.2341751], [33.0140312, 57.2339588], [33.01405, 57.2337425], [33.0140419, 57.2336641], [33.0139883, 57.2334826], [33.0140044, 57.233442], [33.0140688, 57.2333767], [33.0141814, 57.2333142], [33.014278, 57.2333026], [33.0143128, 57.2333418], [33.0142994, 57.2334115], [33.0142726, 57.2334623], [33.0142887, 57.2335276], [33.0143155, 57.2335581], [33.0143584, 57.2335436], [33.0144201, 57.2335233], [33.0144791, 57.2335247], [33.0146454, 57.2335552], [33.0147849, 57.2335668], [33.0148761, 57.2335639], [33.0149136, 57.2335363], [33.0149378, 57.2335044], [33.0149807, 57.2334696], [33.0150263, 57.233458], [33.0150692, 57.2334507], [33.0151604, 57.2334289], [33.0152114, 57.2333709], [33.0152141, 57.2333084], [33.0151926, 57.2332518], [33.0152599, 57.2331771], [33.0153589, 57.233127], [33.0153643, 57.2330704], [33.0153616, 57.2330181], [33.0152828, 57.232962], [33.0152301, 57.2329644], [33.015155, 57.2329412], [33.0151282, 57.2328962], [33.0150826, 57.2328424], [33.0149566, 57.2327568], [33.0147688, 57.2326784], [33.014691, 57.2326726], [33.0145837, 57.2326886], [33.014522, 57.2327132], [33.0144738, 57.2327539], [33.014455, 57.2328337], [33.0144067, 57.2329165], [33.0142646, 57.2329833], [33.014168, 57.2330239], [33.0140688, 57.2330617], [33.0138944, 57.2331008], [33.0137522, 57.2331371], [33.0136262, 57.2331444], [33.0135323, 57.2331299], [33.0134465, 57.2330979], [33.0132802, 57.2330094], [33.0130307, 57.2328933], [33.0129637, 57.2328308], [33.0128993, 57.2327568], [33.012851, 57.2326813], [33.0127732, 57.2326421], [33.0125989, 57.2326552], [33.0125104, 57.2327147], [33.0124299, 57.23278], [33.0123163, 57.2327871], [33.0121526, 57.2326956], [33.0119944, 57.2325882], [33.0119193, 57.2325229], [33.0119032, 57.2324503], [33.0118737, 57.2322964], [33.011863, 57.2321948], [33.0119005, 57.2321469], [33.0118791, 57.232025], [33.0118898, 57.2319727], [33.0119086, 57.2319059], [33.0119568, 57.2317724], [33.0120132, 57.2317186], [33.0120668, 57.2316882], [33.0121687, 57.231649], [33.0122331, 57.2316054], [33.012268, 57.2315386], [33.0123029, 57.2313586], [33.0123163, 57.2312047], [33.0123136, 57.2309942], [33.0122304, 57.2308244], [33.0121956, 57.2307663], [33.01215, 57.2307126], [33.0120722, 57.2306618], [33.0119515, 57.2306182], [33.0116859, 57.2305805], [33.0116538, 57.2305514], [33.0116511, 57.2305122], [33.0116833, 57.2304876], [33.011753, 57.2304498], [33.011753, 57.2303787], [33.0117959, 57.2303119], [33.0119112, 57.2301914], [33.0121661, 57.2300607], [33.0124477, 57.229933], [33.012563, 57.2298923], [33.0127883, 57.2297762], [33.0129359, 57.2297283], [33.0131021, 57.2296078], [33.0132443, 57.2295366], [33.0133275, 57.229541], [33.0133757, 57.2295468], [33.0135715, 57.2296092], [33.0139229, 57.2296717], [33.013998, 57.2297167], [33.0140061, 57.2297791], [33.0140195, 57.2298197], [33.0140677, 57.2298502], [33.0141482, 57.229856], [33.0142045, 57.2298285], [33.0143547, 57.2297631], [33.014454, 57.2297225], [33.0146954, 57.2295381], [33.0148778, 57.2294495], [33.0149529, 57.2293726], [33.0151433, 57.229133], [33.015256, 57.2290256], [33.015374, 57.2289646], [33.0155403, 57.2289298], [33.0157763, 57.2289124], [33.0159346, 57.2289138], [33.0160123, 57.2288949], [33.0160714, 57.2288543], [33.0161545, 57.2288267], [33.0162403, 57.2287889], [33.0164764, 57.2285784], [33.016581, 57.2284826], [33.0167473, 57.2282576], [33.0169431, 57.2280848], [33.0171174, 57.2279861], [33.0173803, 57.2278946], [33.0175171, 57.2278249], [33.0177638, 57.2277393], [33.0180911, 57.2276681], [33.0182547, 57.2276507], [33.0185631, 57.2275418], [33.0186221, 57.227504], [33.0186731, 57.2275142], [33.0187106, 57.2275128], [33.0187643, 57.2274924], [33.018995, 57.2274402], [33.0193517, 57.2273879], [33.0195609, 57.2273806], [33.0201403, 57.227385], [33.0202341, 57.2273922], [33.0204541, 57.2273603], [33.020548, 57.2273356], [33.0205801, 57.2273022], [33.0206016, 57.2272456], [33.0208779, 57.2271338], [33.0211139, 57.2270975], [33.0212668, 57.2270365], [33.0215994, 57.2269059], [33.0217925, 57.2268913], [33.022109, 57.2269001], [33.0223799, 57.226916], [33.0225113, 57.2269088], [33.0227661, 57.2268304], [33.0229003, 57.2268144], [33.0230424, 57.2268173], [33.0232141, 57.2268028], [33.0234421, 57.2267737], [33.0236164, 57.2267273], [33.0239436, 57.2265559], [33.0241529, 57.2264441], [33.0242253, 57.2263672], [33.0242306, 57.2262728], [33.0242306, 57.2261334], [33.0241636, 57.2259969], [33.0238122, 57.2257864], [33.0234206, 57.2256891], [33.0229164, 57.2256775], [33.0224014, 57.2256819], [33.0222136, 57.2257037], [33.0218408, 57.2258953], [33.0215645, 57.226042], [33.0215136, 57.2260463], [33.0213204, 57.2259969], [33.0212266, 57.2259403], [33.0210656, 57.2258184], [33.0206606, 57.225586], [33.0204729, 57.225541], [33.0200705, 57.2255497], [33.0196414, 57.2255526], [33.019282, 57.2256194], [33.0183888, 57.225859], [33.0177692, 57.2260173], [33.0169833, 57.2261697], [33.0166132, 57.2263077], [33.016353, 57.226463], [33.0160097, 57.226736], [33.0158434, 57.2269262], [33.0156583, 57.2271948], [33.0154115, 57.2274721], [33.0152881, 57.2276057], [33.0151701, 57.2277175], [33.0151433, 57.2277872], [33.0151527, 57.2280045], [33.0151648, 57.2281414]]}}, {"type": "Feature", "id": "way/31057309", "properties": {"name": "остров Фомичев", "osm": "way/31057309", "natural": null, "water": null, "waterway": null, "kind": "connector"}, "geometry": {"type": "LineString", "coordinates": [[33.0917367, 57.1730409], [33.0919871, 57.1729367], [33.0920971, 57.1728436], [33.0922825, 57.1727281], [33.0925642, 57.1726984], [33.092839, 57.1727133], [33.093107, 57.1725866], [33.093526, 57.1725121], [33.0937459, 57.1725084], [33.0939176, 57.1724265], [33.0942474, 57.1723259], [33.0943161, 57.1722254], [33.094584, 57.1721211], [33.0947626, 57.1720689], [33.0951061, 57.1720205], [33.0954771, 57.1719274], [33.0956283, 57.1718417], [33.0956764, 57.1717039], [33.0960061, 57.171663], [33.0961779, 57.1715103], [33.0963909, 57.1714842], [33.0965626, 57.1715214], [33.0968924, 57.1717337], [33.0973114, 57.1719423], [33.0974695, 57.172203], [33.0976206, 57.1723259], [33.0978679, 57.1723967], [33.0979023, 57.172501], [33.0979091, 57.1726723], [33.097813, 57.1728399], [33.0976756, 57.173], [33.0975313, 57.1733352], [33.0974214, 57.1735438], [33.0974763, 57.1737747], [33.0973595, 57.1740316], [33.0973664, 57.1742439], [33.0970092, 57.1745903], [33.0970435, 57.1747057], [33.0969611, 57.1748696], [33.0966519, 57.174918], [33.0964321, 57.1750632], [33.096068, 57.1750372], [33.0956145, 57.1749478], [33.0954703, 57.1747504], [33.0952916, 57.1746796], [33.0951336, 57.1745493], [33.0950512, 57.1742998], [33.095168, 57.1741247], [33.0954153, 57.1739832], [33.0953236, 57.1737522], [33.0949756, 57.1736071], [33.0945497, 57.1735177], [33.09411, 57.1735363], [33.0938764, 57.1736965], [33.0934092, 57.1738231], [33.0929421, 57.1739013], [33.0924406, 57.1739758], [33.0922413, 57.1742043], [33.0920191, 57.1742931], [33.0918057, 57.1744213], [33.0916015, 57.1744369], [33.0916849, 57.1740354], [33.0918085, 57.1738678], [33.0918223, 57.1735959], [33.0917192, 57.1734097], [33.0917148, 57.1732154], [33.0916613, 57.1731588], [33.0917367, 57.1730409]]}}, {"type": "Feature", "id": "way/32486887", "properties": {"name": "Святица", "osm": "way/32486887", "natural": "water", "water": null, "waterway": null, "kind": "area"}, "geometry": {"type": "Polygon", "coordinates": [[[33.0762147, 57.2441365], [33.0764615, 57.2442619], [33.0768091, 57.244377], [33.0770924, 57.2446988], [33.0773547, 57.2448548], [33.0779638, 57.2449725], [33.078349, 57.2449651], [33.0786016, 57.2450341], [33.0792073, 57.2454646], [33.0796828, 57.2457182], [33.0803263, 57.2459397], [33.0804982, 57.2460468], [33.0810792, 57.2462329], [33.0813895, 57.2465032], [33.0815612, 57.2467907], [33.0820518, 57.2471496], [33.0824525, 57.2475237], [33.0827929, 57.2477412], [33.0832647, 57.2478684], [33.0834406, 57.2478732], [33.0837405, 57.2477905], [33.0839553, 57.2476653], [33.0840296, 57.2475818], [33.0840522, 57.2474005], [33.0844515, 57.2469267], [33.084649, 57.2465101], [33.0847375, 57.246259], [33.0846669, 57.2460014], [33.0844191, 57.2457273], [33.0840999, 57.2455365], [33.0836185, 57.2453919], [33.0830927, 57.245113], [33.0827742, 57.2446924], [33.0825482, 57.244483], [33.0821886, 57.2443463], [33.0816706, 57.2442748], [33.0810309, 57.2443304], [33.0806438, 57.2443081], [33.0800972, 57.2441932], [33.0796482, 57.2441744], [33.0785247, 57.2438326], [33.0778863, 57.2436606], [33.0775451, 57.2434975], [33.0771769, 57.2433104], [33.0768402, 57.2432604], [33.0762775, 57.2433788], [33.0759304, 57.2434518], [33.0758918, 57.2435982], [33.0759793, 57.2438458], [33.0762147, 57.2441365]]]}}, {"type": "Feature", "id": "way/32487176", "properties": {"name": "Княжа", "osm": "way/32487176", "natural": null, "water": null, "waterway": "river", "kind": "connector"}, "geometry": {"type": "LineString", "coordinates": [[33.1963299, 57.3003393], [33.1958276, 57.3004123], [33.1942645, 57.3003388], [33.1926668, 57.2997774], [33.1909936, 57.2996486], [33.1893161, 57.3001721], [33.1880758, 57.2998338], [33.1875025, 57.298229], [33.1862598, 57.2980959], [33.1862071, 57.2986176], [33.1860344, 57.2999562], [33.1849549, 57.3006902], [33.1837177, 57.3007008], [33.1833999, 57.3000742], [33.1825489, 57.29949], [33.1792883, 57.2991886], [33.1775764, 57.2982325]]}}, {"type": "Feature", "id": "way/32487402", "properties": {"name": "Полоновка", "osm": "way/32487402", "natural": null, "water": null, "waterway": "river", "kind": "connector"}, "geometry": {"type": "LineString", "coordinates": [[33.0081129, 57.3620035], [33.0104522, 57.3618421], [33.0121976, 57.361683], [33.0141324, 57.3611511], [33.0150055, 57.3607154], [33.0153149, 57.360287], [33.0166558, 57.3594481], [33.0191009, 57.3579965], [33.0195042, 57.3578254], [33.0203041, 57.3577531], [33.0225431, 57.3579463], [33.0229101, 57.357911], [33.0232586, 57.3577745], [33.024444, 57.3573379], [33.0247026, 57.35722], [33.025029, 57.3570111], [33.0256348, 57.3564477], [33.0262978, 57.3562293], [33.0270866, 57.3562927], [33.0280065, 57.3564286], [33.0290515, 57.3563942], [33.030664, 57.3560632], [33.0419791, 57.3519453], [33.0425484, 57.3516164], [33.0441543, 57.3505281], [33.0458643, 57.3493966], [33.0475162, 57.3482388], [33.0480967, 57.3479516], [33.0508613, 57.3469582], [33.0543779, 57.3456988], [33.0570406, 57.3448927], [33.057746, 57.3447754], [33.0609052, 57.3444066], [33.0613886, 57.344302], [33.0617081, 57.3440262], [33.0622239, 57.343364], [33.0626352, 57.3430512], [33.0631574, 57.3427616], [33.0641888, 57.3422543], [33.064572, 57.341933], [33.0649265, 57.341497], [33.0657717, 57.3402043], [33.0682626, 57.3374701], [33.0685409, 57.3369654], [33.0688455, 57.3365528], [33.0690055, 57.3361756], [33.0690211, 57.3357948], [33.0688179, 57.334484], [33.0688716, 57.3334438], [33.0689268, 57.3330233], [33.069307, 57.3327081], [33.07015, 57.3322584]]}}, {"type": "Feature", "id": "way/32487905", "properties": {"name": null, "osm": "way/32487905", "natural": null, "water": null, "waterway": null, "kind": "connector"}, "geometry": {"type": "LineString", "coordinates": [[33.0093681, 57.3644769], [33.0099624, 57.364506], [33.0099624, 57.3646673], [33.0097741, 57.3648763], [33.0101695, 57.3651197], [33.0106933, 57.3650913], [33.011005, 57.3648985], [33.0120625, 57.3649572], [33.012549, 57.3650492], [33.0129103, 57.3648819], [33.0131934, 57.3648914], [33.0136405, 57.3651018], [33.0142372, 57.3648763], [33.014684, 57.3646215], [33.015101, 57.3642313], [33.0148131, 57.3638371], [33.0150567, 57.3636221], [33.0147688, 57.3633354], [33.015798, 57.362926], [33.0170391, 57.3627321], [33.0176704, 57.3622065], [33.0184567, 57.3619915], [33.0186892, 57.3622245], [33.0185342, 57.362553], [33.0190325, 57.3624156], [33.0192319, 57.3621886], [33.0194423, 57.3618959], [33.018859, 57.3616021], [33.0176704, 57.3608447], [33.016873, 57.360325], [33.0163082, 57.3600383], [33.0164632, 57.3598293], [33.0174046, 57.3596381], [33.0175977, 57.359181], [33.0181355, 57.3586764], [33.0198155, 57.3579615], [33.0229846, 57.3581346], [33.0243615, 57.3574928], [33.0255391, 57.3574371], [33.0256462, 57.3576293], [33.0253051, 57.3581749], [33.0248049, 57.3583341], [33.0248081, 57.3591295], [33.0257144, 57.3594596], [33.0248731, 57.3600621], [33.0250777, 57.3603122], [33.0258508, 57.360676], [33.0254188, 57.3613353], [33.0261123, 57.3616309], [33.0266238, 57.3614377], [33.0262604, 57.3611719], [33.0276129, 57.3607897], [33.0288748, 57.3606987], [33.0298311, 57.3601364], [33.0324672, 57.3586069], [33.0342293, 57.357993], [33.0358777, 57.3572882], [33.0360368, 57.356481], [33.0366686, 57.3559827], [33.0376853, 57.3557989], [33.0378672, 57.3554011], [33.038788, 57.3551168], [33.039004, 57.3543779], [33.0406393, 57.3535986], [33.0413678, 57.3536217], [33.0416249, 57.3535747], [33.0424361, 57.3527547], [33.043066, 57.3517547], [33.0434906, 57.3513334], [33.0441386, 57.3515039], [33.044923, 57.3512879], [33.0444114, 57.3507536], [33.0456847, 57.35064], [33.0463559, 57.3501271], [33.0469466, 57.3508901], [33.0471277, 57.3517157], [33.0486632, 57.3504922], [33.0504919, 57.3493966], [33.0534364, 57.3486135], [33.054063, 57.347122], [33.0528528, 57.3469074], [33.0527693, 57.3466032], [33.053947, 57.3462991], [33.054694, 57.3458811], [33.0553204, 57.345503], [33.0560949, 57.3452854], [33.0570711, 57.3456747], [33.0585035, 57.345148], [33.0598828, 57.3451079], [33.0609841, 57.3452681], [33.0612328, 57.3450892], [33.0612728, 57.3448102], [33.0614815, 57.3447314], [33.0622929, 57.344616], [33.0621647, 57.3440428], [33.0624548, 57.3433942], [33.0631594, 57.3429581], [33.0649416, 57.3421418], [33.0661228, 57.3419852], [33.0666617, 57.3414037], [33.0668067, 57.3405538], [33.0691692, 57.3393236], [33.0713459, 57.3376613], [33.0704165, 57.3376373], [33.0698147, 57.3374179], [33.0689722, 57.337409], [33.0686984, 57.3372795], [33.0689485, 57.3368273], [33.0694563, 57.3364993], [33.0694564, 57.3357592], [33.0691308, 57.333653], [33.0691388, 57.3330547], [33.0695868, 57.3327793], [33.0703846, 57.3325086], [33.071238, 57.3324716], [33.07015, 57.3322584], [33.0698967, 57.3320273], [33.0696062, 57.3321758], [33.0682528, 57.3328679], [33.0681268, 57.3335096], [33.0685294, 57.3342915], [33.0685935, 57.3351424], [33.0687945, 57.3359916], [33.0686753, 57.3364077], [33.0680593, 57.3367715], [33.0674173, 57.3377467], [33.0669956, 57.3379502], [33.0633578, 57.3397055], [33.0626895, 57.340063], [33.0626573, 57.3404049], [33.063091, 57.3407131], [33.0630594, 57.3412844], [33.0623773, 57.3415572], [33.0627411, 57.3416709], [33.0641394, 57.3416254], [33.0644888, 57.3417712], [33.0627599, 57.3426052], [33.0612943, 57.3435731], [33.061407, 57.3438992], [33.0613943, 57.3440683], [33.060922, 57.3442729], [33.0601759, 57.344094], [33.0590983, 57.3441499], [33.0570674, 57.3443959], [33.0561763, 57.344709], [33.0550226, 57.3452317], [33.0540464, 57.3452614], [33.0524231, 57.3458013], [33.0517016, 57.3458558], [33.0516591, 57.3462851], [33.0512347, 57.3463939], [33.0506087, 57.346268], [33.0495282, 57.3467706], [33.0483734, 57.3469144], [33.0473141, 57.3473811], [33.0463501, 57.348288], [33.0456819, 57.3484578], [33.0448093, 57.3487414], [33.0444114, 57.3487642], [33.0439982, 57.3482717], [33.0440217, 57.3474999], [33.0440349, 57.3468943], [33.0433921, 57.3463008], [33.0421641, 57.3460518], [33.0416234, 57.3469303], [33.0406969, 57.3472256], [33.0403427, 57.3476351], [33.039179, 57.3486451], [33.0384201, 57.3495459], [33.0372059, 57.3500372], [33.0370035, 57.3506923], [33.03598, 57.3514903], [33.0358422, 57.3518659], [33.0354798, 57.3520019], [33.0338172, 57.3521775], [33.0334113, 57.3526302], [33.0340871, 57.3529697], [33.0328548, 57.3533944], [33.03245, 57.353913], [33.03304, 57.354271], [33.0312621, 57.3555261], [33.0290282, 57.3562381], [33.0266037, 57.3555863], [33.0260469, 57.3555682], [33.0254054, 57.3554641], [33.0247826, 57.3555405], [33.0242431, 57.3557945], [33.0243497, 57.3561312], [33.0247774, 57.3569225], [33.0228041, 57.357777], [33.0202144, 57.357458], [33.0184197, 57.3580389], [33.0174799, 57.3587001], [33.0167324, 57.3592259], [33.0157766, 57.3592439], [33.015113, 57.3593219], [33.0144144, 57.3591483], [33.0137309, 57.3593311], [33.0130116, 57.3593663], [33.0123299, 57.3597703], [33.0122373, 57.3600565], [33.0125739, 57.3601659], [33.0131626, 57.3600025], [33.013354, 57.3601928], [33.0130022, 57.3605932], [33.013253, 57.3608707], [33.0137589, 57.360761], [33.0142864, 57.3605076], [33.0148174, 57.360678], [33.0136721, 57.3610934], [33.0125282, 57.3611323], [33.0124653, 57.3613763], [33.0121009, 57.3614715], [33.0107716, 57.3609864], [33.0095018, 57.360997], [33.0086777, 57.3614898], [33.0078525, 57.3615583], [33.0081129, 57.3620035], [33.0093681, 57.3644769]]}}, {"type": "Feature", "id": "way/81303076", "properties": {"name": "Гастовец", "osm": "way/81303076", "natural": "water", "water": null, "waterway": null, "kind": "area"}, "geometry": {"type": "Polygon", "coordinates": [[[33.0138618, 57.4236412], [33.013434, 57.4234309], [33.0128742, 57.4232567], [33.0123547, 57.4231604], [33.0120041, 57.4231945], [33.0118104, 57.4231646], [33.0114521, 57.4230512], [33.010825, 57.4229927], [33.0101601, 57.4230525], [33.0098664, 57.4230782], [33.0096797, 57.4230688], [33.0095697, 57.4230199], [33.0095226, 57.4229432], [33.0095603, 57.4227845], [33.0093112, 57.4224844], [33.0092176, 57.422428], [33.0092227, 57.4223602], [33.0094651, 57.4221776], [33.0097722, 57.4219514], [33.0101923, 57.4218137], [33.0104382, 57.4216193], [33.0106139, 57.4215563], [33.0108567, 57.4215368], [33.0113285, 57.4216236], [33.0115613, 57.4216311], [33.0121728, 57.4214917], [33.0130813, 57.4212101], [33.0134868, 57.4210497], [33.0140276, 57.4207634], [33.014424, 57.4205072], [33.014516, 57.4202211], [33.0145, 57.42], [33.0144323, 57.4197885], [33.0142223, 57.4195886], [33.0139259, 57.419491], [33.0137103, 57.4195047], [33.0135595, 57.4194567], [33.01335, 57.4193103], [33.0131328, 57.4192477], [33.0128629, 57.4192347], [33.0124424, 57.4192889], [33.0121693, 57.4192659], [33.0117651, 57.419149], [33.01125, 57.419], [33.0109023, 57.4188927], [33.0105423, 57.4187154], [33.0104015, 57.4185992], [33.0102443, 57.4184825], [33.0100047, 57.4183698], [33.0099297, 57.4182956], [33.0099701, 57.4181951], [33.0101204, 57.4180135], [33.0101599, 57.4178571], [33.0102043, 57.4175167], [33.0101202, 57.4173039], [33.0101711, 57.4169895], [33.0101378, 57.4166574], [33.0102349, 57.4165212], [33.0104736, 57.4164111], [33.0106995, 57.4161689], [33.0108027, 57.4158564], [33.0109076, 57.4156276], [33.0109213, 57.415482], [33.0108593, 57.415303], [33.01075, 57.41525], [33.0104701, 57.4151807], [33.0100217, 57.4152094], [33.0092717, 57.4154449], [33.0089043, 57.4155204], [33.0088689, 57.4156229], [33.0085741, 57.4158374], [33.0083529, 57.4158955], [33.0080123, 57.4161911], [33.00723, 57.4165693], [33.0070039, 57.4167174], [33.006951, 57.4168597], [33.0069814, 57.4170064], [33.0072982, 57.417271], [33.0076679, 57.4175347], [33.0078063, 57.4177873], [33.0078684, 57.4178981], [33.0078351, 57.4180273], [33.0076151, 57.4183074], [33.0074957, 57.4185103], [33.0074662, 57.418796], [33.0074179, 57.419052], [33.0074771, 57.419197], [33.0074323, 57.4193479], [33.0074281, 57.4197325], [33.0075842, 57.4199658], [33.0082048, 57.420314], [33.0084032, 57.42059], [33.0083658, 57.4207276], [33.00809, 57.4209747], [33.0080296, 57.4211209], [33.0081132, 57.4212765], [33.0082166, 57.4214559], [33.0081563, 57.4215944], [33.0080209, 57.4216489], [33.0077768, 57.4217009], [33.0076481, 57.4217702], [33.007579, 57.4218602], [33.007632, 57.4222526], [33.0075793, 57.4225986], [33.0073701, 57.4230616], [33.0072638, 57.423257], [33.0072139, 57.423429], [33.0073132, 57.423637], [33.0074299, 57.4238625], [33.007413, 57.4240147], [33.0072874, 57.4243507], [33.0071979, 57.4247755], [33.0071091, 57.4249989], [33.0069984, 57.4251781], [33.0067632, 57.4253557], [33.0065793, 57.4255574], [33.0065085, 57.4256963], [33.0065239, 57.4258439], [33.0066711, 57.4260027], [33.0066765, 57.4260542], [33.0065752, 57.4261991], [33.0064267, 57.4263136], [33.0063285, 57.4264389], [33.0063598, 57.4266264], [33.0066465, 57.4269095], [33.0069176, 57.4271948], [33.0069739, 57.42737], [33.0071005, 57.4274574], [33.0073778, 57.4275076], [33.0076997, 57.4275467], [33.0079518, 57.4275455], [33.0083528, 57.4275002], [33.0085084, 57.4274232], [33.0086951, 57.4271997], [33.0091194, 57.4268485], [33.0093978, 57.4267136], [33.0094058, 57.4265932], [33.0092699, 57.4264157], [33.0091449, 57.4261876], [33.0088021, 57.4256717], [33.0087562, 57.4255185], [33.0089614, 57.4253299], [33.0092428, 57.4251859], [33.0095764, 57.4250997], [33.0098127, 57.425032], [33.0100169, 57.4250317], [33.0102805, 57.4251236], [33.0106627, 57.4254541], [33.01075, 57.42575], [33.0107553, 57.4258483], [33.0105214, 57.4259926], [33.0104581, 57.4264029], [33.0101963, 57.4265083], [33.0098608, 57.4265751], [33.0098481, 57.4266925], [33.0099423, 57.4269164], [33.0102634, 57.4273722], [33.0106944, 57.4276278], [33.0112129, 57.4277663], [33.0126449, 57.4278524], [33.0134959, 57.4279064], [33.0138133, 57.4278772], [33.0146506, 57.4276755], [33.0152748, 57.4274144], [33.0154768, 57.4272603], [33.0155366, 57.4270403], [33.015432, 57.4266068], [33.0155398, 57.4261832], [33.0154574, 57.4258803], [33.0151423, 57.4255048], [33.0148349, 57.4251956], [33.01475, 57.425], [33.0147794, 57.4246815], [33.0147424, 57.4245435], [33.0143422, 57.4241545], [33.0138618, 57.4236412]]]}}, {"type": "Feature", "id": "way/81732492", "properties": {"name": null, "osm": "way/81732492", "natural": null, "water": null, "waterway": "stream", "kind": "connector"}, "geometry": {"type": "LineString", "coordinates": [[33.0088689, 57.4156229], [33.0085261, 57.4155582], [33.0083999, 57.415463], [33.0084015, 57.4153213], [33.0084208, 57.4152994], [33.0084534, 57.4152626], [33.0087759, 57.4151371], [33.0089194, 57.4150725], [33.0090352, 57.4150758], [33.0091938, 57.4150987], [33.009268, 57.4150823], [33.0094195, 57.4149972]]}}, {"type": "Feature", "id": "way/81753515", "properties": {"name": "Княжа", "osm": "way/81753515", "natural": "water", "water": "river", "waterway": null, "kind": "area"}, "geometry": {"type": "Polygon", "coordinates": [[[33.1773347, 57.2982987], [33.1779726, 57.29873], [33.1788386, 57.299277], [33.1798484, 57.2994644], [33.1815926, 57.2995911], [33.1826432, 57.2997509], [33.1832246, 57.3004508], [33.1835408, 57.300853], [33.1844384, 57.3009577], [33.1855502, 57.3006987], [33.186101, 57.3001752], [33.1864478, 57.2996848], [33.1865396, 57.2987425], [33.1864274, 57.2983457], [33.1868354, 57.2982906], [33.1873046, 57.2984725], [33.187478, 57.2990401], [33.1876106, 57.2996738], [33.1881206, 57.3000485], [33.1889978, 57.3002579], [33.189773, 57.3002689], [33.1907828, 57.2999769], [33.1917008, 57.2998501], [33.192833, 57.3001477], [33.1935164, 57.3003957], [33.1941284, 57.3006326], [33.194873, 57.3007373], [33.1963284, 57.3006072], [33.1963299, 57.3003393], [33.1963727, 57.3000374], [33.1958524, 57.3001884], [33.1951578, 57.3002477], [33.1943483, 57.3002448], [33.1938, 57.300005], [33.1930218, 57.2997172], [33.1922698, 57.2995254], [33.1913716, 57.2994661], [33.1909224, 57.2994718], [33.1903584, 57.2996411], [33.1898414, 57.299847], [33.1892721, 57.3000135], [33.1885514, 57.299895], [33.1883739, 57.2993646], [33.188353, 57.2990034], [33.1881232, 57.2986254], [33.1876532, 57.2981457], [33.1868385, 57.2979087], [33.1861805, 57.2978748], [33.1857627, 57.2982416], [33.1857522, 57.2987072], [33.1857052, 57.299421], [33.1854911, 57.2999853], [33.1850368, 57.3003774], [33.1845929, 57.300558], [33.1841019, 57.300527], [33.1837886, 57.3004734], [33.1837259, 57.299895], [33.1829635, 57.2994436], [33.1823263, 57.2992461], [33.181496, 57.2991586], [33.180488, 57.2991304], [33.1797517, 57.2991022], [33.1793704, 57.2989893], [33.1787751, 57.2986874], [33.1782946, 57.2982614], [33.1780277, 57.2979706], [33.1775764, 57.2982325], [33.1773347, 57.2982987]]]}}, {"type": "Feature", "id": "way/119343953", "properties": {"name": "Садок", "osm": "way/119343953", "natural": "water", "water": null, "waterway": null, "kind": "area"}, "geometry": {"type": "Polygon", "coordinates": [[[33.0742342, 57.2435471], [33.0740217, 57.2434704], [33.0732721, 57.2432357], [33.0729248, 57.2432331], [33.0724854, 57.2433559], [33.0721935, 57.2436085], [33.0720525, 57.2439431], [33.0722844, 57.2441479], [33.0728951, 57.2442048], [33.0732231, 57.2444239], [33.0734921, 57.2446712], [33.0733909, 57.2449126], [33.0730628, 57.2450835], [33.0724877, 57.245175], [33.0723341, 57.2452947], [33.0725029, 57.2455206], [33.0733042, 57.2455823], [33.0737617, 57.2457539], [33.074289, 57.246152], [33.0747811, 57.2464491], [33.0759662, 57.2467564], [33.0767115, 57.2468127], [33.0774865, 57.2467071], [33.0778791, 57.2464619], [33.0780059, 57.246264], [33.0779663, 57.2458408], [33.0776796, 57.2454865], [33.0768341, 57.2451829], [33.0759363, 57.2450123], [33.0754267, 57.2447123], [33.0750652, 57.2445546], [33.0746508, 57.2442591], [33.0743639, 57.2440865], [33.0743032, 57.2437953], [33.0742342, 57.2435471]]]}}, {"type": "Feature", "id": "way/167688573", "properties": {"name": null, "osm": "way/167688573", "natural": null, "water": null, "waterway": "canal", "kind": "connector"}, "geometry": {"type": "LineString", "coordinates": [[33.021028, 57.24213], [33.0211478, 57.2415127], [33.0206328, 57.2412921], [33.0206543, 57.2408277], [33.0207616, 57.2405606], [33.0209476, 57.2404499]]}}, {"type": "Feature", "id": "way/430378915", "properties": {"name": null, "osm": "way/430378915", "natural": "water", "water": null, "waterway": null, "kind": "area"}, "geometry": {"type": "Polygon", "coordinates": [[[33.0473552, 57.4644089], [33.0472801, 57.4643209], [33.0472372, 57.4642488], [33.0472775, 57.4641926], [33.0474411, 57.4640469], [33.0477495, 57.4638983], [33.04783, 57.4638521], [33.0479561, 57.4637367], [33.0480929, 57.463666], [33.048227, 57.4636559], [33.0484094, 57.4637093], [33.048471, 57.4637771], [33.0485006, 57.4638824], [33.0484979, 57.4640382], [33.0484228, 57.464132], [33.0482994, 57.4641752], [33.0481867, 57.4642214], [33.0480553, 57.4642589], [33.0479882, 57.4643411], [33.0479024, 57.4643686], [33.0478595, 57.4643945], [33.0477388, 57.4644537], [33.0476208, 57.4644609], [33.047492, 57.4644551], [33.0473552, 57.4644089]]]}}, {"type": "Feature", "id": "way/1135420114", "properties": {"name": null, "osm": "way/1135420114", "natural": "water", "water": "pond", "waterway": null, "kind": "area"}, "geometry": {"type": "Polygon", "coordinates": [[[33.1300852, 57.2577512], [33.1300825, 57.2578687], [33.1301898, 57.2579804], [33.1302997, 57.2580108], [33.1304044, 57.2579891], [33.1304821, 57.2579789], [33.1305385, 57.2579122], [33.1304982, 57.2578005], [33.1303909, 57.2577207], [33.1302381, 57.2577077], [33.1300852, 57.2577512]]]}}, {"type": "Feature", "id": "way/1135420115", "properties": {"name": null, "osm": "way/1135420115", "natural": null, "water": null, "waterway": null, "kind": "connector"}, "geometry": {"type": "LineString", "coordinates": [[33.1303748, 57.257535], [33.1291518, 57.2576888], [33.1290016, 57.257728], [33.1288299, 57.2578977], [33.1288674, 57.2579702], [33.1289694, 57.2579992], [33.1292054, 57.2579354], [33.1293637, 57.2580442], [33.1296506, 57.2580645], [33.1298223, 57.2579789], [33.130061, 57.2580297], [33.1305063, 57.2580486], [33.1306618, 57.2580007], [33.1307369, 57.257902], [33.1306055, 57.257712], [33.1305975, 57.2575989], [33.1305063, 57.2575466], [33.1303748, 57.257535]]}}, {"type": "Feature", "id": "way/1238091260", "properties": {"name": null, "osm": "way/1238091260", "natural": null, "water": null, "waterway": null, "kind": "connector"}, "geometry": {"type": "LineString", "coordinates": [[33.0092007, 57.5193123], [33.0093517, 57.5190929], [33.0088573, 57.519031]]}}, {"type": "Feature", "id": "way/1238091262", "properties": {"name": null, "osm": "way/1238091262", "natural": null, "water": null, "waterway": "stream", "kind": "connector"}, "geometry": {"type": "LineString", "coordinates": [[33.0121806, 57.5197913], [33.0119795, 57.5197711], [33.011789, 57.5196948], [33.0116066, 57.5197337], [33.0115744, 57.5196833], [33.0116147, 57.5195781], [33.0108717, 57.5194283], [33.010743, 57.5194226], [33.0105659, 57.5192641], [33.0103701, 57.5191402], [33.0100027, 57.5190639], [33.0098042, 57.5190077], [33.0094877, 57.5190913], [33.0093517, 57.5190929]]}}, {"type": "Feature", "id": "way/1305535843", "properties": {"name": null, "osm": "way/1305535843", "natural": "water", "water": null, "waterway": null, "kind": "area"}, "geometry": {"type": "Polygon", "coordinates": [[[33.095672, 57.1739767], [33.0961235, 57.1739885], [33.0964988, 57.1738647], [33.0964933, 57.173729], [33.0960854, 57.1733546], [33.0958189, 57.173269], [33.0955795, 57.1733103], [33.0954, 57.1734519], [33.0955251, 57.1737939], [33.095672, 57.1739767]]]}}, {"type": "Feature", "id": "way/1316976066", "properties": {"name": "Варварина протока", "osm": "way/1316976066", "natural": "water", "water": "river", "waterway": null, "kind": "area"}, "geometry": {"type": "Polygon", "coordinates": [[[32.9288677, 57.3024878], [32.9287918, 57.3023919], [32.9287811, 57.3022851], [32.9288756, 57.3021066], [32.9289228, 57.3019443], [32.9290301, 57.3017473], [32.9291888, 57.3016383], [32.9290901, 57.3015432], [32.9289399, 57.301425], [32.9288198, 57.3012859], [32.9287082, 57.3011167], [32.9286266, 57.3009497], [32.9286068, 57.3008009], [32.9287726, 57.3006715], [32.9290086, 57.3004814], [32.929176, 57.3003446], [32.9293348, 57.3001777], [32.9294805, 57.2999152], [32.9295327, 57.2999165], [32.9294335, 57.3001244], [32.9292747, 57.3003006], [32.9291845, 57.3004072], [32.9289743, 57.3005742], [32.9288069, 57.3007133], [32.9287125, 57.300813], [32.9286653, 57.3009126], [32.9287425, 57.3010494], [32.9288927, 57.3012001], [32.9290386, 57.3013531], [32.9291717, 57.3014992], [32.9292833, 57.3016383], [32.9291073, 57.3017473], [32.9290258, 57.301884], [32.9289871, 57.3019861], [32.9289099, 57.3022411], [32.9289925, 57.3024594], [32.9288677, 57.3024878]]]}}, {"type": "Feature", "id": "way/1347279844", "properties": {"name": null, "osm": "way/1347279844", "natural": null, "water": null, "waterway": "river", "kind": "connector"}, "geometry": {"type": "LineString", "coordinates": [[33.0762775, 57.2433788], [33.0763517, 57.2432714], [33.0765019, 57.2430787], [33.0766313, 57.2429968]]}}, {"type": "Feature", "id": "relation/77684", "properties": {"name": "Берёзовское озеро", "osm": "relation/77684", "natural": "water", "water": "lake", "waterway": null, "kind": "area"}, "geometry": {"type": "Polygon", "coordinates": [[[33.2709602, 57.2952667], [33.2731918, 57.2964725], [33.277655, 57.2983274], [33.2799934, 57.2988557], [33.2812843, 57.2984221], [33.2812599, 57.2977709], [33.2835872, 57.2973476], [33.2848648, 57.2958232], [33.2848782, 57.2945481], [33.2825753, 57.2936998], [33.2831481, 57.2932262], [33.2843548, 57.2931907], [33.286047, 57.2938035], [33.2878353, 57.2937605], [33.2889779, 57.2937375], [33.2899025, 57.293483], [33.2909493, 57.2928419], [33.2911845, 57.2927969], [33.2952796, 57.2920139], [33.2952933, 57.2911922], [33.2935138, 57.2911828], [33.2934478, 57.2900723], [33.2967174, 57.289144], [33.2980692, 57.288541], [33.298037, 57.2883729], [33.2980263, 57.2882569], [33.2982945, 57.2881468], [33.2986593, 57.2880424], [33.2991099, 57.2880714], [33.2992816, 57.2879728], [33.2994318, 57.2879091], [33.2997322, 57.2878743], [33.2998717, 57.2878511], [33.3000219, 57.2877583], [33.2998717, 57.2877351], [33.2993942, 57.2877583], [33.2988042, 57.2878395], [33.2982838, 57.2878975], [33.2979941, 57.2878511], [33.297742, 57.2876395], [33.2975864, 57.2875264], [33.297565, 57.2874684], [33.2978547, 57.2874104], [33.2978493, 57.2872684], [33.2977313, 57.2872075], [33.2975489, 57.2871901], [33.2974952, 57.2870625], [33.2977635, 57.2869553], [33.2980961, 57.2868915], [33.2985145, 57.2868538], [33.2987237, 57.2868944], [33.2989168, 57.2868857], [33.2990831, 57.2868596], [33.2991743, 57.2867494], [33.2992655, 57.2866915], [33.2997858, 57.2867233], [33.3001453, 57.2867291], [33.3004296, 57.2866886], [33.3005744, 57.2867059], [33.3007407, 57.2867581], [33.3009446, 57.2867465], [33.3009982, 57.2867262], [33.3009871, 57.2866801], [33.3009821, 57.2866596], [33.3008587, 57.2866683], [33.3007353, 57.286677], [33.3005959, 57.2866364], [33.3004671, 57.2866161], [33.3002204, 57.2866364], [33.3000058, 57.2866074], [33.2997805, 57.2864972], [33.2995874, 57.2863117], [33.2995874, 57.2861087], [33.2997966, 57.2859725], [33.3001131, 57.2859551], [33.3004135, 57.2859261], [33.3005691, 57.2859696], [33.3006924, 57.2860623], [33.3007193, 57.2860145], [33.3008158, 57.2859841], [33.3010358, 57.2858797], [33.3011645, 57.2857956], [33.3012235, 57.2858536], [33.3015454, 57.2858797], [33.3019584, 57.2858594], [33.3021033, 57.2857869], [33.301937, 57.2858043], [33.3017546, 57.2857985], [33.30154, 57.2857318], [33.3014005, 57.2856478], [33.3012181, 57.2856796], [33.3010626, 57.2857405], [33.300848, 57.2857753], [33.30073, 57.2858246], [33.3005208, 57.285842], [33.3003116, 57.2856478], [33.3002257, 57.2856246], [33.3003008, 57.2855144], [33.3003277, 57.2854187], [33.3002043, 57.2854187], [33.2999897, 57.2854332], [33.2993621, 57.2854013], [33.2985538, 57.2853056], [33.2964738, 57.2858111], [33.2937911, 57.2868254], [33.2896713, 57.2880315], [33.2855487, 57.2879612], [33.2846582, 57.2877699], [33.2839715, 57.2878279], [33.2830274, 57.2880076], [33.2825875, 57.2882685], [33.2820082, 57.2886164], [33.2810533, 57.2889121], [33.2802808, 57.2888889], [33.2794011, 57.2886918], [33.2791543, 57.2884135], [33.279283, 57.2880076], [33.2792187, 57.2874916], [33.2796156, 57.2868248], [33.2792938, 57.2862508], [33.2788861, 57.2861754], [33.2783389, 57.2861754], [33.2774833, 57.2862688], [33.2758713, 57.2863088], [33.2733178, 57.286935], [33.272835, 57.2869872], [33.2725239, 57.286848], [33.2724917, 57.286703], [33.2728565, 57.2865523], [33.2734895, 57.2862682], [33.2739079, 57.2860884], [33.2743156, 57.2858565], [33.2740796, 57.2857115], [33.2737899, 57.2857405], [33.2735217, 57.2856709], [33.2732212, 57.2854216], [33.2736075, 57.2850505], [33.2731676, 57.284633], [33.2725239, 57.2843257], [33.2719874, 57.2842329], [33.271333, 57.2842387], [33.2709648, 57.2845365], [33.2701957, 57.284546], [33.2698846, 57.2842213], [33.2696915, 57.284001], [33.2691443, 57.2838908], [33.2685757, 57.2840358], [33.2676744, 57.2842271], [33.2632649, 57.2855898], [33.2615697, 57.2864769], [33.2605398, 57.2872481], [33.2607543, 57.2875264], [33.2590914, 57.2883091], [33.2579627, 57.2888718], [33.2563877, 57.2886512], [33.2557976, 57.2886686], [33.2538879, 57.2890397], [33.252815, 57.2892716], [33.2521713, 57.2894513], [33.2515383, 57.2899615], [33.2514928, 57.29005], [33.251431, 57.2901702], [33.2516469, 57.2901721], [33.2520854, 57.290176], [33.2526326, 57.2900079], [33.2532978, 57.2899267], [33.2542688, 57.290034], [33.2551432, 57.2900021], [33.2557923, 57.290147], [33.2569349, 57.2909645], [33.2580856, 57.2914638], [33.2608322, 57.2919276], [33.2642654, 57.2924841], [33.2667799, 57.2928131], [33.2672024, 57.293869], [33.2671487, 57.2941762], [33.267256, 57.2946342], [33.2675886, 57.2950516], [33.2683611, 57.2952835], [33.269037, 57.2953878], [33.2698309, 57.295382], [33.2704103, 57.2952313], [33.2709602, 57.2952667]], [[33.2768131, 57.2891182], [33.2763857, 57.2892313], [33.2761153, 57.2895613], [33.2760455, 57.2899478], [33.2761589, 57.2901788], [33.2764468, 57.2903155], [33.2767782, 57.2902872], [33.2769701, 57.2899855], [33.277101, 57.2895849], [33.2770661, 57.2893492], [33.2769614, 57.2891795], [33.2768131, 57.2891182]], [[33.271368, 57.2944608], [33.2703381, 57.2934405], [33.2711964, 57.2921419], [33.2719683, 57.2920218], [33.2735908, 57.2924366], [33.274655, 57.2916824], [33.2758312, 57.2917709], [33.2775478, 57.2925129], [33.2756319, 57.2929268], [33.2737713, 57.2935333], [33.2736257, 57.2941711], [33.2724743, 57.2941428], [33.271368, 57.2944608]]]}}, {"type": "Feature", "id": "relation/379295", "properties": {"name": "Селижаровка", "osm": "relation/379295", "natural": null, "water": null, "waterway": "river", "kind": "connector"}, "geometry": {"type": "MultiPolygon", "coordinates": [[[[[33.2768032, 57.0309341], [33.2767621, 57.0304035], [33.2770498, 57.0296649], [33.2771651, 57.0295019], [33.2772357, 57.0293239], [33.2772049, 57.0288785], [33.2770032, 57.0287521], [33.2767813, 57.0286607], [33.2764189, 57.0285878], [33.2758737, 57.0284696], [33.2754699, 57.0278103], [33.2758737, 57.0271949], [33.2768429, 57.0268872], [33.2781351, 57.027107], [33.2803965, 57.0278542], [33.2815272, 57.0279861], [33.2823349, 57.0278982], [33.2827724, 57.0278134], [33.2831465, 57.0276848], [33.2835808, 57.0272903], [33.2839803, 57.0264899], [33.2841117, 57.0256564], [33.2843345, 57.0253633], [33.2846771, 57.0251289], [33.2850574, 57.0248948], [33.2853673, 57.024625], [33.2857047, 57.0243439], [33.2858768, 57.0240554], [33.2861453, 57.0237481], [33.2862968, 57.0234033], [33.2863863, 57.0231672], [33.2862635, 57.0228664], [33.285925, 57.0226013], [33.2857032, 57.0223585], [33.2856289, 57.0222302], [33.2856427, 57.0220728], [33.2857116, 57.0219679], [33.2858596, 57.0218395], [33.2865347, 57.0214803], [33.2894742, 57.0208716], [33.2899078, 57.0208393], [33.2903209, 57.0208193], [33.2905456, 57.0207625], [33.2907793, 57.0206777], [33.2911382, 57.0205131], [33.2913487, 57.0202419], [33.291362, 57.0200622], [33.2911666, 57.0198942], [33.2908602, 57.019778], [33.2902498, 57.0195459], [33.2890384, 57.019414], [33.2876654, 57.0189743], [33.2872615, 57.0183148], [33.2869385, 57.0174355], [33.2873423, 57.0169958], [33.2879484, 57.0165748], [33.2886345, 57.0161604], [33.2888964, 57.0157426], [33.2889136, 57.0154896], [33.2888461, 57.0152463], [33.2886278, 57.0148186], [33.2883048, 57.014438], [33.2871808, 57.0137861], [33.2871, 57.0133024], [33.288473, 57.0129066], [33.2904458, 57.0126542], [33.2909192, 57.0127079], [33.291255, 57.0128253], [33.2914288, 57.012899], [33.2915975, 57.0130115], [33.2919226, 57.0132816], [33.2922894, 57.0135288], [33.2927022, 57.0137065], [33.2931329, 57.0138025], [33.2935612, 57.0137861], [33.2966302, 57.0131265], [33.297014, 57.0129305], [33.2972406, 57.0126667], [33.2968725, 57.0120711], [33.2952572, 57.0115435], [33.2946919, 57.0111477], [33.2946919, 57.010664], [33.2963072, 57.010532], [33.297761, 57.0100923], [33.2989724, 57.0100923], [33.2992349, 57.0100612], [33.2994803, 57.0098488], [33.2993382, 57.0094763], [33.2990795, 57.0091894], [33.2984878, 57.0089049], [33.298593, 57.0083578], [33.2989724, 57.0078495], [33.2990302, 57.0074812], [33.2988646, 57.0071525], [33.2986018, 57.0064877], [33.2983486, 57.005917], [33.2982192, 57.0053479], [33.2977678, 57.0048982], [33.2955832, 57.0048459], [33.2933481, 57.0049256], [33.2926894, 57.0047232], [33.2926808, 57.0043718], [33.2929638, 57.0039285], [33.2930359, 57.0035044], [33.2934409, 57.0027778], [33.2941265, 57.0021318], [33.2943563, 57.0017596], [33.2944926, 57.0013778], [33.2944926, 57.0009005], [33.2944731, 57.0004915], [33.2943757, 56.9999672], [33.2944342, 56.9995525], [33.2946919, 56.9987888], [33.2964687, 56.9972932], [33.2970341, 56.9969412], [33.2980032, 56.9967653], [33.3009915, 56.9972932], [33.3023645, 56.9972052], [33.3030914, 56.9968972], [33.3034953, 56.9964573], [33.3038183, 56.9959734], [33.3038183, 56.9950496], [33.3037671, 56.9949833], [33.3031722, 56.9942137], [33.3030727, 56.9940383], [33.3030167, 56.993858], [33.3030107, 56.9935098], [33.303253, 56.9929818], [33.3040606, 56.9926298], [33.3048683, 56.9923219], [33.3065643, 56.9920579], [33.3076435, 56.9916816], [33.3082515, 56.9913615], [33.3086642, 56.9909579], [33.3093911, 56.990386], [33.3094718, 56.98977], [33.3085027, 56.989066], [33.3079066, 56.9873901], [33.3079671, 56.9871926], [33.3080291, 56.98708], [33.3081352, 56.9870204], [33.308246, 56.9869825], [33.3083699, 56.9869638], [33.3084756, 56.9869638], [33.3085834, 56.9869713], [33.3092134, 56.9870463], [33.310439, 56.9872864], [33.312864, 56.9876579], [33.3139139, 56.9877019], [33.3141815, 56.9876773], [33.3144249, 56.9875844], [33.314674, 56.9873764], [33.3143985, 56.9865138], [33.3140754, 56.9860738], [33.3127832, 56.9849737], [33.3127832, 56.9843576], [33.3131063, 56.9838295], [33.3137524, 56.9833454], [33.3147216, 56.9830814], [33.3170637, 56.9828614], [33.3180154, 56.982573], [33.3183508, 56.9823533], [33.3185402, 56.9820396], [33.3182752, 56.9814971], [33.3181939, 56.9812137], [33.3181366, 56.9809099], [33.3181525, 56.980758], [33.3182907, 56.9806036], [33.3186017, 56.9803475], [33.3195674, 56.9792966], [33.3202943, 56.9776681], [33.3204462, 56.9772136], [33.320491, 56.9767303], [33.3205117, 56.976542], [33.3205561, 56.9764472], [33.3206425, 56.9763601], [33.320842, 56.9761536], [33.3211205, 56.9759086], [33.3220701, 56.9753065], [33.3228788, 56.974807], [33.3230403, 56.9742788], [33.3248171, 56.9733985], [33.3253389, 56.9727343], [33.3255566, 56.9724311], [33.3256361, 56.9723162], [33.3257863, 56.9722099], [33.3258912, 56.9721478], [33.3260525, 56.9720998], [33.3263603, 56.9720492], [33.3269809, 56.9719853], [33.3276602, 56.9718654], [33.3279485, 56.9718015], [33.3281676, 56.971731], [33.3283297, 56.971647], [33.328486, 56.9715351], [33.3287841, 56.9712715], [33.3293314, 56.9707814], [33.3294671, 56.9706692], [33.32961, 56.9705789], [33.3303674, 56.9702779], [33.3313565, 56.9698993], [33.3320389, 56.9693173], [33.3328129, 56.9687762], [33.3329348, 56.9686971], [33.3331145, 56.9686293], [33.3333011, 56.968586], [33.3334961, 56.9685854], [33.3340889, 56.968667], [33.3343723, 56.9686482], [33.334622, 56.9686052], [33.3348422, 56.9685389], [33.3349597, 56.9684447], [33.3351532, 56.968279], [33.3360434, 56.9673233], [33.3407278, 56.9659145], [33.3412932, 56.9654742], [33.3415508, 56.9649733], [33.3417072, 56.9647416], [33.3419553, 56.964513], [33.3421434, 56.964405], [33.3424181, 56.9643268], [33.3429085, 56.9641973], [33.3447611, 56.963911], [33.3459481, 56.9638638], [33.3461435, 56.9638691], [33.3463703, 56.9638753], [33.3466951, 56.9639074], [33.3469128, 56.96393], [33.3470379, 56.9639238], [33.3472514, 56.9638979], [33.3474415, 56.963832], [33.3476764, 56.9637416], [33.3478075, 56.9636407], [33.3479183, 56.9634308], [33.3479598, 56.9631764], [33.3479966, 56.9626122], [33.3484812, 56.9619958], [33.348562, 56.9608069], [33.3487235, 56.9603665], [33.3512272, 56.9591336], [33.3553462, 56.9583409], [33.3561284, 56.9580517], [33.3564068, 56.9579269], [33.3566394, 56.9577642], [33.3567203, 56.9576705], [33.3567494, 56.9575702], [33.3568062, 56.957359], [33.3567291, 56.9570474], [33.35661, 56.9566567], [33.3566113, 56.9566019], [33.356612, 56.9565264], [33.3566686, 56.9564142], [33.3567566, 56.956321], [33.3572038, 56.9558747], [33.3580115, 56.9555224], [33.3585768, 56.9549059], [33.3584153, 56.9542452], [33.3578083, 56.9536674], [33.3576939, 56.9535147], [33.3576743, 56.9533175], [33.3576792, 56.9531656], [33.3577692, 56.9530121], [33.3579431, 56.9528538], [33.3592527, 56.9519398], [33.360919, 56.9508979], [33.3618329, 56.9492774], [33.3619355, 56.9490962], [33.3621106, 56.9489011], [33.362263, 56.9487923], [33.3624975, 56.9486697], [33.3627516, 56.9485551], [33.3630336, 56.9484353], [33.3645668, 56.947985], [33.3653302, 56.9478665], [33.3656537, 56.9477865], [33.3658357, 56.9476983], [33.3660076, 56.9476128], [33.3660936, 56.9475631], [33.3661937, 56.9474814], [33.3662149, 56.9474391], [33.36622, 56.9473867], [33.3662036, 56.9473308], [33.3661593, 56.9472709], [33.3660936, 56.9472047], [33.3659975, 56.9471164], [33.3658726, 56.9469988], [33.3657427, 56.9468764], [33.3656677, 56.9466194], [33.3656319, 56.9464961], [33.3656533, 56.9463811], [33.3657213, 56.9462992], [33.365757, 56.9462407], [33.3658456, 56.9461847], [33.3660216, 56.9461686], [33.3662075, 56.9461627], [33.3663898, 56.9461744], [33.3665435, 56.9461959], [33.3679627, 56.9464942], [33.36812, 56.9465059], [33.3682686, 56.9464931], [33.3694464, 56.9462407], [33.3699933, 56.946151], [33.3702305, 56.9461251], [33.3703937, 56.9461159], [33.3705081, 56.9461198], [33.3707298, 56.9461452], [33.3711516, 56.9462505], [33.3719166, 56.9465078], [33.3726424, 56.9469056], [33.3729176, 56.9470167], [33.3731178, 56.9470869], [33.3733568, 56.9471538], [33.3735397, 56.9471922], [33.3737399, 56.947202], [33.3740473, 56.9471961], [33.374437, 56.9471961], [33.3746443, 56.9471805], [33.3748105, 56.9471343], [33.3755917, 56.9467925], [33.3773142, 56.9458323], [33.3773884, 56.9457466], [33.3774339, 56.945639], [33.3774137, 56.9455094], [33.3774003, 56.9454415], [33.3773645, 56.9453762], [33.3771801, 56.9452612], [33.3768712, 56.9451315], [33.376519, 56.9450321], [33.3757726, 56.9448062], [33.3755538, 56.9446606], [33.375468, 56.9445748], [33.3754567, 56.9444667], [33.3755502, 56.9441185], [33.3756539, 56.9439333], [33.3757111, 56.9438397], [33.3758226, 56.9437813], [33.3760722, 56.9437656], [33.3762258, 56.9437388], [33.3763296, 56.9437207], [33.376701, 56.9435661], [33.3769945, 56.9432683], [33.3773493, 56.9430539], [33.3781005, 56.942747], [33.3785492, 56.9423998], [33.3786738, 56.9422879], [33.3787447, 56.9422092], [33.3787813, 56.9421386], [33.3787607, 56.9420662], [33.3787251, 56.9419813], [33.3786445, 56.941884], [33.3784466, 56.9416721], [33.3783708, 56.9414962], [33.3783586, 56.9413909], [33.3783618, 56.9413014], [33.3783537, 56.9411297], [33.3784343, 56.9406884], [33.3784441, 56.9406218], [33.378427, 56.9405499], [33.378405, 56.9404885], [33.3783642, 56.940436], [33.3778754, 56.9397802], [33.3776922, 56.9395443], [33.3776482, 56.9394736], [33.3776115, 56.9393963], [33.3775847, 56.9393057], [33.3775809, 56.9392093], [33.3776164, 56.9390937], [33.3776653, 56.9389778], [33.3778266, 56.9386432], [33.3782196, 56.938029], [33.3788062, 56.9369184], [33.3787818, 56.9366674], [33.3786638, 56.9364332], [33.3785754, 56.9362134], [33.3785197, 56.9360525], [33.3784902, 56.9359703], [33.3784613, 56.9358919], [33.3784869, 56.9357987], [33.3785328, 56.9357004], [33.3787228, 56.9355789], [33.3792451, 56.9353156], [33.380273, 56.9348767], [33.3814332, 56.9338924], [33.3821104, 56.9336502], [33.3827328, 56.9335394], [33.3841792, 56.9332755], [33.3847182, 56.933096], [33.3849869, 56.932923], [33.385167, 56.9326974], [33.3852543, 56.9323744], [33.385072, 56.931868], [33.385, 56.9316731], [33.3850208, 56.9314812], [33.385249, 56.9312423], [33.3857273, 56.930883], [33.3866348, 56.93047], [33.3875619, 56.9300035], [33.3885405, 56.9295737], [33.3888462, 56.9295118], [33.3891574, 56.9294743], [33.3894556, 56.9294654], [33.3897454, 56.9295142], [33.3901862, 56.9296852], [33.3905847, 56.9298911], [33.3910576, 56.9306345], [33.3912902, 56.9309885], [33.3914377, 56.9311744], [33.3916576, 56.9313056], [33.3919782, 56.9314443], [33.3923255, 56.9315534], [33.3933608, 56.9318859], [33.3944364, 56.9321738], [33.3948777, 56.9322255], [33.3951791, 56.9322344], [33.3953593, 56.9322255], [33.3955395, 56.9322058], [33.3959294, 56.9321488], [33.3961521, 56.9320825], [33.3962537, 56.9320128], [33.3964044, 56.9318966], [33.3964555, 56.9317772], [33.3967844, 56.9310635], [33.3969187, 56.930706], [33.3968877, 56.93042], [33.3966173, 56.9300267], [33.3963191, 56.9296809], [33.3962668, 56.9295977], [33.3962733, 56.9295083], [33.3964077, 56.9292598], [33.3967123, 56.9288593], [33.3975578, 56.9280753], [33.39904, 56.9271057], [33.3993112, 56.9269234], [33.3994094, 56.9267804], [33.3994619, 56.9266124], [33.3994723, 56.9263992], [33.3993439, 56.9261725], [33.3991054, 56.925967], [33.3988852, 56.92584], [33.3986232, 56.9257542], [33.3983507, 56.9257227], [33.3982824, 56.9257148], [33.3978958, 56.9257434], [33.3966247, 56.9259044], [33.3963625, 56.9259325], [33.3961463, 56.9259043], [33.3959749, 56.9258219], [33.3958923, 56.9257606], [33.395862, 56.9256902], [33.3958645, 56.9256102], [33.3959247, 56.9255394], [33.3961146, 56.9254016], [33.3963463, 56.9253345], [33.3965038, 56.9252777], [33.3966432, 56.9252222], [33.2768032, 57.0309341]]]], [[[[33.3966432, 56.9252222], [33.3976767, 56.9242196], [33.3982502, 56.9238112], [33.3986113, 56.9236004], [33.3993576, 56.9232927], [33.399908, 56.9231496], [33.4004584, 56.9230066], [33.4010215, 56.9229185], [33.4018016, 56.9228385], [33.4022079, 56.9228099], [33.4026114, 56.9228175], [33.403099, 56.9228636], [33.4035429, 56.9229749], [33.4047528, 56.9235021], [33.4052233, 56.9236923], [33.4055114, 56.9237287], [33.4057446, 56.923758], [33.4060071, 56.9237281], [33.4061778, 56.9236607], [33.4062574, 56.9235673], [33.406326, 56.9233939], [33.4063036, 56.9232441], [33.4056238, 56.9222922], [33.4052534, 56.9217136], [33.4049046, 56.9211261], [33.4046141, 56.9206869], [33.4041577, 56.920281], [33.4037476, 56.9200952], [33.4032359, 56.9198721], [33.4028664, 56.9196553], [33.4027551, 56.9195747], [33.4027342, 56.9195214], [33.402735, 56.9194763], [33.4028587, 56.9194338], [33.4029897, 56.9193935], [33.4034872, 56.9192602], [33.4041807, 56.9190706], [33.4052649, 56.9187292], [33.4061267, 56.9184687], [33.4070482, 56.9182495], [33.4080356, 56.9180868], [33.4090688, 56.9179831], [33.4101483, 56.917844], [33.411121, 56.9177988], [33.4130352, 56.9177716], [33.4132503, 56.9177403], [33.4134371, 56.9176724], [33.4135816, 56.917605], [33.4136488, 56.9175709], [33.4136953, 56.9175239], [33.4137252, 56.9174444], [33.413702, 56.9173509], [33.4136441, 56.9172674], [33.4135888, 56.9172009], [33.4134796, 56.9171397], [33.4133383, 56.9171005], [33.413197, 56.9170689], [33.4130399, 56.9170434], [33.4116212, 56.9169583], [33.4102722, 56.9168222], [33.4093527, 56.9166269], [33.4091332, 56.9165549], [33.408937, 56.916467], [33.4087332, 56.9163089], [33.4086282, 56.9161717], [33.4086119, 56.9161009], [33.4086421, 56.91602], [33.4086699, 56.9159732], [33.4087099, 56.9159272], [33.4087533, 56.9158922], [33.4087996, 56.9158556], [33.408978, 56.9157974], [33.4091378, 56.9157595], [33.4093017, 56.9157362], [33.4100892, 56.9156154], [33.410411, 56.9155335], [33.4106258, 56.9154251], [33.4106621, 56.9153798], [33.4106808, 56.9153007], [33.4106742, 56.9152148], [33.4105705, 56.9151092], [33.4102293, 56.9149321], [33.4081216, 56.9144212], [33.4078245, 56.9143043], [33.4076982, 56.9142395], [33.4075714, 56.9141654], [33.4074074, 56.9140581], [33.4072665, 56.9139443], [33.40719, 56.91383], [33.4071265, 56.9137195], [33.4070971, 56.9136006], [33.4071089, 56.9134655], [33.4071802, 56.9132898], [33.4072993, 56.9131083], [33.4075972, 56.9127691], [33.4080134, 56.9124252], [33.4082064, 56.9123188], [33.4084239, 56.9122334], [33.4086682, 56.9121747], [33.4087928, 56.9121547], [33.4089132, 56.912161], [33.4097542, 56.9121355], [33.4105875, 56.912171], [33.4119533, 56.9121915], [33.4132275, 56.9121263], [33.4138852, 56.9120162], [33.4140839, 56.9119194], [33.4141792, 56.9118674], [33.4142336, 56.911786], [33.4142647, 56.9116919], [33.4142867, 56.9115852], [33.4142744, 56.9114972], [33.414269, 56.9114086], [33.4142023, 56.9112784], [33.4140676, 56.9111501], [33.413767, 56.9109678], [33.4135182, 56.9108275], [33.4134007, 56.9107634], [33.4133309, 56.9106907], [33.4133074, 56.9106144], [33.4133247, 56.9105219], [33.4133627, 56.9104389], [33.4134225, 56.9103565], [33.4136356, 56.9101239], [33.414006, 56.9099159], [33.4144857, 56.9096353], [33.4151629, 56.9093116], [33.415505, 56.9091976], [33.4164862, 56.9089181], [33.4175437, 56.9086976], [33.4185235, 56.9084878], [33.4191747, 56.9083373], [33.419423, 56.9082607], [33.4195686, 56.9081675], [33.4197088, 56.9080326], [33.4197828, 56.9079355], [33.4198209, 56.9078468], [33.4199625, 56.9073374], [33.4201431, 56.9066491], [33.420332, 56.9060567], [33.4204014, 56.9059431], [33.4204705, 56.9058488], [33.4205776, 56.905779], [33.4206778, 56.9057224], [33.4208126, 56.9056601], [33.4209777, 56.9055735], [33.421279, 56.905479], [33.4216833, 56.9053828], [33.4223841, 56.905278], [33.4237377, 56.9051181], [33.4244792, 56.9049499], [33.4250455, 56.904813], [33.4256801, 56.9046963], [33.4262341, 56.904596], [33.4267524, 56.9045262], [33.4272915, 56.9044545], [33.4278338, 56.9044252], [33.4283523, 56.9044394], [33.4288637, 56.9044828], [33.4293695, 56.9045377], [33.4296425, 56.9045717], [33.4297909, 56.9046217], [33.4301988, 56.904749], [33.4305375, 56.9049302], [33.4306468, 56.9050035], [33.430703, 56.9050402], [33.4307419, 56.9050824], [33.4307568, 56.9051309], [33.4307653, 56.9051817], [33.430758, 56.905233], [33.4307376, 56.9052836], [33.4306334, 56.9054967], [33.3966432, 56.9252222]]]], [[[[33.4306334, 56.9054967], [33.4306277, 56.9055579], [33.4306616, 56.9056175], [33.4307446, 56.9057326], [33.4310003, 56.9058873], [33.4313285, 56.9060665], [33.4317086, 56.9061722], [33.4321095, 56.906225], [33.4325604, 56.906215], [33.4333805, 56.9061487], [33.4337821, 56.9061169], [33.434002, 56.9060795], [33.4341947, 56.9060369], [33.4361017, 56.9052752], [33.4368802, 56.9049909], [33.4377191, 56.9047681], [33.4381936, 56.9043771], [33.4382063, 56.90396], [33.4378604, 56.9036668], [33.437548, 56.9034846], [33.4373232, 56.9034047], [33.4370939, 56.903327], [33.4368579, 56.903282], [33.4366696, 56.903242], [33.4364448, 56.9032277], [33.4362259, 56.9032417], [33.4354093, 56.9033848], [33.434074, 56.9037899], [33.4336783, 56.904033], [33.4331837, 56.904141], [33.4326397, 56.90406], [33.4321946, 56.9037629], [33.4318483, 56.9032498], [33.4318483, 56.9026286], [33.4315021, 56.9023585], [33.4311844, 56.9022155], [33.4308455, 56.9021672], [33.430372, 56.9022626], [33.4297553, 56.9025183], [33.4291282, 56.9026826], [33.4288796, 56.9026918], [33.4286336, 56.9026826], [33.4284648, 56.9026647], [33.4283345, 56.9026452], [33.4281851, 56.9026064], [33.4280401, 56.9025206], [33.4279505, 56.9024731], [33.4278699, 56.9024019], [33.4278296, 56.9023269], [33.4278067, 56.9022505], [33.4278225, 56.9021457], [33.4278652, 56.9020382], [33.427977, 56.9018316], [33.4282267, 56.9016398], [33.428621, 56.9015259], [33.4298174, 56.9011713], [33.4306194, 56.9007142], [33.4313454, 56.9004846], [33.4323924, 56.9003048], [33.4332993, 56.9002815], [33.4340718, 56.9003651], [33.4349947, 56.9006916], [33.4354093, 56.9012242], [33.4362428, 56.9016058], [33.4378328, 56.9018598], [33.4388705, 56.9019139], [33.4400268, 56.9017696], [33.4406572, 56.901596], [33.4415883, 56.9011468], [33.4421609, 56.9005605], [33.4423616, 56.9002074], [33.4423439, 56.8997812], [33.4421471, 56.899229], [33.4419797, 56.8990369], [33.4417505, 56.8988572], [33.4413421, 56.8988352], [33.4409486, 56.8988744], [33.4397196, 56.8989883], [33.4389431, 56.8988852], [33.4382817, 56.8988507], [33.4379172, 56.898949], [33.4375065, 56.8990394], [33.4370839, 56.8989059], [33.4368857, 56.898702], [33.4369541, 56.89844], [33.4370457, 56.897957], [33.4373382, 56.8974429], [33.4375725, 56.8970526], [33.43769, 56.8968941], [33.4377119, 56.8966572], [33.4378226, 56.8959753], [33.4377959, 56.8957521], [33.4371793, 56.8946336], [33.4367373, 56.8938589], [33.4367584, 56.8933485], [33.4370772, 56.8929858], [33.4372954, 56.8927548], [33.4376012, 56.8925318], [33.4390493, 56.892284], [33.4403067, 56.8917565], [33.4417126, 56.8909419], [33.4423743, 56.890434], [33.4429269, 56.889771], [33.4432468, 56.8891657], [33.4432237, 56.8888794], [33.4409981, 56.8870693], [33.4395754, 56.8861945], [33.4393064, 56.8860284], [33.438942, 56.885969], [33.438061, 56.8858309], [33.4371445, 56.885544], [33.436349, 56.885286], [33.4340245, 56.8835567], [33.4335794, 56.8830703], [33.4334224, 56.8826966], [33.4335299, 56.8824758], [33.4339274, 56.8821379], [33.4342718, 56.8815571], [33.434599, 56.8811529], [33.4344559, 56.8809799], [33.434115, 56.8808079], [33.432952, 56.8804891], [33.4327544, 56.8803233], [33.4325775, 56.8798724], [33.4324281, 56.8796561], [33.4321777, 56.8794177], [33.4318442, 56.8793182], [33.4314054, 56.8792991], [33.4305897, 56.8793389], [33.430108, 56.8793232], [33.4296585, 56.8792135], [33.4289651, 56.8788899], [33.4282379, 56.8785575], [33.4280801, 56.8784785], [33.4280393, 56.8784212], [33.4280309, 56.8783628], [33.4280351, 56.8783302], [33.4280529, 56.8782941], [33.4280948, 56.878227], [33.4282379, 56.8781251], [33.4287325, 56.8775305], [33.4294192, 56.8770917], [33.4302162, 56.876936], [33.4307603, 56.8765846], [33.4310535, 56.8762801], [33.4310718, 56.8762135], [33.4310488, 56.8761416], [33.4309381, 56.8759937], [33.4307265, 56.8758505], [33.4304947, 56.8757234], [33.4300121, 56.875452], [33.4299143, 56.8753869], [33.429865, 56.8752989], [33.4297598, 56.875112], [33.4296808, 56.8749053], [33.4297711, 56.87399], [33.4300184, 56.8734765], [33.4301297, 56.8729292], [33.4297587, 56.8724562], [33.4294496, 56.8717805], [33.4294347, 56.8714218], [33.4341481, 56.8667797], [33.4364495, 56.865034], [33.442245, 56.8606373], [33.4431742, 56.8598518], [33.4441878, 56.8589734], [33.4462114, 56.8583614], [33.4483637, 56.8582625], [33.4495071, 56.8580778], [33.4508765, 56.8574792], [33.4523526, 56.8572921], [33.4560986, 56.8571181], [33.4574542, 56.8571018], [33.4580365, 56.8569108], [33.4583514, 56.8566398], [33.4584408, 56.8562812], [33.45838, 56.8559038], [33.457819, 56.8555675], [33.4561506, 56.8552947], [33.455604, 56.8551643], [33.4551016, 56.8548956], [33.4550122, 56.8545533], [33.4553727, 56.8536697], [33.4559037, 56.8523876], [33.4306334, 56.9054967]]]]]}}, {"type": "Feature", "id": "relation/1203668", "properties": {"name": "Полоновка", "osm": "relation/1203668", "natural": "water", "water": null, "waterway": null, "kind": "area"}, "geometry": {"type": "Polygon", "coordinates": [[[33.0093681, 57.3644769], [33.0099624, 57.364506], [33.0099624, 57.3646673], [33.0097741, 57.3648763], [33.0101695, 57.3651197], [33.0106933, 57.3650913], [33.011005, 57.3648985], [33.0120625, 57.3649572], [33.012549, 57.3650492], [33.0129103, 57.3648819], [33.0131934, 57.3648914], [33.0136405, 57.3651018], [33.0142372, 57.3648763], [33.014684, 57.3646215], [33.015101, 57.3642313], [33.0148131, 57.3638371], [33.0150567, 57.3636221], [33.0147688, 57.3633354], [33.015798, 57.362926], [33.0170391, 57.3627321], [33.0176704, 57.3622065], [33.0184567, 57.3619915], [33.0186892, 57.3622245], [33.0185342, 57.362553], [33.0190325, 57.3624156], [33.0192319, 57.3621886], [33.0194423, 57.3618959], [33.018859, 57.3616021], [33.0176704, 57.3608447], [33.016873, 57.360325], [33.0163082, 57.3600383], [33.0164632, 57.3598293], [33.0174046, 57.3596381], [33.0175977, 57.359181], [33.0181355, 57.3586764], [33.0198155, 57.3579615], [33.0229846, 57.3581346], [33.0243615, 57.3574928], [33.0255391, 57.3574371], [33.0256462, 57.3576293], [33.0253051, 57.3581749], [33.0248049, 57.3583341], [33.0248081, 57.3591295], [33.0257144, 57.3594596], [33.0248731, 57.3600621], [33.0250777, 57.3603122], [33.0258508, 57.360676], [33.0254188, 57.3613353], [33.0261123, 57.3616309], [33.0266238, 57.3614377], [33.0262604, 57.3611719], [33.0276129, 57.3607897], [33.0288748, 57.3606987], [33.0298311, 57.3601364], [33.0324672, 57.3586069], [33.0342293, 57.357993], [33.0358777, 57.3572882], [33.0360368, 57.356481], [33.0366686, 57.3559827], [33.0376853, 57.3557989], [33.0378672, 57.3554011], [33.038788, 57.3551168], [33.039004, 57.3543779], [33.0406393, 57.3535986], [33.0413678, 57.3536217], [33.0416249, 57.3535747], [33.0424361, 57.3527547], [33.043066, 57.3517547], [33.0434906, 57.3513334], [33.0441386, 57.3515039], [33.044923, 57.3512879], [33.0444114, 57.3507536], [33.0456847, 57.35064], [33.0463559, 57.3501271], [33.0469466, 57.3508901], [33.0471277, 57.3517157], [33.0486632, 57.3504922], [33.0504919, 57.3493966], [33.0534364, 57.3486135], [33.054063, 57.347122], [33.0528528, 57.3469074], [33.0527693, 57.3466032], [33.053947, 57.3462991], [33.054694, 57.3458811], [33.0553204, 57.345503], [33.0560949, 57.3452854], [33.0570711, 57.3456747], [33.0585035, 57.345148], [33.0598828, 57.3451079], [33.0609841, 57.3452681], [33.0612328, 57.3450892], [33.0612728, 57.3448102], [33.0614815, 57.3447314], [33.0622929, 57.344616], [33.0621647, 57.3440428], [33.0624548, 57.3433942], [33.0631594, 57.3429581], [33.0649416, 57.3421418], [33.0661228, 57.3419852], [33.0666617, 57.3414037], [33.0668067, 57.3405538], [33.0691692, 57.3393236], [33.0713459, 57.3376613], [33.0704165, 57.3376373], [33.0698147, 57.3374179], [33.0689722, 57.337409], [33.0686984, 57.3372795], [33.0689485, 57.3368273], [33.0694563, 57.3364993], [33.0694564, 57.3357592], [33.0691308, 57.333653], [33.0691388, 57.3330547], [33.0695868, 57.3327793], [33.0703846, 57.3325086], [33.071238, 57.3324716], [33.07015, 57.3322584], [33.0698967, 57.3320273], [33.0696062, 57.3321758], [33.0682528, 57.3328679], [33.0681268, 57.3335096], [33.0685294, 57.3342915], [33.0685935, 57.3351424], [33.0687945, 57.3359916], [33.0686753, 57.3364077], [33.0680593, 57.3367715], [33.0674173, 57.3377467], [33.0669956, 57.3379502], [33.0633578, 57.3397055], [33.0626895, 57.340063], [33.0626573, 57.3404049], [33.063091, 57.3407131], [33.0630594, 57.3412844], [33.0623773, 57.3415572], [33.0627411, 57.3416709], [33.0641394, 57.3416254], [33.0644888, 57.3417712], [33.0627599, 57.3426052], [33.0612943, 57.3435731], [33.061407, 57.3438992], [33.0613943, 57.3440683], [33.060922, 57.3442729], [33.0601759, 57.344094], [33.0590983, 57.3441499], [33.0570674, 57.3443959], [33.0561763, 57.344709], [33.0550226, 57.3452317], [33.0540464, 57.3452614], [33.0524231, 57.3458013], [33.0517016, 57.3458558], [33.0516591, 57.3462851], [33.0512347, 57.3463939], [33.0506087, 57.346268], [33.0495282, 57.3467706], [33.0483734, 57.3469144], [33.0473141, 57.3473811], [33.0463501, 57.348288], [33.0456819, 57.3484578], [33.0448093, 57.3487414], [33.0444114, 57.3487642], [33.0439982, 57.3482717], [33.0440217, 57.3474999], [33.0440349, 57.3468943], [33.0433921, 57.3463008], [33.0421641, 57.3460518], [33.0416234, 57.3469303], [33.0406969, 57.3472256], [33.0403427, 57.3476351], [33.039179, 57.3486451], [33.0384201, 57.3495459], [33.0372059, 57.3500372], [33.0370035, 57.3506923], [33.03598, 57.3514903], [33.0358422, 57.3518659], [33.0354798, 57.3520019], [33.0338172, 57.3521775], [33.0334113, 57.3526302], [33.0340871, 57.3529697], [33.0328548, 57.3533944], [33.03245, 57.353913], [33.03304, 57.354271], [33.0312621, 57.3555261], [33.0290282, 57.3562381], [33.0266037, 57.3555863], [33.0260469, 57.3555682], [33.0254054, 57.3554641], [33.0247826, 57.3555405], [33.0242431, 57.3557945], [33.0243497, 57.3561312], [33.0247774, 57.3569225], [33.0228041, 57.357777], [33.0202144, 57.357458], [33.0184197, 57.3580389], [33.0174799, 57.3587001], [33.0167324, 57.3592259], [33.0157766, 57.3592439], [33.015113, 57.3593219], [33.0144144, 57.3591483], [33.0137309, 57.3593311], [33.0130116, 57.3593663], [33.0123299, 57.3597703], [33.0122373, 57.3600565], [33.0125739, 57.3601659], [33.0131626, 57.3600025], [33.013354, 57.3601928], [33.0130022, 57.3605932], [33.013253, 57.3608707], [33.0137589, 57.360761], [33.0142864, 57.3605076], [33.0148174, 57.360678], [33.0136721, 57.3610934], [33.0125282, 57.3611323], [33.0124653, 57.3613763], [33.0121009, 57.3614715], [33.0107716, 57.3609864], [33.0095018, 57.360997], [33.0086777, 57.3614898], [33.0078525, 57.3615583], [33.0081129, 57.3620035], [33.0093681, 57.3644769]], [[33.0283398, 57.3575067], [33.0282308, 57.3579005], [33.0281381, 57.3584208], [33.0278275, 57.3586147], [33.0273862, 57.3585942], [33.0271083, 57.358409], [33.0268467, 57.3584707], [33.0267105, 57.3583708], [33.026923, 57.3582503], [33.0274461, 57.3580916], [33.0277567, 57.3579005], [33.0280128, 57.3575772], [33.0281708, 57.3574567], [33.0283398, 57.3575067]], [[33.051537, 57.3468641], [33.0516562, 57.346763], [33.0520904, 57.3469514], [33.0521415, 57.3471673], [33.052397, 57.3474291], [33.05301, 57.3475256], [33.0526439, 57.3476221], [33.0519542, 57.3478793], [33.051503, 57.3480677], [33.0510347, 57.3479574], [33.0509665, 57.3477048], [33.0510261, 57.3474246], [33.0514178, 57.3473878], [33.0517839, 57.3471627], [33.051537, 57.3468641]], [[33.0481486, 57.348242], [33.0482423, 57.3480996], [33.0486169, 57.3479756], [33.0490341, 57.3480077], [33.0493747, 57.3481777], [33.049562, 57.3482696], [33.0495024, 57.3484166], [33.0493917, 57.3486876], [33.0491022, 57.3487749], [33.0489149, 57.3486646], [33.0488808, 57.3484717], [33.0485317, 57.3483477], [33.0481486, 57.348242]], [[33.0407855, 57.3513654], [33.0414667, 57.3514251], [33.041688, 57.3515032], [33.041935, 57.3514572], [33.0422755, 57.3515124], [33.0424032, 57.3513746], [33.0419946, 57.3512827], [33.041952, 57.3510852], [33.0421308, 57.3507912], [33.0419946, 57.3505386], [33.0416114, 57.3504099], [33.0413475, 57.3505845], [33.0411516, 57.350805], [33.0407259, 57.3510576], [33.0407259, 57.3512368], [33.0407855, 57.3513654]], [[33.042672, 57.3502716], [33.0433259, 57.3501357], [33.0439662, 57.3498894], [33.0440752, 57.3495808], [33.0439934, 57.3493309], [33.043755, 57.3494227], [33.0436665, 57.3496359], [33.0434008, 57.3498968], [33.042999, 57.3500585], [33.042672, 57.3502716]], [[33.0445997, 57.3491471], [33.0444975, 57.3493603], [33.0447563, 57.3494779], [33.0448653, 57.3493786], [33.0447767, 57.3492904], [33.0448449, 57.3491839], [33.0447018, 57.3490993], [33.0445997, 57.3491471]], [[33.0161742, 57.3600881], [33.016254, 57.3603105], [33.015948, 57.3605473], [33.015642, 57.3605401], [33.015509, 57.3603607], [33.0158283, 57.3601383], [33.0161742, 57.3600881]], [[33.0129547, 57.3615949], [33.0131542, 57.3615016], [33.0133538, 57.3614298], [33.0137263, 57.3614944], [33.0135001, 57.3617168], [33.013234, 57.3618675], [33.0129414, 57.3617886], [33.0129547, 57.3615949]], [[33.0650257, 57.3418752], [33.0656238, 57.3415465], [33.0661221, 57.3413493], [33.0661664, 57.3415226], [33.0659338, 57.3417497], [33.065513, 57.3418692], [33.0650257, 57.3418752]], [[33.0258435, 57.3575295], [33.0259431, 57.3573144], [33.0256884, 57.357189], [33.0260317, 57.3571173], [33.0262865, 57.35695], [33.0264969, 57.3567469], [33.0270838, 57.3566155], [33.0272943, 57.356729], [33.0272057, 57.3568903], [33.0270617, 57.3569441], [33.0268623, 57.3568963], [33.026807, 57.3570516], [33.0266076, 57.3572129], [33.0266076, 57.3573622], [33.0265744, 57.3574936], [33.026508, 57.3575832], [33.0261868, 57.3575175], [33.0258435, 57.3575295]], [[33.0129747, 57.3621647], [33.0129415, 57.3620512], [33.0130522, 57.3619796], [33.0136059, 57.3621528], [33.0140711, 57.3622543], [33.0142926, 57.3621289], [33.0146137, 57.3619437], [33.0148906, 57.3619796], [33.014946, 57.3619139], [33.0154665, 57.3618721], [33.0157987, 57.3616929], [33.0163414, 57.3613882], [33.0160092, 57.3617406], [33.0156548, 57.3620393], [33.0156437, 57.3623917], [33.0160535, 57.3625709], [33.0161088, 57.3627501], [33.0156215, 57.3628874], [33.0152561, 57.3629472], [33.0146913, 57.3628337], [33.014359, 57.3628516], [33.0137167, 57.3628098], [33.0135063, 57.3626485], [33.0130411, 57.3627381], [33.0129747, 57.3621647]], [[33.0088719, 57.3623296], [33.0088967, 57.3622243], [33.0091057, 57.3620897], [33.0093931, 57.3620255], [33.0098243, 57.3621206], [33.0104223, 57.3621923], [33.010965, 57.3622281], [33.0112972, 57.3625447], [33.0116184, 57.3630523], [33.0118621, 57.3635899], [33.0117513, 57.3639244], [33.0111976, 57.3641274], [33.0107657, 57.3640498], [33.0102008, 57.3637332], [33.0097579, 57.3634585], [33.0096471, 57.3631957], [33.0093702, 57.3628732], [33.0090602, 57.3627179], [33.0088719, 57.3623296]]]}}, {"type": "Feature", "id": "relation/1729194", "properties": {"name": "Дивное", "osm": "relation/1729194", "natural": "water", "water": "lake", "waterway": null, "kind": "area"}, "geometry": {"type": "MultiPolygon", "coordinates": [[[[33.0790025, 57.2052376], [33.0787716, 57.205101], [33.0773177, 57.2048546], [33.0761272, 57.204918], [33.0759662, 57.20504], [33.0759126, 57.2052579], [33.0757141, 57.2053247], [33.0754942, 57.2053887], [33.075065, 57.2053683], [33.0748182, 57.2050952], [33.0747431, 57.2048366], [33.0748022, 57.204578], [33.0749524, 57.2044008], [33.0750489, 57.2042264], [33.0750283, 57.2041475], [33.0745768, 57.2040172], [33.0745286, 57.2038632], [33.0745333, 57.203727], [33.0744235, 57.2036534], [33.0742443, 57.2033518], [33.074373, 57.2031513], [33.0746144, 57.202916], [33.0747861, 57.2027358], [33.0746949, 57.2024511], [33.0745286, 57.2023377], [33.0741692, 57.2021837], [33.0738503, 57.2018935], [33.073626, 57.201543], [33.0734771, 57.2013265], [33.0730855, 57.2008819], [33.0727583, 57.2006785], [33.0723453, 57.2005739], [33.0710471, 57.200231], [33.0705482, 57.2000334], [33.0700177, 57.1997369], [33.0696791, 57.1994319], [33.0695397, 57.1991936], [33.0695987, 57.198871], [33.0696309, 57.1986327], [33.0695343, 57.1984758], [33.0691561, 57.1984387], [33.0689067, 57.1985165], [33.0686706, 57.1986705], [33.0681074, 57.1992313], [33.0680269, 57.1995568], [33.0683327, 57.1997864], [33.0687672, 57.1999578], [33.0693036, 57.2000595], [33.0693895, 57.2001002], [33.0694592, 57.2001612], [33.0695397, 57.2003065], [33.0694699, 57.2004547], [33.0693519, 57.2005245], [33.0690193, 57.2005012], [33.068374, 57.2002424], [33.0680301, 57.2001056], [33.0674744, 57.200045], [33.0670989, 57.2000508], [33.0669808, 57.2001177], [33.0669218, 57.2002077], [33.0790025, 57.2052376]], [[33.0707088, 57.2018306], [33.0709497, 57.2018494], [33.0710896, 57.2018444], [33.0711968, 57.2018162], [33.0713101, 57.2017493], [33.071353, 57.2017133], [33.0713775, 57.2016663], [33.0713673, 57.201611], [33.0712948, 57.2015828], [33.0711978, 57.2015684], [33.0710437, 57.201569], [33.0709283, 57.2015828], [33.0708691, 57.2016049], [33.0706761, 57.2017034], [33.0706547, 57.2017365], [33.0706567, 57.2017692], [33.070668, 57.2018046], [33.0707088, 57.2018306]], [[33.0769728, 57.2062414], [33.0770259, 57.2061474], [33.0770606, 57.2060301], [33.0771056, 57.2059726], [33.0771484, 57.2059428], [33.0772036, 57.2059317], [33.0772587, 57.2059262], [33.0775242, 57.2059383], [33.0777569, 57.2059815], [33.078002, 57.2060644], [33.0781572, 57.2061617], [33.0782082, 57.2062403], [33.0781878, 57.2064006], [33.0779836, 57.206457], [33.0778468, 57.2064504], [33.0777222, 57.2064615], [33.077614, 57.2064891], [33.0775385, 57.2065079], [33.0773731, 57.2065123], [33.0772689, 57.2065024], [33.0770402, 57.2064626], [33.0769647, 57.2064327], [33.0769443, 57.2063962], [33.0769728, 57.2062414]]], [[[[33.0669218, 57.2002077], [33.0670506, 57.2003269], [33.0673778, 57.2005071], [33.0678391, 57.2006698], [33.0681771, 57.2010156], [33.068397, 57.2012771], [33.0685848, 57.2014282], [33.0687404, 57.2016839], [33.0688745, 57.2019222], [33.0690569, 57.2020065], [33.0691728, 57.2020195], [33.0694807, 57.2019658], [33.0698162, 57.2018225], [33.0702156, 57.201835], [33.0707627, 57.2024394], [33.0713743, 57.2028462], [33.0718678, 57.2033141], [33.0719536, 57.203532], [33.0719268, 57.2037005], [33.0718195, 57.2038981], [33.0719268, 57.2044211], [33.0720127, 57.2047436], [33.072195, 57.2049819], [33.0723882, 57.2051126], [33.072812, 57.2052957], [33.0731714, 57.2054032], [33.0734074, 57.205531], [33.0736005, 57.2057577], [33.0735952, 57.2059901], [33.0735791, 57.2062371], [33.0734128, 57.2064521], [33.0732197, 57.2066438], [33.0729246, 57.2067629], [33.0726457, 57.2068414], [33.0725115, 57.2070157], [33.0725437, 57.2072046], [33.0727476, 57.2073586], [33.0730587, 57.2073789], [33.0733967, 57.2072772], [33.0739766, 57.2072397], [33.0743504, 57.2073316], [33.0750543, 57.2075765], [33.0753279, 57.2077421], [33.0755639, 57.2079222], [33.0761915, 57.20796], [33.0767226, 57.2079048], [33.0772215, 57.207806], [33.0776528, 57.2076274], [33.077817, 57.2075387], [33.0778545, 57.2072365], [33.0780369, 57.2070738], [33.0782357, 57.2069703], [33.0786645, 57.2070331], [33.079112, 57.2071413], [33.0793244, 57.207222], [33.079378, 57.2074079], [33.0792332, 57.2075852], [33.0788201, 57.2076927], [33.0785626, 57.207806], [33.0784607, 57.2078728], [33.0784661, 57.2080413], [33.0786377, 57.2082098], [33.0790039, 57.2082961], [33.0794048, 57.2082389], [33.0795979, 57.2079948], [33.0799574, 57.2076665], [33.0800164, 57.2074254], [33.0799037, 57.2072249], [33.0797428, 57.2070709], [33.0795926, 57.207039], [33.0793565, 57.2070361], [33.07926, 57.2069663], [33.0791849, 57.2066671], [33.0791795, 57.2064433], [33.0790883, 57.2061993], [33.0789076, 57.2060694], [33.0788545, 57.2057961], [33.0791541, 57.2054329], [33.0790025, 57.2052376], [33.0669218, 57.2002077]]]]]}}, {"type": "Feature", "id": "relation/9617478", "properties": {"name": "Серемо", "osm": "relation/9617478", "natural": "water", "water": null, "waterway": null, "kind": "area"}, "geometry": {"type": "MultiPolygon", "coordinates": [[[[[33.222055, 57.2928949], [33.2227149, 57.2925598], [33.2232325, 57.292297], [33.222055, 57.2928949]]]], [[[[33.222055, 57.2928949], [33.221327, 57.2929294], [33.2194436, 57.2926964], [33.2155988, 57.2941017], [33.2118514, 57.2946403], [33.2108801, 57.2948982], [33.2101057, 57.2955857], [33.2085127, 57.2962915], [33.2059858, 57.2967915], [33.2007677, 57.2971617], [33.1986555, 57.2973947], [33.197881, 57.2980271], [33.1974057, 57.2988925], [33.1963727, 57.3000374], [33.1963299, 57.3003393], [33.1963284, 57.3006072], [33.1980629, 57.3017724], [33.2008563, 57.3027867], [33.2021272, 57.3032464], [33.2052991, 57.3059722], [33.2042692, 57.307363], [33.2058141, 57.3081975], [33.2028959, 57.309032], [33.1980894, 57.3115352], [33.1973144, 57.3137043], [33.19867, 57.3150834], [33.1998608, 57.3160954], [33.205448, 57.3170091], [33.2095907, 57.3187658], [33.2125932, 57.3193708], [33.2147339, 57.318834], [33.2162855, 57.3170046], [33.2198904, 57.315058], [33.2215216, 57.3143982], [33.2221219, 57.3132039], [33.2215455, 57.3115186], [33.2229889, 57.310491], [33.2257367, 57.3098528], [33.2261682, 57.3082378], [33.2239163, 57.3068782], [33.2222936, 57.3074558], [33.2179397, 57.3064484], [33.2208962, 57.3060423], [33.2233236, 57.3053232], [33.2251298, 57.3055839], [33.2267568, 57.3044886], [33.2330748, 57.3036418], [33.2309137, 57.302043], [33.2309373, 57.3015447], [33.231561, 57.3011357], [33.2331063, 57.3009621], [33.233153, 57.3007104], [33.2331893, 57.3003535], [33.2327331, 57.3002663], [33.2306338, 57.300701], [33.2295636, 57.3005655], [33.2274358, 57.2992743], [33.2252119, 57.2992028], [33.2246859, 57.2988486], [33.2252282, 57.2978184], [33.2251582, 57.2971757], [33.2248467, 57.2968127], [33.2242485, 57.2964479], [33.2231114, 57.2963345], [33.2229015, 57.2959659], [33.2231814, 57.2955689], [33.2241786, 57.2952664], [33.2244235, 57.2949072], [33.2237587, 57.2947749], [33.2227354, 57.2950015], [33.2203934, 57.2939194], [33.2203902, 57.2934118], [33.2239626, 57.2932299], [33.2241248, 57.2925404], [33.2232325, 57.292297], [33.222055, 57.2928949]]]]]}}, {"type": "Feature", "id": "relation/17001378", "properties": {"name": null, "osm": "relation/17001378", "natural": "water", "water": "river", "waterway": null, "kind": "area"}, "geometry": {"type": "MultiPolygon", "coordinates": [[[[[33.0092007, 57.5193123], [33.0093517, 57.5190929], [33.0088573, 57.519031], [33.0092007, 57.5193123]]]], [[[[33.0092007, 57.5193123], [33.0094019, 57.5192137], [33.0094796, 57.5191388], [33.0097854, 57.519061], [33.009941, 57.5190855], [33.0101556, 57.5191518], [33.0103594, 57.5191676], [33.0104828, 57.5192404], [33.0105914, 57.5193253], [33.0107255, 57.5194298], [33.010743, 57.5194226], [33.0107725, 57.519401], [33.0105177, 57.5191935], [33.0104484, 57.5191353], [33.0102923, 57.519092], [33.0100161, 57.5190344], [33.0098525, 57.5189688], [33.0097076, 57.5189804], [33.0096124, 57.5190308], [33.0093965, 57.519061], [33.0088573, 57.519031], [33.0092007, 57.5193123]]]]]}}, {"type": "Feature", "id": "relation/18358803", "properties": {"name": "Святое", "osm": "relation/18358803", "natural": "water", "water": null, "waterway": null, "kind": "area"}, "geometry": {"type": "Polygon", "coordinates": [[[32.9337737, 57.3108641], [32.93425, 57.31], [32.9334088, 57.309593], [32.933, 57.309], [32.9315794, 57.3098786], [32.9303531, 57.3099287], [32.93, 57.30925], [32.93275, 57.30775], [32.93275, 57.30725], [32.93175, 57.30675], [32.9315, 57.30625], [32.9314459, 57.3053431], [32.9311913, 57.3051335], [32.9315, 57.30425], [32.9317006, 57.3033698], [32.9307949, 57.3026692], [32.9291933, 57.3024138], [32.9289925, 57.3024594], [32.9288677, 57.3024878], [32.9288083, 57.3025013], [32.9287628, 57.3025709], [32.9285265, 57.3029328], [32.9286243, 57.303524], [32.92925, 57.30425], [32.92925, 57.30675], [32.9295, 57.307], [32.9285, 57.30875], [32.9285, 57.31025], [32.9285, 57.31125], [32.929, 57.31275], [32.93, 57.314], [32.93025, 57.31425], [32.93, 57.3145], [32.92975, 57.315], [32.931, 57.3165], [32.93125, 57.31675], [32.931, 57.31875], [32.9315, 57.31975], [32.93175, 57.32], [32.93125, 57.32125], [32.93125, 57.32175], [32.932, 57.32225], [32.93225, 57.323], [32.93225, 57.324], [32.93175, 57.3245], [32.9315, 57.32475], [32.93175, 57.32575], [32.93125, 57.3265], [32.9335, 57.3285], [32.934, 57.329], [32.93625, 57.33], [32.9373995, 57.3307076], [32.9376012, 57.3308317], [32.9377212, 57.3309056], [32.9389407, 57.3309427], [32.9388691, 57.3301773], [32.938, 57.32975], [32.936, 57.32775], [32.934, 57.32775], [32.93325, 57.32675], [32.9325, 57.32625], [32.933681, 57.3257365], [32.9361031, 57.3256357], [32.9365675, 57.3248429], [32.93575, 57.32425], [32.9344325, 57.3240929], [32.9358992, 57.3235055], [32.93625, 57.32275], [32.93775, 57.3235], [32.93825, 57.3235], [32.939, 57.323], [32.9395, 57.32175], [32.93975, 57.3215], [32.943, 57.321], [32.94425, 57.32025], [32.94375, 57.3195], [32.94325, 57.3195], [32.941, 57.3205], [32.939, 57.3205], [32.9385, 57.3205], [32.937, 57.3215], [32.93625, 57.32175], [32.9355, 57.32025], [32.936, 57.32], [32.936, 57.3185], [32.93675, 57.318], [32.93925, 57.31875], [32.941, 57.3185], [32.94225, 57.31875], [32.9435, 57.31875], [32.943, 57.318], [32.93775, 57.31675], [32.93725, 57.317], [32.93675, 57.317], [32.93575, 57.31625], [32.93425, 57.31575], [32.93275, 57.3155], [32.932, 57.3145], [32.9335, 57.31375], [32.9346185, 57.3116149], [32.9337737, 57.3108641]], [[32.9344605, 57.317856], [32.9348596, 57.317863], [32.9350957, 57.3177911], [32.9350184, 57.317666], [32.9347996, 57.3175524], [32.9345506, 57.3174435], [32.9342588, 57.317425], [32.934173, 57.3175687], [32.9342846, 57.3177633], [32.9344605, 57.317856]]]}}, {"type": "Feature", "id": "way/20542587", "properties": {"name": "Боярское", "osm": "way/20542587", "natural": "water", "water": null, "waterway": null, "kind": "area"}, "geometry": {"type": "Polygon", "coordinates": [[[33.1983861, 57.2871351], [33.1982854, 57.2875953], [33.1983597, 57.2878204], [33.1985563, 57.2879723], [33.1989168, 57.2880986], [33.199247, 57.2883189], [33.1994191, 57.2886822], [33.1999295, 57.2892808], [33.2008805, 57.2896323], [33.201423, 57.2897449], [33.2019177, 57.2897913], [33.202802, 57.2897482], [33.2032998, 57.2896356], [33.2035603, 57.2894518], [33.2036606, 57.2893073], [33.2037019, 57.2885399], [33.2040643, 57.2878295], [33.2042271, 57.2866428], [33.2043201, 57.286537], [33.204623, 57.2863955], [33.2047893, 57.2862329], [33.204896, 57.2859577], [33.2048088, 57.2856791], [33.2046562, 57.2853764], [33.2046608, 57.2849887], [33.2046517, 57.2847835], [33.2045774, 57.2845935], [33.2043491, 57.2844274], [33.2040321, 57.2843105], [33.2037024, 57.2843788], [33.2031158, 57.2845362], [33.2021881, 57.2845997], [33.201072, 57.2844675], [33.2001214, 57.2845968], [33.1998116, 57.2848147], [33.1997212, 57.2850655], [33.1997303, 57.2854669], [33.1994191, 57.2859445], [33.1983861, 57.2871351]]]}}, {"type": "Feature", "id": "way/28834954", "properties": {"name": "Долгое", "osm": "way/28834954", "natural": "water", "water": null, "waterway": null, "kind": "area"}, "geometry": {"type": "Polygon", "coordinates": [[[32.9435082, 57.347055], [32.94375, 57.34625], [32.9423472, 57.3457662], [32.9417075, 57.3443509], [32.941199, 57.3438601], [32.9410939, 57.3434117], [32.94125, 57.34275], [32.9415, 57.3425], [32.9412336, 57.3419451], [32.9398593, 57.3415144], [32.939622, 57.3414401], [32.9395516, 57.341418], [32.9394566, 57.3427253], [32.9409038, 57.3449191], [32.9409286, 57.3463903], [32.9407442, 57.3465804], [32.9407199, 57.3471233], [32.9409098, 57.3474446], [32.9399566, 57.3490557], [32.9399016, 57.3500615], [32.9402147, 57.3506965], [32.9415065, 57.3510097], [32.94225, 57.35025], [32.94225, 57.3495], [32.9429435, 57.3478099], [32.9435082, 57.347055]]]}}, {"type": "Feature", "id": "way/30163681", "properties": {"name": "Глушица", "osm": "way/30163681", "natural": null, "water": null, "waterway": "river", "kind": "connector"}, "geometry": {"type": "LineString", "coordinates": [[32.7343656, 57.2032809], [32.7332505, 57.2044889], [32.7333475, 57.2066684], [32.7341232, 57.2086378], [32.7358686, 57.2087691], [32.7375655, 57.2098194], [32.7404745, 57.2100294], [32.7445956, 57.211421], [32.7482318, 57.2118148], [32.7492014, 57.2122612], [32.7494923, 57.214204], [32.7501711, 57.2156479], [32.7511893, 57.2180368], [32.7511408, 57.2209768], [32.7506075, 57.2224204], [32.7471652, 57.2230766], [32.7425593, 57.224074], [32.7397472, 57.2235228], [32.7366928, 57.2227879], [32.732661, 57.2231294], [32.7321936, 57.2230708], [32.7320305, 57.2229681], [32.7316914, 57.2230446], [32.7314858, 57.2230325], [32.7313898, 57.2229158], [32.7309521, 57.2227146], [32.7306744, 57.2227714], [32.7303711, 57.2226879], [32.7302792, 57.2224992], [32.7301829, 57.2224041], [32.7302464, 57.2222908], [32.730194, 57.2222321], [32.7298486, 57.2221944], [32.7297634, 57.2221349], [32.7299838, 57.2219746], [32.7296805, 57.2217409], [32.7298338, 57.2215853], [32.7295305, 57.2214237], [32.7290484, 57.2212917], [32.7287096, 57.2214282], [32.7286737, 57.221508], [32.7285411, 57.2215454], [32.7284014, 57.2216664], [32.7283205, 57.2219135], [32.7284151, 57.2219991], [32.7280346, 57.222154], [32.7274199, 57.2222206], [32.7272512, 57.222152], [32.7268132, 57.2221713], [32.7267362, 57.2223027], [32.7265485, 57.2223771], [32.7263178, 57.2222879], [32.7262043, 57.2223715], [32.7257758, 57.2223125], [32.7256486, 57.2224023], [32.7253893, 57.2223865], [32.7253044, 57.2222359], [32.7246222, 57.2224268], [32.7245335, 57.2225561], [32.7244098, 57.2227564], [32.7242036, 57.2227862], [32.7242041, 57.2229207], [32.7241529, 57.2230745], [32.7239264, 57.2231423], [32.7237298, 57.2231605], [32.7236534, 57.2230102], [32.7235411, 57.222979], [32.7233541, 57.2231377], [32.7230749, 57.2231151], [32.7227972, 57.2232779], [32.7226328, 57.2231565], [32.7224052, 57.2231428], [32.7222979, 57.2233698], [32.7221528, 57.2233773], [32.722008, 57.223281], [32.7218675, 57.223299], [32.7219587, 57.2234548], [32.7216998, 57.2234627], [32.7214938, 57.2234772], [32.7211655, 57.2232872], [32.7208253, 57.2231739], [32.7204115, 57.2231005], [32.7195773, 57.2231292], [32.7194719, 57.2228289], [32.7192149, 57.2226625], [32.7190657, 57.222504], [32.7187232, 57.2227473], [32.7184838, 57.2227375], [32.7184318, 57.2228237], [32.7184924, 57.2229404], [32.7182298, 57.2230669], [32.7180879, 57.2230251], [32.7176605, 57.2231342], [32.7170068, 57.2229412], [32.7164809, 57.2226683], [32.7145845, 57.2225779], [32.7132542, 57.2230851], [32.7119755, 57.2231913], [32.7117071, 57.2233528], [32.711773, 57.2236415], [32.7114974, 57.2238488], [32.7113812, 57.2241165], [32.7110266, 57.2244108], [32.7080423, 57.225276], [32.7070424, 57.2263996], [32.7094059, 57.2276134], [32.7085927, 57.228554], [32.7092419, 57.2288469], [32.7096206, 57.2289347], [32.7093493, 57.2294206], [32.7100161, 57.2297567], [32.71066, 57.2297691], [32.710798, 57.22957], [32.711166, 57.2295451], [32.7113269, 57.2296944], [32.711028, 57.2298314], [32.711051, 57.2299558], [32.7118099, 57.2301176], [32.7119708, 57.2303043], [32.7120858, 57.2317231], [32.7119248, 57.2318475], [32.7123847, 57.2318724], [32.7130516, 57.23186], [32.7133735, 57.2319347], [32.7135116, 57.2323952], [32.7138334, 57.2325321], [32.7144543, 57.2326317], [32.7145694, 57.2326939], [32.7144773, 57.2328059], [32.7138334, 57.2329926], [32.7137185, 57.23359], [32.7127527, 57.234063], [32.7124307, 57.2341127], [32.7121088, 57.2340381], [32.7117638, 57.2337269], [32.7114879, 57.23359], [32.7093263, 57.23359], [32.7090504, 57.2337393], [32.7089583, 57.2340381], [32.7090963, 57.2344114], [32.7095562, 57.2346478], [32.7099932, 57.2347723], [32.7101542, 57.2348844], [32.710545, 57.2356186], [32.7111889, 57.236104], [32.7122698, 57.2367761], [32.7124307, 57.2372615], [32.7126837, 57.2373238], [32.7143854, 57.2376722], [32.7146613, 57.2376722], [32.7150982, 57.2372864], [32.7154661, 57.2371744], [32.7159261, 57.2371868], [32.716248, 57.2373113], [32.7162021, 57.2374606], [32.716133, 57.2379336], [32.716294, 57.2383195], [32.7168229, 57.2386928], [32.7176508, 57.2389541], [32.7178117, 57.2390911], [32.7183406, 57.2400868], [32.7182487, 57.2403232], [32.7176508, 57.2408708], [32.7174898, 57.2412193], [32.7174668, 57.2414433], [32.7173748, 57.2416052], [32.7169149, 57.2417918], [32.7168229, 57.2419661], [32.7168919, 57.2421155], [32.7174208, 57.2424888], [32.7178117, 57.2426879], [32.7188695, 57.2430986], [32.7190995, 57.2432231], [32.7193065, 57.2433974], [32.7194905, 57.2435964], [32.7196284, 57.243833], [32.7197713, 57.2441745]]}}, {"type": "Feature", "id": "way/30164445", "properties": {"name": "Рясивое", "osm": "way/30164445", "natural": "water", "water": null, "waterway": null, "kind": "area"}, "geometry": {"type": "Polygon", "coordinates": [[[32.8032181, 57.2951861], [32.802886, 57.2953104], [32.802886, 57.2956416], [32.8031414, 57.295821], [32.8037034, 57.2960143], [32.8041121, 57.2960419], [32.8049551, 57.2960143], [32.8053383, 57.2961522], [32.8057215, 57.2964145], [32.8055938, 57.2966353], [32.8052872, 57.2966905], [32.8046231, 57.2967181], [32.8034991, 57.2974496], [32.8033969, 57.2976152], [32.8035435, 57.2981649], [32.8038567, 57.2983881], [32.8050318, 57.2986089], [32.8057726, 57.2986503], [32.8059003, 57.2984847], [32.8065134, 57.2981948], [32.8066922, 57.2979602], [32.8066156, 57.2977118], [32.8064112, 57.29756], [32.8064112, 57.2974634], [32.80659, 57.2974496], [32.8069732, 57.2974772], [32.8080717, 57.2975186], [32.8082505, 57.2976566], [32.8090424, 57.2978637], [32.8096043, 57.2978637], [32.8102429, 57.2977946], [32.8105239, 57.2975738], [32.810575, 57.297284], [32.8108305, 57.2969251], [32.8112648, 57.2968147], [32.8115202, 57.2968699], [32.8117246, 57.2969941], [32.8121333, 57.2970494], [32.8125931, 57.2970218], [32.8128996, 57.2969251], [32.8134871, 57.2962075], [32.8134361, 57.2959315], [32.8132573, 57.295752], [32.813385, 57.2955726], [32.8141003, 57.2953656], [32.8153839, 57.295372], [32.815684, 57.2955312], [32.815684, 57.295683], [32.8155308, 57.2958348], [32.8156127, 57.296052], [32.8168025, 57.2964353], [32.8170542, 57.2966084], [32.8174203, 57.2966826], [32.8195025, 57.2966949], [32.8200058, 57.2967196], [32.8202346, 57.2968062], [32.8205855, 57.2968722], [32.8216105, 57.2968562], [32.8219425, 57.2967457], [32.822198, 57.2965525], [32.8222746, 57.2963593], [32.8220192, 57.2961799], [32.8218404, 57.2960143], [32.8218404, 57.2958624], [32.8222746, 57.295683], [32.8235774, 57.2956002], [32.824216, 57.2956554], [32.824497, 57.2957244], [32.8248547, 57.2957244], [32.8253401, 57.295614], [32.8259787, 57.295614], [32.8262596, 57.2957106], [32.826464, 57.2958901], [32.8264896, 57.2960694], [32.8267195, 57.2962212], [32.8272048, 57.2963731], [32.8281755, 57.2963731], [32.8287375, 57.2963179], [32.8293251, 57.2961108], [32.8296316, 57.2959038], [32.8299381, 57.2956692], [32.8299381, 57.295407], [32.8301169, 57.2952828], [32.8306279, 57.295131], [32.8311132, 57.2947997], [32.8313942, 57.2946617], [32.8317518, 57.2946203], [32.8326715, 57.2947031], [32.833029, 57.2947031], [32.8338976, 57.2944271], [32.8339591, 57.2943606], [32.8340509, 57.2942614], [32.8339743, 57.2941097], [32.8319204, 57.293759], [32.8313727, 57.2937404], [32.8309962, 57.2938144], [32.8306539, 57.2937404], [32.83038, 57.2935], [32.8301062, 57.2935], [32.8295242, 57.2938329], [32.8287027, 57.2939624], [32.8282576, 57.2942028], [32.8278126, 57.2943507], [32.8271965, 57.2943692], [32.826375, 57.2944987], [32.8256561, 57.2948131], [32.82504, 57.2949426], [32.8223699, 57.294961], [32.8215141, 57.2948316], [32.8207953, 57.2946836], [32.8205215, 57.2945357], [32.820453, 57.2942768], [32.8191865, 57.2942397], [32.8185703, 57.2943878], [32.818228, 57.2946282], [32.817783, 57.2947021], [32.8176803, 57.2949795], [32.8173722, 57.2951275], [32.8166534, 57.2952015], [32.8135726, 57.295146], [32.8132303, 57.2950535], [32.812888, 57.2949981], [32.8124772, 57.2951275], [32.8118953, 57.2951275], [32.8103549, 57.2948131], [32.8099441, 57.2945172], [32.8094307, 57.2943692], [32.8086434, 57.2943692], [32.8079588, 57.2945912], [32.8064183, 57.2953864], [32.8059391, 57.2955714], [32.8053915, 57.2955898], [32.804878, 57.2955343], [32.8048095, 57.2953864], [32.8047055, 57.295278], [32.8043302, 57.2951645], [32.8034402, 57.295146], [32.8032181, 57.2951861]]]}}, {"type": "Feature", "id": "way/30196394", "properties": {"name": "Глубокое", "osm": "way/30196394", "natural": "water", "water": null, "waterway": null, "kind": "area"}, "geometry": {"type": "Polygon", "coordinates": [[[33.1243181, 57.2388698], [33.1228777, 57.2392324], [33.1227955, 57.2396488], [33.1232291, 57.2400513], [33.1243506, 57.2405004], [33.1249582, 57.2405676], [33.12582, 57.2404969], [33.1259333, 57.2407031], [33.1259039, 57.2412627], [33.1258112, 57.2425277], [33.1261612, 57.2433739], [33.1266601, 57.2437522], [33.1271366, 57.2436893], [33.1273114, 57.2435059], [33.1285335, 57.2435513], [33.1287464, 57.2437287], [33.1287219, 57.2440241], [33.128045, 57.244199], [33.1277257, 57.244308], [33.1276907, 57.2444334], [33.129311, 57.2451283], [33.1305885, 57.2455252], [33.1323526, 57.2459149], [33.1333328, 57.2458168], [33.1344252, 57.24557], [33.1360403, 57.2454059], [33.1368283, 57.2452449], [33.137602, 57.2449875], [33.1380863, 57.244637], [33.1384389, 57.2438177], [33.1390778, 57.2429414], [33.1392857, 57.2423414], [33.1394105, 57.2421534], [33.1397102, 57.2420133], [33.1408417, 57.2418689], [33.1418464, 57.2414133], [33.1424769, 57.2409338], [33.142971, 57.2408366], [33.1438719, 57.2409679], [33.1448822, 57.2408034], [33.1454191, 57.2408602], [33.1457656, 57.2409305], [33.1459857, 57.2408912], [33.1464968, 57.2407288], [33.1478663, 57.2396617], [33.1485355, 57.2391139], [33.148771, 57.2387432], [33.1485251, 57.2382367], [33.1479089, 57.2377896], [33.1475031, 57.237636], [33.1460117, 57.2377868], [33.1437945, 57.2384779], [33.142943, 57.2390619], [33.1410842, 57.2399403], [33.1401122, 57.2401522], [33.1392072, 57.2407106], [33.1374787, 57.2409023], [33.1355986, 57.2415946], [33.1344223, 57.2411323], [33.1327368, 57.2403689], [33.1301073, 57.2400646], [33.1277191, 57.2393715], [33.1273653, 57.2399426], [33.1267065, 57.2404453], [33.1263292, 57.2404501], [33.1264903, 57.2402942], [33.1265509, 57.2401676], [33.1265425, 57.2397288], [33.1265076, 57.239427], [33.1262638, 57.2391138], [33.1255413, 57.2388641], [33.1249862, 57.2387614], [33.1243181, 57.2388698]]]}}, {"type": "Feature", "id": "way/30196495", "properties": {"name": null, "osm": "way/30196495", "natural": null, "water": null, "waterway": "canal", "kind": "connector"}, "geometry": {"type": "LineString", "coordinates": [[33.1455893, 57.2532512], [33.145244, 57.2538273], [33.1447472, 57.2543229], [33.1445262, 57.2548063], [33.1446324, 57.2551928], [33.1443663, 57.2555683], [33.143464, 57.2558202], [33.1429458, 57.2562995], [33.1426816, 57.2574453], [33.1419523, 57.258014], [33.1404457, 57.258539], [33.1396748, 57.2584555]]}}, {"type": "Feature", "id": "way/48872395", "properties": {"name": "Близна", "osm": "way/48872395", "natural": null, "water": null, "waterway": "river", "kind": "connector"}, "geometry": {"type": "LineString", "coordinates": [[32.8426983, 57.2400203], [32.8424546, 57.2404654], [32.8411294, 57.2415698], [32.8399413, 57.2421385], [32.8394387, 57.2424435], [32.8392711, 57.2427237], [32.8393168, 57.2433171], [32.8391797, 57.2437209], [32.8396062, 57.2443472], [32.8394996, 57.2448582], [32.8390122, 57.2450477], [32.8394844, 57.2454928], [32.8391797, 57.2457812], [32.8393168, 57.2460367], [32.8387532, 57.2461273], [32.8387075, 57.2464075], [32.8391182, 57.246604], [32.839071, 57.2471915], [32.838835, 57.2474852], [32.839071, 57.2475491], [32.8390946, 57.2476896], [32.8391891, 57.2478811], [32.8394723, 57.2479067], [32.8396376, 57.2479961], [32.8395904, 57.2481366], [32.8395904, 57.248277], [32.8398501, 57.2483154], [32.8401805, 57.2483792], [32.8403222, 57.2485452], [32.8401569, 57.2488262], [32.840275, 57.2489539], [32.8405346, 57.2490178], [32.8404874, 57.2491455], [32.8403222, 57.2492221], [32.840393, 57.249337], [32.8406527, 57.2493754], [32.8407235, 57.2494903], [32.8404874, 57.2496052], [32.8403694, 57.2497585], [32.8404166, 57.2500011], [32.8405346, 57.2501416], [32.8407943, 57.2501544], [32.841054, 57.2501927], [32.8411484, 57.2503459], [32.8412192, 57.2506652], [32.8414553, 57.2508184], [32.8417858, 57.2509461], [32.8419038, 57.2511249], [32.841951, 57.2512781], [32.8422815, 57.2513931], [32.842612, 57.251508], [32.8427537, 57.2516996], [32.8434619, 57.2518273], [32.8435091, 57.2521082], [32.8432022, 57.2526573], [32.8431786, 57.2528233], [32.8433438, 57.2529638], [32.8436507, 57.2532447], [32.8436979, 57.2533852], [32.8435799, 57.2537044], [32.8437923, 57.2539981], [32.8440284, 57.2540492], [32.8443825, 57.2544067], [32.8449491, 57.2548025], [32.8456809, 57.2547898], [32.8460822, 57.2549558], [32.8463655, 57.2549558], [32.8465307, 57.2548408], [32.8465543, 57.2547004], [32.846814, 57.2546365], [32.847475, 57.2546238], [32.8478291, 57.2547004], [32.8479943, 57.2548025], [32.8483012, 57.2548153], [32.8485373, 57.2549047], [32.8485137, 57.2550962], [32.8486081, 57.2552494], [32.848915, 57.2553133], [32.8493163, 57.255326], [32.849694, 57.2552111], [32.850473, 57.2547131], [32.8507799, 57.2545855], [32.8511104, 57.2545982], [32.8518574, 57.2547367]]}}, {"type": "Feature", "id": "way/49220130", "properties": {"name": "Чёрное", "osm": "way/49220130", "natural": "water", "water": "lake", "waterway": null, "kind": "area"}, "geometry": {"type": "Polygon", "coordinates": [[[33.0448799, 57.2845763], [33.0453186, 57.2844988], [33.0454753, 57.2844584], [33.0456872, 57.2843556], [33.0458244, 57.2842659], [33.0458921, 57.2841696], [33.0459282, 57.2840968], [33.0458921, 57.2839675], [33.0457815, 57.2838659], [33.0454291, 57.2836976], [33.0450515, 57.2836338], [33.0447415, 57.2836575], [33.0445954, 57.2836748], [33.044467, 57.2837006], [33.0441984, 57.2837696], [33.0440469, 57.2838385], [33.0439827, 57.2839078], [33.0439079, 57.2840002], [33.0438758, 57.2840754], [33.0438367, 57.2842004], [33.0438581, 57.2843179], [33.0439222, 57.2844045], [33.0440233, 57.2844678], [33.0441929, 57.2845316], [33.0443842, 57.2845581], [33.0446738, 57.2845797], [33.0448799, 57.2845763]]]}}, {"type": "Feature", "id": "way/60916826", "properties": {"name": "Долгое", "osm": "way/60916826", "natural": "water", "water": null, "waterway": null, "kind": "area"}, "geometry": {"type": "Polygon", "coordinates": [[[33.1907514, 57.2344157], [33.1905319, 57.2345952], [33.1903721, 57.234853], [33.1896734, 57.2348178], [33.1888028, 57.2346368], [33.1867698, 57.2343653], [33.1848445, 57.2344154], [33.182373, 57.2339256], [33.1807013, 57.2342996], [33.1791025, 57.2348267], [33.1786843, 57.2352129], [33.1788801, 57.2356838], [33.1793101, 57.2360808], [33.1799236, 57.2361619], [33.1803147, 57.2362964], [33.1807904, 57.2363611], [33.1825146, 57.2362044], [33.1829618, 57.2362189], [33.1837285, 57.2360708], [33.1855245, 57.2358707], [33.1881153, 57.2359578], [33.1895918, 57.2360136], [33.1907539, 57.2357278], [33.1912652, 57.2357374], [33.1914143, 57.2358932], [33.1914262, 57.2364149], [33.1917559, 57.2367978], [33.192527, 57.2370534], [33.1931253, 57.2370441], [33.1941865, 57.2365149], [33.1951381, 57.2360708], [33.1962474, 57.2358993], [33.1973737, 57.2352409], [33.1978782, 57.2350615], [33.1990813, 57.2351953], [33.2004366, 57.2350689], [33.2014422, 57.2349243], [33.2026917, 57.2345557], [33.2031759, 57.2345677], [33.2040123, 57.2348702], [33.2058611, 57.2347844], [33.2070232, 57.2340411], [33.2086079, 57.2339839], [33.208507, 57.2333658], [33.208033, 57.2327274], [33.2068119, 57.2326975], [33.2054913, 57.2329548], [33.201855, 57.2327638], [33.2000829, 57.2330367], [33.19871, 57.2337201], [33.1968754, 57.2336533], [33.1949497, 57.2334917], [33.1930252, 57.2336123], [33.1922159, 57.2337739], [33.191599, 57.2342698], [33.1907514, 57.2344157]]]}}, {"type": "Feature", "id": "way/62456617", "properties": {"name": "Сорога", "osm": "way/62456617", "natural": null, "water": null, "waterway": "river", "kind": "connector"}, "geometry": {"type": "LineString", "coordinates": [[33.3134183, 57.2085713], [33.3132252, 57.2083795], [33.3128749, 57.2080527], [33.3126818, 57.2078435], [33.3126244, 57.2075486], [33.3132504, 57.2073786], [33.313354, 57.2070895], [33.3132826, 57.2066697], [33.3131608, 57.2063341], [33.3134275, 57.2061062], [33.3134167, 57.2060248], [33.3133577, 57.2058563], [33.3132504, 57.2056035], [33.3131646, 57.2054234], [33.3133577, 57.2052287], [33.313524, 57.2051445], [33.3136383, 57.2048785], [33.3139961, 57.2047929], [33.314377, 57.2047987], [33.3146452, 57.2047784], [33.314738, 57.2047216], [33.3148453, 57.204431], [33.3150529, 57.2043629], [33.3151226, 57.204267], [33.315033, 57.2040765], [33.3150904, 57.2039706], [33.315151, 57.2038354], [33.3152422, 57.2036755], [33.3154069, 57.2035638], [33.3156338, 57.2035332], [33.3157234, 57.2034476], [33.3157395, 57.2033023], [33.3158414, 57.2031425], [33.3161418, 57.202974], [33.3161703, 57.2028765], [33.3160238, 57.2027967], [33.3156751, 57.2027183], [33.3155357, 57.2025933], [33.3157073, 57.2023957], [33.3159235, 57.2022488], [33.3160667, 57.2022127], [33.3161955, 57.2022475], [33.3163795, 57.2022459], [33.316453, 57.2021313], [33.3162062, 57.2019453], [33.3156698, 57.2017332], [33.3155518, 57.2016344], [33.3155587, 57.2014991], [33.3157878, 57.2014048], [33.3157663, 57.2012479], [33.315659, 57.2010009], [33.3153157, 57.2008673], [33.3151441, 57.2007743], [33.3152154, 57.2006274], [33.3153908, 57.2005709], [33.315423, 57.2004546], [33.3150958, 57.2004052], [33.3147149, 57.2003326], [33.3143126, 57.2003239], [33.3141034, 57.2001263], [33.3141103, 57.1999445], [33.313803, 57.1996177], [33.3135723, 57.1993736], [33.3133416, 57.199176], [33.3130788, 57.1991644], [33.3126941, 57.1990582], [33.3125316, 57.1989261], [33.3126335, 57.1988215], [33.3126174, 57.1986587], [33.3124635, 57.1984915], [33.3123653, 57.1983449], [33.3124672, 57.1982722], [33.3124136, 57.1981095], [33.3124189, 57.1979438], [33.3122795, 57.1977637], [33.3120863, 57.1974585], [33.3120611, 57.1972942], [33.3118626, 57.1971983], [33.3118932, 57.1970894], [33.311625, 57.1969935], [33.311271, 57.196918], [33.3110939, 57.1969063], [33.3110027, 57.1967668], [33.3110349, 57.1966157], [33.3105537, 57.1963526], [33.3100318, 57.1962699], [33.309667, 57.1962844], [33.3093129, 57.1963542], [33.308939, 57.1965066], [33.3086279, 57.1966112], [33.3081757, 57.1964646], [33.3079718, 57.1964268], [33.30765, 57.1964355], [33.3074676, 57.1963745], [33.3072155, 57.1960955], [33.3068185, 57.1959531], [33.3063035, 57.1958659], [33.3059924, 57.1958252], [33.3055326, 57.1959776], [33.3051732, 57.1960619], [33.3050214, 57.1961798], [33.3048015, 57.1962263], [33.3043525, 57.1962072], [33.3041486, 57.196152], [33.3039807, 57.1962088], [33.3037125, 57.1962524], [33.3027807, 57.196091], [33.3021783, 57.1959909], [33.3018189, 57.1958456], [33.301438, 57.1949795], [33.3012019, 57.194901], [33.3006279, 57.1949243], [33.3003436, 57.1949649], [33.3001559, 57.1949097], [33.3002272, 57.1943327], [33.3001076, 57.1942151], [33.2998608, 57.194186], [33.299598, 57.1942093], [33.2993673, 57.1940901], [33.2993727, 57.1938954], [33.2992922, 57.193785], [33.2988201, 57.1936687], [33.2984768, 57.1935844], [33.2984554, 57.1933548], [33.298391, 57.1928462], [33.298332, 57.1926282], [33.2984892, 57.1925045], [33.2988201, 57.192416], [33.2988738, 57.1922329], [33.2985895, 57.1920846], [33.2980316, 57.1919132], [33.2977204, 57.1919161], [33.2973396, 57.1919945], [33.2968943, 57.1919219], [33.2964598, 57.1919335], [33.2958606, 57.1918825], [33.2954352, 57.1917853], [33.295167, 57.1916051], [33.2950184, 57.191182], [33.2951133, 57.1910702], [33.2954529, 57.1909931], [33.2956085, 57.1910309], [33.2956444, 57.1911342], [33.2959448, 57.19114], [33.2960145, 57.1910325], [33.2961487, 57.19089], [33.2960199, 57.1905412], [33.2958858, 57.1903814], [33.2959019, 57.1901692], [33.2962023, 57.1900587], [33.2963579, 57.1900006], [33.2962828, 57.189739], [33.2959287, 57.1893989], [33.2958322, 57.1891373], [33.2961648, 57.1887652], [33.2959126, 57.188646], [33.2955961, 57.188614], [33.2955586, 57.1883815], [33.2953923, 57.1881286], [33.2952008, 57.1878741], [33.2953333, 57.1876924], [33.2952045, 57.1874599], [33.2948076, 57.1872854], [33.2944428, 57.1871982], [33.2941424, 57.1868378], [33.2935952, 57.1865878], [33.2931231, 57.1863552], [33.2931017, 57.1861459], [33.293048, 57.1858436], [33.292576, 57.1857157], [33.2917069, 57.1855761], [33.291149, 57.1855354], [33.2906088, 57.1854613], [33.290287, 57.1854729], [33.2899098, 57.1855501], [33.2897612, 57.1855659], [33.2896363, 57.1855356], [33.2894984, 57.1855107], [33.2893857, 57.1855892], [33.2892677, 57.1856735], [33.2890945, 57.1856402], [33.2889657, 57.1857013], [33.2888209, 57.1857856], [33.2886277, 57.1857914], [33.2885167, 57.1858392], [33.2884561, 57.1859309], [33.2885006, 57.1860543], [33.2884561, 57.1861344], [33.2882485, 57.1862142], [33.2882109, 57.1863305], [33.2884684, 57.1864526], [33.2885366, 57.1865879], [33.2884293, 57.1867274], [33.2881771, 57.1867507], [33.2877533, 57.1867129], [33.2869449, 57.1867288], [33.2864568, 57.1868189], [33.2860528, 57.1870181], [33.2854949, 57.1871577], [33.2852015, 57.1870456], [33.2848421, 57.1867375], [33.2844237, 57.1866648], [33.2839838, 57.1867433], [33.2839071, 57.1868699], [33.2838765, 57.1871096], [33.2838373, 57.187274], [33.283612, 57.1873554], [33.2831845, 57.1872927], [33.2824211, 57.1870676], [33.2817237, 57.1869222], [33.2813321, 57.1869833], [33.2809352, 57.1870966], [33.280844, 57.1872623], [33.2801536, 57.1876241], [33.279578, 57.1878757], [33.2792202, 57.1881183], [33.2789466, 57.1883479], [33.278725, 57.1884251], [33.2780974, 57.1882158], [33.2775572, 57.1880863], [33.2772713, 57.1877652], [33.2775717, 57.1875414], [33.2776253, 57.1873466], [33.2773571, 57.1872158], [33.2767617, 57.1869455], [33.2760643, 57.1866286], [33.2756619, 57.1864106], [33.2756137, 57.1861809], [33.2760053, 57.1859774], [33.2761571, 57.1856997], [33.2758658, 57.1853699], [33.2751309, 57.1849658], [33.2753133, 57.1846867], [33.2759194, 57.184582], [33.2763647, 57.1842303], [33.2764988, 57.1838174], [33.2763593, 57.1831778], [33.2769172, 57.1827127], [33.2771495, 57.1821616], [33.2776307, 57.1817969], [33.2777702, 57.1813869], [33.2783511, 57.1810103], [33.2795351, 57.180599], [33.2799696, 57.1803635], [33.2802593, 57.1803315], [33.2806723, 57.1803926], [33.2811176, 57.1804711], [33.2816808, 57.1802268], [33.2817345, 57.1798721], [33.2817935, 57.1797704], [33.2819115, 57.1798169], [33.2820134, 57.1798169], [33.281992, 57.1797122], [33.2820027, 57.1795581], [33.2822602, 57.1794738], [33.2824372, 57.1793197], [33.2823584, 57.1791], [33.281956, 57.179039], [33.2816755, 57.1790115], [33.2815253, 57.1789446], [33.2815682, 57.178805], [33.281779, 57.1786174], [33.2823353, 57.1785608], [33.2826105, 57.1784167], [33.2827752, 57.1782904], [33.2827553, 57.1782248], [33.282648, 57.1781463], [33.2828342, 57.1780781], [33.2831292, 57.1780781], [33.283399, 57.1781463], [33.2835439, 57.1781812], [33.2836013, 57.178113], [33.2835584, 57.1780171], [33.2836764, 57.1779705], [33.2840481, 57.1779282], [33.2840734, 57.1779764], [33.2841753, 57.1781014], [33.2844274, 57.1781101], [33.2848474, 57.1779951], [33.2849692, 57.1778804], [33.2852015, 57.1778032], [33.2853286, 57.1775751], [33.2854, 57.1774775], [33.2856988, 57.1774442], [33.2859026, 57.1774646], [33.286092, 57.1774107], [33.2863264, 57.1774268], [33.2864015, 57.1773425], [33.2863602, 57.1772333], [33.2864836, 57.1771461], [33.2865571, 57.1770313], [33.2862138, 57.1769732], [33.2858007, 57.1769965], [33.2856988, 57.1769557], [33.2856773, 57.1768453], [33.2856789, 57.1767157], [33.2857846, 57.176569], [33.2859042, 57.1764773], [33.2861939, 57.1764278], [33.2863318, 57.1763945], [33.2864337, 57.1763393], [33.2865426, 57.1763755], [33.2866483, 57.1763829], [33.2866123, 57.1762912], [33.2865356, 57.1761765], [33.2866445, 57.1760876], [33.2867894, 57.1760295], [33.286954, 57.1760601], [33.28702, 57.1760207], [33.2869272, 57.1758362], [33.2868521, 57.1757374], [33.2870291, 57.1756967], [33.2871847, 57.1756094], [33.2872652, 57.1756269], [33.2874315, 57.1756182], [33.2874385, 57.1754683], [33.2872437, 57.1752808], [33.2872561, 57.1752007], [33.2877265, 57.1751471], [33.2879159, 57.1751019], [33.2881664, 57.1747603], [33.288043, 57.1744404], [33.2880929, 57.1743429], [33.2883059, 57.1740944], [33.2885902, 57.1739897], [33.2887726, 57.1737164], [33.288742, 57.173485], [33.2888316, 57.1733848], [33.2889389, 57.1732482], [33.2890354, 57.1732743], [33.2891803, 57.1732656], [33.2892232, 57.1730417], [33.2890193, 57.1728817], [33.2889496, 57.1726636], [33.2892125, 57.17221], [33.2891481, 57.1717796], [33.2889174, 57.1714568], [33.2889228, 57.171038], [33.2891588, 57.1707413], [33.2893214, 57.170606], [33.289427, 57.1705814], [33.2896202, 57.1705843], [33.2900923, 57.1703314], [33.2904103, 57.1700621], [33.2905069, 57.1698905], [33.2903765, 57.1697496], [33.2902371, 57.1696653], [33.2902317, 57.169546], [33.2903765, 57.1695024], [33.2905713, 57.1695444], [33.2907161, 57.1695997], [33.2908502, 57.1695561], [33.2908754, 57.1693919], [33.2910273, 57.1692769], [33.2913008, 57.1691954], [33.2912778, 57.1691447], [33.2911437, 57.1690022], [33.2909452, 57.1689527], [33.290861, 57.1688144], [33.290736, 57.1687259], [33.2907091, 57.1685804], [33.290736, 57.1684408], [33.2908325, 57.168342], [33.2907252, 57.1681791], [33.2907896, 57.1679668], [33.2908379, 57.1677719], [33.2907842, 57.1675247], [33.2906233, 57.1672687], [33.2904731, 57.1671058], [33.2901958, 57.1670897], [33.2900992, 57.1671857], [33.2898884, 57.1673473], [33.289647, 57.167388], [33.2895665, 57.1673443], [33.2896148, 57.1671088], [33.2895451, 57.1668673], [33.2893734, 57.166751], [33.2892232, 57.1667103], [33.2892731, 57.1666331], [33.289588, 57.1665765], [33.2896684, 57.1664572], [33.2895413, 57.1663393], [33.2894002, 57.166242], [33.2895145, 57.1661735], [33.2896845, 57.1661518], [33.2898401, 57.1660297], [33.2899919, 57.1658536], [33.290221, 57.1657795], [33.290398, 57.1657446], [33.2903819, 57.1655992], [33.2900869, 57.1654159], [33.2899796, 57.1653403], [33.2900064, 57.1652065], [33.2901405, 57.1651105], [33.290339, 57.1650756], [33.2904838, 57.1651222], [33.2905965, 57.1650698], [33.2904999, 57.1648953], [33.2904516, 57.1648197], [33.2905107, 57.1647208], [33.2907215, 57.1646988], [33.2910058, 57.1647686], [33.2912027, 57.164776], [33.2913062, 57.1648617], [33.2914564, 57.1648791], [33.2915782, 57.1647935], [33.2916908, 57.1646539], [33.2916372, 57.1645288], [33.291494, 57.1644283], [33.2913438, 57.1642945], [33.2918142, 57.1639296], [33.2920771, 57.163886], [33.2923737, 57.1636633], [33.292694, 57.1635369], [33.292996, 57.1632822], [33.2930657, 57.163131], [33.2928174, 57.1629755], [33.2925062, 57.162894], [33.2923131, 57.1627544], [33.2922809, 57.162577], [33.2923721, 57.1624403], [33.2926258, 57.1622845], [33.2928442, 57.1620941], [33.2928281, 57.1619486], [33.2926886, 57.1618061], [33.2924418, 57.1617741], [33.292002, 57.1617857], [33.2916908, 57.1618614], [33.291487, 57.1618323], [33.2913904, 57.1616578], [33.2915245, 57.1613989], [33.2916586, 57.1609858], [33.2915943, 57.1607327], [33.2912778, 57.160276], [33.2904892, 57.1597523], [33.2897435, 57.1593101], [33.2889282, 57.1591094], [33.2884775, 57.1589698], [33.2881074, 57.1589756], [33.288043, 57.1590978], [33.2881664, 57.1592578], [33.2880698, 57.1594236], [33.2878553, 57.1594992], [33.287528, 57.1596272], [33.2872829, 57.1596082], [33.2871327, 57.1595035], [33.2870291, 57.1593567], [33.2871649, 57.1592736], [33.2875066, 57.1591065], [33.28741, 57.1589523], [33.2872759, 57.1587312], [33.286961, 57.1586336], [33.2865641, 57.1587733], [33.2862583, 57.1589711], [33.28621, 57.1591107], [33.2860367, 57.1592578], [33.2854, 57.1593929], [33.2850674, 57.1595035], [33.2848512, 57.1596505], [33.2849708, 57.1597245], [33.2853839, 57.1597216], [33.2855716, 57.1597827], [33.2855877, 57.1599136], [33.2854037, 57.1600316], [33.2853286, 57.1602585], [33.2851478, 57.160478], [33.2848045, 57.1605478], [33.2843577, 57.1604912], [33.2840143, 57.1603807], [33.283832, 57.1602236], [33.28373, 57.1600578], [33.2835653, 57.1600242], [33.2833223, 57.1601247], [33.2832902, 57.1603109], [33.2831845, 57.1605711], [33.2830825, 57.1607747], [33.2831416, 57.1610191], [33.2830917, 57.1612389], [33.2828572, 57.1613565], [33.2824426, 57.1612738], [33.2818525, 57.1610643], [33.280962, 57.1609043], [33.2800286, 57.1609509], [33.2798247, 57.1610294], [33.2795565, 57.1611196], [33.2792615, 57.161009], [33.2792025, 57.1607938], [33.2789289, 57.1605989], [33.2786285, 57.1605465], [33.2782422, 57.1605145], [33.277745, 57.1605071], [33.2767954, 57.1605565], [33.2762429, 57.1607224], [33.2759157, 57.1609231], [33.2755885, 57.1610162], [33.2753723, 57.161076], [33.2751416, 57.1611254], [33.2750075, 57.1610963], [33.2750413, 57.1609696], [33.2751631, 57.160881], [33.2752543, 57.1607269], [33.2749501, 57.160606], [33.2745032, 57.1606978], [33.2739829, 57.1607531], [33.2737093, 57.1607676], [33.2735859, 57.1606454], [33.2735913, 57.1604592], [33.2735875, 57.1603355], [33.2733982, 57.1602149], [33.2734035, 57.1600723], [33.2735001, 57.1599734], [33.2736878, 57.1598658], [33.2737522, 57.1597087], [33.2735966, 57.1595341], [33.2732211, 57.1595341], [33.2729813, 57.1595558], [33.272799, 57.1596256], [33.2726525, 57.1597407], [33.2724326, 57.1597814], [33.2723736, 57.159668], [33.2723682, 57.15954], [33.2725506, 57.1594527], [33.2725452, 57.1593392], [33.272454, 57.1592374], [33.2720694, 57.15923], [33.2718639, 57.1592752], [33.2716601, 57.1594061], [33.2714203, 57.1594162], [33.2711773, 57.1593334], [33.271129, 57.1590396], [33.2710968, 57.1588447], [33.2709305, 57.1587458], [33.2709037, 57.1586265], [33.270893, 57.1584461], [33.2708876, 57.1583123], [33.2711199, 57.1583107], [33.2712685, 57.1583763], [33.271247, 57.1581494], [33.2710915, 57.1580679], [33.2709574, 57.1579486], [33.2710003, 57.1577886], [33.2709842, 57.1576781], [33.2707642, 57.1575675], [33.2704386, 57.1575717], [33.2702439, 57.1577013], [33.2701328, 57.1578627], [33.27004, 57.1579545], [33.2699075, 57.1579703], [33.2698362, 57.157905], [33.2698576, 57.1577741], [33.2698791, 57.1576635], [33.2697611, 57.1576112], [33.269466, 57.1576432], [33.2693641, 57.1577828], [33.2692622, 57.1579923], [33.2690852, 57.1580534], [33.2685809, 57.1580388], [33.2682644, 57.1579661], [33.268141, 57.1578701], [33.2682537, 57.1577624], [33.2684468, 57.1576402], [33.2685058, 57.1574919], [33.2683411, 57.1574205], [33.2678798, 57.1574932], [33.2674437, 57.1576257], [33.2674292, 57.1577841], [33.2674238, 57.1579267], [33.2672559, 57.1579865], [33.2670215, 57.1580809], [33.2670145, 57.1582337], [33.2670467, 57.1584432], [33.2668482, 57.1585654], [33.2665103, 57.1585858], [33.2662259, 57.1585043], [33.2659164, 57.158238], [33.2655677, 57.1580227], [33.2649385, 57.1579254], [33.2645683, 57.1578759], [33.2643071, 57.1579005], [33.2642266, 57.1580459], [33.264166, 57.1582774], [33.2641944, 57.1584038], [33.2643178, 57.1584707], [33.2645576, 57.1585683], [33.2645254, 57.1587399], [33.2642572, 57.158833], [33.2640603, 57.1589507], [33.2639085, 57.1590832], [33.2635759, 57.1592636], [33.2633613, 57.1592694], [33.2631199, 57.1592141], [33.2631199, 57.1590512], [33.2631199, 57.1588738], [33.2631698, 57.1587383], [33.2634203, 57.1584752], [33.2632809, 57.158385], [33.262966, 57.1584765], [33.2627927, 57.1586818], [33.2627766, 57.1588447], [33.2628785, 57.158996], [33.2627552, 57.1591414], [33.2623743, 57.159249], [33.2619682, 57.1593551], [33.261752, 57.1594905], [33.2615804, 57.1596505], [33.261421, 57.159902], [33.2611995, 57.1600345], [33.2609152, 57.1600491], [33.2607612, 57.1600795], [33.2608186, 57.1601596], [33.2612172, 57.1602685], [33.2614033, 57.1602992], [33.2615873, 57.1602889], [33.2618271, 57.1602614], [33.261972, 57.160404], [33.2619505, 57.1605436], [33.2616984, 57.1606832], [33.2614892, 57.1607938], [33.2612102, 57.1608112], [33.2607344, 57.1608096], [33.2602248, 57.160702], [33.2600477, 57.1607951], [33.2598262, 57.1608781], [33.259735, 57.160881], [33.2595204, 57.160788], [33.2593058, 57.1606891], [33.2591304, 57.1607485], [33.2588016, 57.1609509], [33.2585012, 57.1610614], [33.2582507, 57.1610918], [33.2580559, 57.1611429], [33.25819, 57.1612592], [33.25883, 57.1614438], [33.2593074, 57.1615514], [33.2593986, 57.1616852], [33.2592522, 57.1618032], [33.2588874, 57.1618119], [33.2583633, 57.1619005], [33.25802, 57.1620023], [33.2578199, 57.1620737], [33.2577893, 57.1622088], [33.2578966, 57.1623892], [33.2578591, 57.1625172], [33.2574337, 57.1626119], [33.2573425, 57.1626759], [33.2573586, 57.1627457], [33.2572582, 57.1627877], [33.257108, 57.1628721], [33.2569417, 57.1630146], [33.2566773, 57.1630744], [33.256393, 57.1631937], [33.2563769, 57.1633449], [33.2562588, 57.1634118], [33.2559386, 57.1633869], [33.2556596, 57.1632357], [33.2554129, 57.1631601], [33.255268, 57.1631921], [33.2552359, 57.1633433], [33.255084, 57.1634642], [33.254848, 57.1634874], [33.2546978, 57.1634351], [33.2545583, 57.1631937], [33.2544671, 57.1630249], [33.2542901, 57.1629784], [33.2541093, 57.1630059], [33.2539752, 57.1631921], [33.2538733, 57.1633637], [33.2536625, 57.1635573], [33.2536641, 57.1636371], [33.2537714, 57.1637564], [33.2537376, 57.1638278], [33.2535675, 57.1638698], [33.2533208, 57.1638116], [33.2531706, 57.1638204], [33.2529812, 57.1637754], [33.2528793, 57.1636707], [33.2528272, 57.1635266], [33.252677, 57.1635527], [33.2525, 57.1636575], [33.2524946, 57.1637738], [33.2525644, 57.1639803], [33.2527092, 57.1641752], [33.2526754, 57.1642903], [33.2525145, 57.1643135], [33.2521604, 57.1642932], [33.2517742, 57.1642903], [33.2516578, 57.164184], [33.2517957, 57.164139], [33.2520049, 57.1640634], [33.251867, 57.1639774], [33.2516095, 57.1639454], [33.2514255, 57.1640168], [33.2513397, 57.1641477], [33.2510983, 57.1641594], [33.2508783, 57.1640925], [33.2506101, 57.1641099], [33.2503365, 57.1640983], [33.2500951, 57.1638918], [33.2498645, 57.163758], [33.2496837, 57.1637651], [33.2495104, 57.1638598], [33.2494782, 57.1641856], [33.2493296, 57.1644167], [33.2491687, 57.1645854], [33.2493113, 57.1646746], [33.2497212, 57.1645941], [33.2498966, 57.1646393], [33.2499841, 57.1647686], [33.2499251, 57.1649809], [33.2498071, 57.1651206], [33.2495871, 57.1651758], [33.2492851, 57.1651425], [33.2490813, 57.1651832], [33.248856, 57.1653229], [33.2487272, 57.1654276], [33.2485732, 57.1655801], [33.2486843, 57.1657184], [33.2489166, 57.1658361], [33.2488576, 57.1660106], [33.2485142, 57.166188], [33.2481854, 57.1663205], [33.2479011, 57.1663438], [33.2475363, 57.1663438], [33.2473056, 57.1662914], [33.2472734, 57.1661751], [33.2474988, 57.1660064], [33.2478528, 57.1658115], [33.2475379, 57.1658826], [33.2472214, 57.1659873], [33.246921, 57.1661619], [33.2468888, 57.1663044], [33.2468658, 57.1664805], [33.2465761, 57.1664921], [33.2464581, 57.1663962], [33.2464259, 57.1661431], [33.246501, 57.1660646], [33.2462757, 57.165957], [33.2459286, 57.166127], [33.2456121, 57.1663655], [33.2453798, 57.1665067], [33.2451867, 57.1665212], [33.2451599, 57.1663932], [33.2450579, 57.1662536], [33.2448809, 57.1662245], [33.2445553, 57.1663596], [33.2445269, 57.166559], [33.2446787, 57.1666418], [33.2448541, 57.1667597], [33.2449898, 57.1669937], [33.2452511, 57.1671233], [33.245258, 57.1672846], [33.2450687, 57.1673502], [33.244661, 57.1673443], [33.2444303, 57.1673996], [33.2444088, 57.1675363], [33.2444357, 57.1676875], [33.2444088, 57.1678126], [33.2441728, 57.1678272], [33.24391, 57.167705], [33.2437115, 57.1677108], [33.2435827, 57.1678184], [33.2435575, 57.1680931], [33.2435774, 57.1682925], [33.2436739, 57.168435], [33.2435307, 57.1686021], [33.2433413, 57.1687579], [33.2429554, 57.1688131], [33.2427515, 57.1688945], [33.242671, 57.1691185], [33.2426456, 57.169559], [33.2425316, 57.1699154], [33.2421359, 57.1704402], [33.2415941, 57.1709898], [33.2412294, 57.1712545], [33.2404985, 57.1714335], [33.2404287, 57.171544], [33.2407613, 57.1718116], [33.2410564, 57.1722856], [33.2410134, 57.1726578], [33.2408538, 57.172886], [33.2405253, 57.1729574], [33.2401873, 57.1728847], [33.2399204, 57.1726504], [33.2396401, 57.1723176], [33.239211, 57.17221], [33.2387993, 57.1722316], [33.2383259, 57.1723437], [33.238236, 57.1725108], [33.2382789, 57.1727115], [33.2385458, 57.1729544], [33.2389173, 57.1731593], [33.2388891, 57.1733383], [33.238578, 57.1733616], [33.2380362, 57.1732511], [33.2374944, 57.1729923], [33.2372208, 57.1726287], [33.2370813, 57.1724862], [33.2368238, 57.1724717], [33.2363786, 57.1725851], [33.2357829, 57.1728134], [33.235181, 57.17284], [33.2349745, 57.1724994], [33.2349991, 57.1715683], [33.2342438, 57.170958], [33.2334096, 57.1707143], [33.2326143, 57.171106], [33.2317142, 57.1712864], [33.2288855, 57.1707746], [33.2285406, 57.1701165], [33.2277335, 57.1701043], [33.2273523, 57.1705744], [33.2282217, 57.1712222], [33.227012, 57.1715681], [33.2254316, 57.1704649], [33.2241624, 57.1700255], [33.2228465, 57.1705879], [33.2218589, 57.1708709], [33.221639, 57.1706188], [33.2219431, 57.16966], [33.2201678, 57.168687], [33.2170183, 57.1683078], [33.2146623, 57.1678642], [33.2135014, 57.1678189], [33.2130664, 57.168338], [33.2111323, 57.1686433], [33.2085302, 57.1694423], [33.2081619, 57.1696651], [33.207949, 57.1698765], [33.2077374, 57.1701648], [33.2076241, 57.1708938], [33.2074961, 57.1710765], [33.2072647, 57.1711815], [33.2056613, 57.1710983], [33.2041196, 57.1704294], [33.2040617, 57.1693176], [33.2039584, 57.1691174], [33.2038123, 57.169022], [33.2036272, 57.168959], [33.2030774, 57.1690125], [33.2026349, 57.1691009], [33.2017547, 57.1694048], [33.2013024, 57.170006], [33.2007007, 57.170587], [33.2004709, 57.1706787], [33.2001981, 57.1706948], [33.1999136, 57.1706718], [33.1996506, 57.1706196], [33.1991923, 57.1704482], [33.198424, 57.1700772], [33.198033, 57.1699565], [33.1974189, 57.1698995], [33.1968262, 57.1699355], [33.19507, 57.1704319], [33.1939828, 57.1708177], [33.1925799, 57.1717997], [33.1906047, 57.1725642]]}}, {"type": "Feature", "id": "way/75616104", "properties": {"name": "Чёрное", "osm": "way/75616104", "natural": "water", "water": null, "waterway": null, "kind": "area"}, "geometry": {"type": "Polygon", "coordinates": [[[32.8380122, 57.3154937], [32.837508, 57.3152545], [32.8370295, 57.3154852], [32.8363971, 57.3160833], [32.83638, 57.3169037], [32.8365851, 57.3173993], [32.8361151, 57.3177839], [32.8357477, 57.3186982], [32.8360297, 57.3192536], [32.8365766, 57.3192109], [32.8367048, 57.3188178], [32.8375166, 57.3185188], [32.8388582, 57.3184418], [32.8398323, 57.3178949], [32.8393367, 57.3172797], [32.837696, 57.316673], [32.8373798, 57.3160833], [32.8377131, 57.3158697], [32.8380122, 57.3154937]]]}}, {"type": "Feature", "id": "way/78343143", "properties": {"name": "Чёрное", "osm": "way/78343143", "natural": "water", "water": null, "waterway": null, "kind": "area"}, "geometry": {"type": "Polygon", "coordinates": [[[32.9438263, 57.3580049], [32.9440003, 57.3577021], [32.94375, 57.35725], [32.9435, 57.357], [32.9426201, 57.3567403], [32.9423736, 57.3566284], [32.9420314, 57.356587], [32.9426943, 57.3561359], [32.9431091, 57.3560074], [32.9434155, 57.3556077], [32.9431859, 57.3551539], [32.9426405, 57.3548514], [32.9428771, 57.3544503], [32.9430699, 57.3541906], [32.9429581, 57.3536064], [32.9422807, 57.3529517], [32.9412039, 57.3525193], [32.9408575, 57.3531174], [32.9412381, 57.354221], [32.9414567, 57.3547207], [32.9420031, 57.3549799], [32.9422173, 57.3552403], [32.9418878, 57.3554895], [32.9415174, 57.3556478], [32.9411302, 57.3560215], [32.9418072, 57.3566409], [32.9409455, 57.3570884], [32.940942, 57.3574337], [32.9405838, 57.3580511], [32.9402715, 57.3585819], [32.94025, 57.35875], [32.9395705, 57.3604492], [32.93975, 57.36075], [32.94, 57.36075], [32.94025, 57.36075], [32.9405052, 57.3607053], [32.9409723, 57.3602864], [32.9410266, 57.3599554], [32.9413851, 57.359806], [32.9417883, 57.3592246], [32.94275, 57.35875], [32.9432915, 57.35864], [32.9438263, 57.3580049]]]}}, {"type": "Feature", "id": "way/81323080", "properties": {"name": "Большой Жетонег", "osm": "way/81323080", "natural": "water", "water": null, "waterway": null, "kind": "area"}, "geometry": {"type": "Polygon", "coordinates": [[[32.9385474, 57.3715058], [32.9405474, 57.3707558], [32.9417974, 57.3687558], [32.9417974, 57.3685058], [32.9407974, 57.3680058], [32.9395474, 57.3667558], [32.9392974, 57.3665058], [32.9385474, 57.3665058], [32.9372974, 57.3655058], [32.9365474, 57.3655058], [32.9355474, 57.3657558], [32.9350474, 57.3665058], [32.9347974, 57.3667558], [32.9322974, 57.3670058], [32.9317974, 57.3672558], [32.9315474, 57.3675058], [32.9305474, 57.3675058], [32.9302974, 57.3675058], [32.9300474, 57.3680058], [32.9290474, 57.3680058], [32.9285474, 57.3685058], [32.9282974, 57.3685058], [32.9270474, 57.3687558], [32.9267974, 57.3695058], [32.9255474, 57.3697558], [32.9245474, 57.3707558], [32.9240474, 57.3710058], [32.9235474, 57.3710058], [32.9232974, 57.3717558], [32.9222974, 57.3722557], [32.9202974, 57.3722557], [32.9197974, 57.3722557], [32.9192974, 57.3727557], [32.9197974, 57.3730057], [32.9200474, 57.3732557], [32.9210474, 57.3730057], [32.9250474, 57.3742557], [32.9260474, 57.3742557], [32.9267974, 57.3742557], [32.9285474, 57.3735057], [32.9312974, 57.3737557], [32.9336212, 57.373291], [32.9362974, 57.3727557], [32.9367974, 57.3727557], [32.9370474, 57.3722557], [32.9385474, 57.3715058]]]}}, {"type": "Feature", "id": "way/81323084", "properties": {"name": "Зуёвка", "osm": "way/81323084", "natural": null, "water": null, "waterway": "river", "kind": "connector"}, "geometry": {"type": "LineString", "coordinates": [[32.8771555, 57.3886628], [32.8784635, 57.38857], [32.8814577, 57.3887138], [32.8826435, 57.3883143], [32.8853116, 57.3881386], [32.8883651, 57.3882984], [32.889462, 57.3886658], [32.8919226, 57.3885061], [32.8930491, 57.3882344], [32.8955097, 57.3882344], [32.8968141, 57.3882185], [32.8993933, 57.3882824], [32.9004309, 57.389209], [32.9011424, 57.3900558], [32.9034547, 57.3903114], [32.9056781, 57.3903434], [32.9067157, 57.3904073], [32.9078719, 57.3894487], [32.9084352, 57.3888256], [32.9091467, 57.3886339], [32.9103325, 57.3893848], [32.9111626, 57.389209], [32.9110737, 57.3886658], [32.9098285, 57.3880747], [32.9094431, 57.3876593], [32.9092949, 57.3869722], [32.9100953, 57.3863491], [32.9102436, 57.3855502], [32.9092653, 57.3852146], [32.9089095, 57.3844476], [32.9090429, 57.3837965], [32.910377, 57.3836966], [32.911674, 57.383417], [32.912971, 57.384196], [32.913638, 57.3842359], [32.9160022, 57.3844876], [32.9183146, 57.3848231], [32.9194534, 57.3846626], [32.9201293, 57.3841813], [32.9204139, 57.3839052], [32.9200344, 57.3832405], [32.9198068, 57.3826882], [32.9207342, 57.3821322], [32.9210378, 57.3819113], [32.9213717, 57.3822958], [32.9216449, 57.3823204], [32.9219485, 57.3820504], [32.9215842, 57.3819276], [32.9214931, 57.3817395], [32.9221458, 57.3816086], [32.9229958, 57.3818704], [32.9236181, 57.3822713], [32.9239369, 57.3825985], [32.9245896, 57.3823858], [32.924969, 57.3825985], [32.9250753, 57.3824186], [32.9255306, 57.3823449], [32.9264565, 57.3827049], [32.927261, 57.3829749], [32.9278985, 57.3830813], [32.9287637, 57.3827295], [32.9292797, 57.3829095], [32.9304788, 57.3830158], [32.9312311, 57.3829917], [32.9322682, 57.3826982], [32.9324238, 57.3823733], [32.9328191, 57.3822684], [32.934271, 57.3821846], [32.9354377, 57.3819715], [32.9357164, 57.382237], [32.9361831, 57.3817793], [32.937285, 57.3824396], [32.9386008, 57.3823313], [32.9393332, 57.3820693], [32.9399684, 57.38223], [32.9400397, 57.3825584], [32.940461, 57.3827855], [32.9405937, 57.3825233], [32.9412224, 57.3824971], [32.941472, 57.3827994], [32.9418868, 57.3829443], [32.9420132, 57.3830614], [32.9417345, 57.3831942], [32.9416409, 57.3832934], [32.9421988, 57.3833859], [32.9427677, 57.3834746], [32.9431605, 57.3832483], [32.9437341, 57.3833042], [32.9433873, 57.3837217], [32.9448036, 57.3838929], [32.9447161, 57.3835103], [32.945698, 57.3838248], [32.9458763, 57.3836221], [32.9461874, 57.3835103], [32.9464402, 57.3835313], [32.9463419, 57.383842], [32.9466497, 57.3838728], [32.9468369, 57.3836246], [32.9474511, 57.383422], [32.9474878, 57.3838123], [32.9486244, 57.3835258], [32.9490461, 57.3831503], [32.9496144, 57.3830663], [32.9497656, 57.3828773], [32.9500312, 57.3827081], [32.9499534, 57.3826488], [32.9499297, 57.3825917]]}}, {"type": "Feature", "id": "way/81781076", "properties": {"name": "Чёрная", "osm": "way/81781076", "natural": null, "water": null, "waterway": "river", "kind": "connector"}, "geometry": {"type": "LineString", "coordinates": [[33.1967791, 57.4542771], [33.1965259, 57.4542409], [33.1963935, 57.4542416], [33.1962963, 57.4542702], [33.1962039, 57.4544239], [33.1962269, 57.4545124], [33.1964014, 57.4546488], [33.1964074, 57.4547045], [33.1963372, 57.4547365], [33.1962414, 57.4547342], [33.1959283, 57.4545681], [33.1958345, 57.4545628], [33.1957798, 57.4545915], [33.1957821, 57.4546808], [33.1957498, 57.4547622], [33.1956665, 57.4547868], [33.1955867, 57.4547698], [33.1954457, 57.4545532], [33.1953559, 57.4545279], [33.1952556, 57.4545327], [33.1950458, 57.4546149], [33.1948202, 57.4546708], [33.1946985, 57.4546711], [33.1945023, 57.4546157], [33.1943291, 57.4546354], [33.1938791, 57.4548495], [33.1937455, 57.4549133], [33.1935942, 57.4550704], [33.1932819, 57.4551932], [33.1932525, 57.4552587], [33.1933232, 57.4553075], [33.1936694, 57.4553643], [33.1937627, 57.4554095], [33.193761, 57.4554758], [33.1936473, 57.4555415], [33.1932977, 57.4556192], [33.1930371, 57.4556271], [33.1929132, 57.4555952], [33.192855, 57.4555154], [33.1927083, 57.4553914], [33.1926415, 57.4553813], [33.1925708, 57.4554258], [33.1925062, 57.4555449], [33.1921561, 57.455681], [33.1920278, 57.4557445], [33.1919565, 57.4558125], [33.1920279, 57.4560653], [33.1919499, 57.4561355], [33.1917438, 57.4562033], [33.19163, 57.456194], [33.1915093, 57.4561409], [33.1913727, 57.456136], [33.1910951, 57.4562049], [33.1908899, 57.4562557], [33.1906695, 57.4562482], [33.1905905, 57.4561975], [33.1905849, 57.4561202], [33.1906612, 57.4560393], [33.1906754, 57.4559605], [33.1906225, 57.4558685], [33.1903728, 57.4557455], [33.1902015, 57.4556442], [33.1901389, 57.4554748], [33.1900355, 57.4554012], [33.1898531, 57.4553622], [33.1896307, 57.4553769], [33.1894954, 57.4554181], [33.1894261, 57.4554963], [33.1894888, 57.4556829], [33.1894908, 57.4557592], [33.1894405, 57.4557924], [33.1889839, 57.4558352], [33.188834, 57.4558507], [33.1887395, 57.4558262], [33.1886121, 57.455719], [33.1885734, 57.455474], [33.1886895, 57.4553269], [33.1888682, 57.4552077], [33.1888702, 57.4551442], [33.1888112, 57.4551123], [33.1886119, 57.4550942], [33.1884995, 57.4550775], [33.1884741, 57.4550224], [33.1885334, 57.4548933], [33.1884629, 57.4547871], [33.1883803, 57.4547676], [33.1882657, 57.4547896], [33.1881096, 57.4549283], [33.1877486, 57.4550066], [33.1876419, 57.4550368], [33.1875531, 57.4550233], [33.1875087, 57.4549661], [33.1875513, 57.4547816], [33.1875505, 57.4546415], [33.1873782, 57.4545014], [33.1873554, 57.4544334], [33.1874003, 57.4543981], [33.1877223, 57.4543372], [33.1878723, 57.4542761], [33.1879541, 57.4540713], [33.1878968, 57.4540145], [33.1876169, 57.4540003], [33.1874656, 57.4539957], [33.1873571, 57.4540325], [33.1872914, 57.4541388], [33.1872513, 57.4542293], [33.1870976, 57.4542702], [33.1870083, 57.4542512], [33.1869224, 57.454169], [33.1868387, 57.4541592], [33.1867362, 57.4541854], [33.1866378, 57.4543062], [33.186614, 57.4544765], [33.1866717, 57.4546306], [33.1866433, 57.454683], [33.1865839, 57.4547463], [33.1866025, 57.4548327], [33.1867844, 57.4549596], [33.1867876, 57.4550104], [33.1866584, 57.4550626], [33.1864703, 57.4550694], [33.186234, 57.4550616], [33.1860476, 57.4550503], [33.1859097, 57.4550829], [33.1858059, 57.4550867], [33.185695, 57.4550321], [33.185626, 57.4549366], [33.185511, 57.454915], [33.1853007, 57.454955], [33.1851411, 57.4550117], [33.185055, 57.4550593], [33.1848825, 57.4553355], [33.1847177, 57.4554144], [33.1845821, 57.4554172], [33.1842069, 57.4552517], [33.1837564, 57.4549612], [33.183732, 57.454855], [33.1838381, 57.4546881], [33.1840091, 57.4546092], [33.1840096, 57.4545523], [33.1839481, 57.4545287], [33.1836659, 57.4545166], [33.1834651, 57.4544493], [33.1833187, 57.4543734], [33.1831166, 57.4543525], [33.1824146, 57.454497], [33.1822257, 57.4545242], [33.1820167, 57.4545762], [33.1817343, 57.4547788], [33.181646, 57.4547995], [33.1813746, 57.4547732], [33.1812838, 57.4547441], [33.1811823, 57.4546288], [33.1811854, 57.4545342], [33.1812563, 57.4544626], [33.1813147, 57.4544145], [33.1812962, 57.4543132], [33.1813096, 57.4542499], [33.1814791, 57.4541809], [33.1814933, 57.4541401], [33.1814362, 57.4541201], [33.1812982, 57.45414], [33.1807997, 57.454181], [33.1803413, 57.4542431], [33.1801287, 57.4543127], [33.1800593, 57.4543641], [33.1799521, 57.4543657], [33.179852, 57.4543258], [33.1797607, 57.4542071], [33.1797024, 57.4540167], [33.179603, 57.4539658], [33.179424, 57.4539728], [33.1792515, 57.4540279], [33.1791903, 57.4541391], [33.1791763, 57.4542409], [33.1792956, 57.4543284], [33.1794405, 57.4543661], [33.1795157, 57.4544518], [33.1794716, 57.4545071], [33.17936, 57.4545266], [33.1791627, 57.4545092], [33.1787424, 57.4543436], [33.1785755, 57.4543496], [33.1784553, 57.454397], [33.1782536, 57.4544752], [33.1778872, 57.4545077], [33.1777672, 57.454556], [33.1776293, 57.4547662], [33.1774279, 57.454882], [33.1772001, 57.4549016], [33.1770136, 57.4548405], [33.1766691, 57.4545856], [33.1766412, 57.4545142], [33.1766705, 57.454441], [33.1766445, 57.4543861], [33.1765548, 57.4543649], [33.1764202, 57.4544016], [33.1760991, 57.4545981], [33.175991, 57.4546868], [33.1759751, 57.4548122], [33.1758731, 57.4548577], [33.1757888, 57.454856], [33.1756352, 57.4547982], [33.1753675, 57.4545651], [33.1752947, 57.454505], [33.17522, 57.4544997], [33.1750669, 57.4545529], [33.1749508, 57.4545711], [33.1748783, 57.4545386], [33.1748082, 57.4544395], [33.1747162, 57.4544297], [33.174399, 57.4544663], [33.1742458, 57.4544397], [33.1740465, 57.4544019], [33.1739828, 57.4543568], [33.1740082, 57.4542628], [33.1743069, 57.4541203], [33.1743199, 57.4540215], [33.174235, 57.4539683], [33.1740164, 57.4539407], [33.1737325, 57.4539751], [33.1734917, 57.454077], [33.1731488, 57.4541036], [33.1725754, 57.4544023], [33.172226, 57.4545171], [33.1718144, 57.4545509], [33.171538, 57.4544645], [33.1713486, 57.4543252], [33.1710918, 57.4540061], [33.171003, 57.4539499], [33.1708708, 57.4539367], [33.1707434, 57.4539814], [33.1706817, 57.4540761], [33.1705461, 57.4541859], [33.1702913, 57.4542452], [33.1702095, 57.4543325], [33.1702446, 57.4545104], [33.170344, 57.4547067], [33.1702341, 57.4547899], [33.1700171, 57.4548585], [33.1697537, 57.4548713], [33.1694258, 57.4548285], [33.1687743, 57.4545352], [33.1684971, 57.4542678], [33.168378, 57.4541945], [33.1682406, 57.4541751], [33.1681237, 57.4542132], [33.1679751, 57.4542584], [33.1678771, 57.4542395], [33.167782, 57.4541657], [33.1676978, 57.4539446], [33.167645, 57.4538648], [33.1675607, 57.4538525], [33.167494, 57.4538705], [33.1674636, 57.4539378], [33.167372, 57.4539616], [33.1672567, 57.4539405], [33.1672325, 57.453881], [33.1673082, 57.4537637], [33.1672801, 57.4537015], [33.1670102, 57.4535935], [33.1668168, 57.4535537], [33.1666351, 57.453571], [33.1664672, 57.4536321], [33.166369, 57.4537184], [33.1663365, 57.4538157], [33.1662508, 57.4538425], [33.1660646, 57.4538456], [33.1659413, 57.4538531], [33.1654891, 57.454019], [33.1648961, 57.4543132], [33.1646551, 57.4544425], [33.1646552, 57.4544897], [33.1647344, 57.4545397], [33.1648834, 57.4545509], [33.1650625, 57.4545619], [33.1651435, 57.4545901], [33.165122, 57.4546961], [33.1650481, 57.4547954], [33.1647865, 57.4548712], [33.1646272, 57.4548741], [33.1643956, 57.4548021], [33.1642529, 57.4547998], [33.1641351, 57.454835], [33.1639895, 57.4549857], [33.1639087, 57.4550348], [33.1633508, 57.455196], [33.1631796, 57.4553178], [33.1629856, 57.4553636], [33.1628273, 57.455387], [33.1627845, 57.4554476], [33.1628332, 57.4555351], [33.1631051, 57.4557127], [33.163157, 57.4557768], [33.1631204, 57.4558054], [33.1630453, 57.455802], [33.1625789, 57.4556716], [33.1623235, 57.4555416], [33.1622584, 57.4553924], [33.1621857, 57.4553523], [33.1620742, 57.4553537], [33.161953, 57.4554002], [33.1619226, 57.4554661], [33.1621335, 57.4557353], [33.1620935, 57.4558083], [33.1619281, 57.455847], [33.1615311, 57.4558296], [33.1610537, 57.4556944], [33.1608041, 57.4554901], [33.1606823, 57.4554748], [33.1600588, 57.4555333], [33.1597057, 57.4555662], [33.1591858, 57.4554895], [33.1582862, 57.4551572], [33.1579214, 57.4551398], [33.1573281, 57.4552825], [33.1567192, 57.455595], [33.1561672, 57.4557282], [33.1560012, 57.455675], [33.1558468, 57.455404], [33.155401, 57.4549756], [33.1552275, 57.4545201], [33.1552016, 57.4542658], [33.1550946, 57.4541589], [33.1549562, 57.4541283], [33.1547987, 57.45416], [33.154537, 57.4543623], [33.154429, 57.4543985], [33.1543459, 57.4543726], [33.1543078, 57.4542804], [33.1542813, 57.4541662], [33.1543526, 57.4539981], [33.1543512, 57.4539213], [33.1542286, 57.4538602], [33.1539945, 57.4539074], [33.153511, 57.4541379], [33.1532463, 57.4542125], [33.152999, 57.4542307], [33.1527053, 57.4543492], [33.1525205, 57.4543686], [33.1523088, 57.4543293], [33.1521442, 57.4541802], [33.1521147, 57.4540737], [33.1523133, 57.4536955], [33.1522458, 57.4536381], [33.1518322, 57.4535621], [33.1514668, 57.4534413], [33.151424, 57.4534092], [33.1514369, 57.4531779], [33.1513599, 57.4531498], [33.1512467, 57.4531584], [33.1509018, 57.4533122], [33.1504713, 57.453357], [33.1503491, 57.4534073], [33.1503461, 57.4534848], [33.1504343, 57.4535421], [33.1508197, 57.4536806], [33.1508453, 57.4537916], [33.1507276, 57.453845], [33.1504997, 57.4538778], [33.1498938, 57.4538231], [33.149496, 57.4537488], [33.1493364, 57.453667], [33.1492358, 57.4536737], [33.1491833, 57.4537058], [33.1491854, 57.453759], [33.1492546, 57.453917], [33.1491725, 57.4540077], [33.1487402, 57.4543035], [33.1484787, 57.4543404], [33.1482603, 57.4544188], [33.148141, 57.4545998], [33.1477759, 57.4548068], [33.1476797, 57.4549026], [33.147497, 57.4549274], [33.1472042, 57.4549], [33.1469534, 57.4549788], [33.1462728, 57.4550613], [33.1457956, 57.4552774], [33.145606, 57.4553916], [33.1454968, 57.4554081], [33.1454326, 57.4553942], [33.1453808, 57.4553366], [33.1454089, 57.4552382], [33.145606, 57.45509], [33.1456033, 57.4549547], [33.1453672, 57.4548062], [33.1452907, 57.4546382], [33.1451393, 57.4545597], [33.1450252, 57.4545531], [33.1448103, 57.4546817], [33.1447857, 57.4547454], [33.144904, 57.4549373], [33.1449096, 57.4550967], [33.144773, 57.455153], [33.1446255, 57.4551531], [33.1442224, 57.4550093], [33.144, 57.4548753], [33.1439683, 57.454679], [33.1437601, 57.454332], [33.1438344, 57.4540111], [33.1436563, 57.4538425], [33.1432721, 57.4537606], [33.1431416, 57.4537663], [33.1429479, 57.4538572], [33.1428288, 57.4538753], [33.1422452, 57.4538155], [33.1420258, 57.4536977], [33.1418013, 57.4534043], [33.1417336, 57.4531561], [33.1417828, 57.4530263], [33.1420839, 57.4528889], [33.1421391, 57.4528292], [33.1421009, 57.4527087], [33.1419055, 57.4526349], [33.1417206, 57.452631], [33.1414454, 57.4527142], [33.1412811, 57.4527525], [33.1411346, 57.4527276], [33.1410125, 57.4526434], [33.1409087, 57.45263], [33.1407456, 57.4526809], [33.1406026, 57.4528095], [33.140543, 57.4528721], [33.1404629, 57.4528723], [33.1403534, 57.4528515], [33.1401359, 57.4526545], [33.1398551, 57.4521952], [33.1395912, 57.4520398], [33.1395288, 57.4519324], [33.1395422, 57.4518214], [33.1394383, 57.4517346], [33.1392359, 57.4516903], [33.1389422, 57.4516838], [33.1385957, 57.4516911], [33.1382931, 57.4516494], [33.1381867, 57.4515529], [33.1381638, 57.4513307], [33.1380477, 57.4512006], [33.1378395, 57.4511614], [33.1376415, 57.4511542], [33.1373526, 57.4512272], [33.1371288, 57.4512455], [33.1365304, 57.4512038], [33.136074, 57.4512771], [33.1359112, 57.4512759], [33.1357764, 57.4512213], [33.135542, 57.4509841], [33.1355421, 57.4507629], [33.1358579, 57.4504765], [33.1360996, 57.4503993], [33.1364783, 57.4503775], [33.1366351, 57.4503283], [33.1367185, 57.4502131], [33.1366934, 57.4499258], [33.1367542, 57.449856], [33.1368957, 57.4498213], [33.1370625, 57.4498427], [33.1372972, 57.4499635], [33.1374377, 57.4499777], [33.1375701, 57.4499285], [33.1376284, 57.4497792], [33.1375715, 57.4494179], [33.137333, 57.4491023], [33.1373773, 57.4489401], [33.137385, 57.4488094], [33.1372666, 57.4487087], [33.1371397, 57.4486952], [33.1363068, 57.4488304], [33.1357978, 57.448865], [33.1355031, 57.4487981], [33.1351159, 57.4485905], [33.1349435, 57.4484364], [33.1349696, 57.4482964], [33.1351758, 57.4481477], [33.1358288, 57.4479611], [33.1359979, 57.4478685], [33.136005, 57.4477763], [33.1358788, 57.4476578], [33.135666, 57.4475865], [33.1354213, 57.4475675], [33.1346507, 57.4475967], [33.1344259, 57.4475458], [33.1343442, 57.4474925], [33.1343456, 57.4473621], [33.134505, 57.4472032], [33.1348312, 57.4470991], [33.1351412, 57.4471092], [33.1352256, 57.4470698], [33.135234, 57.4469981], [33.1351433, 57.4469516], [33.1343821, 57.4468713], [33.1339835, 57.4468087], [33.1331348, 57.4465728], [33.1320276, 57.4463491], [33.13179, 57.4462646], [33.1316394, 57.4461051], [33.1316586, 57.4460233], [33.1321049, 57.4457946], [33.1322535, 57.4456682], [33.1322079, 57.4455706], [33.1319847, 57.4455106], [33.1317787, 57.4454967], [33.1311892, 57.4456258], [33.1308346, 57.4457877], [33.1304312, 57.446199], [33.1302166, 57.4463119], [33.1299098, 57.4463468], [33.1295863, 57.446264], [33.1292601, 57.445915], [33.1289468, 57.4456203], [33.128345, 57.4453371], [33.1281249, 57.4450943], [33.1280966, 57.4449722], [33.1281738, 57.4448317], [33.128485, 57.4446129], [33.1285937, 57.4444038], [33.1285814, 57.4439125], [33.128495, 57.4436138], [33.1284479, 57.4434856], [33.1282425, 57.4433629], [33.1273611, 57.4430107], [33.127058, 57.4429195], [33.1266804, 57.4429172], [33.1263199, 57.4429934], [33.125733, 57.4432287], [33.1247374, 57.443582], [33.1243286, 57.4436701], [33.1239782, 57.4436327], [33.123702, 57.4435003], [33.1233035, 57.4429446], [33.1230181, 57.4427728], [33.1227595, 57.4427076], [33.1224875, 57.4427267], [33.1221668, 57.4428421], [33.1219382, 57.4430251], [33.1216925, 57.4435246], [33.1214737, 57.4436602], [33.1210917, 57.443711], [33.1198834, 57.4436779], [33.1191401, 57.4435511], [33.1187389, 57.4433265], [33.1185962, 57.4431175], [33.1182926, 57.4428635], [33.1177894, 57.442662], [33.1173313, 57.4426094], [33.116518, 57.4426585], [33.1159344, 57.4426989], [33.1153346, 57.4425887], [33.1142017, 57.4421083], [33.113206, 57.4419166], [33.1127543, 57.4417359], [33.1124904, 57.4414489], [33.1123531, 57.4409264], [33.1121986, 57.4407734], [33.1118896, 57.4407306], [33.1114036, 57.4407497], [33.1108768, 57.4409137], [33.1100239, 57.4413231], [33.1096237, 57.4413525], [33.109246, 57.4412809], [33.1090632, 57.4411107], [33.1091205, 57.4407757], [33.1095722, 57.4403709], [33.1096514, 57.4401596], [33.1095443, 57.4400222], [33.1083426, 57.4394176], [33.1077365, 57.4392098], [33.1073524, 57.4391861], [33.1068996, 57.4392629], [33.1063815, 57.4395317], [33.1062228, 57.4398404], [33.1059222, 57.4400008], [33.1049595, 57.4401656], [33.1040565, 57.4408629], [33.103152, 57.441237], [33.1026692, 57.4412445], [33.1022766, 57.4411383], [33.102047, 57.4408894], [33.1013432, 57.4401792], [33.1009548, 57.4400152], [33.1006286, 57.4400684], [33.0997746, 57.4405095], [33.0990944, 57.4412728], [33.0991759, 57.4416112], [33.0997746, 57.4420153], [33.1004638, 57.4422461], [33.1006672, 57.4424403], [33.1006157, 57.4427671], [33.0999978, 57.4430788], [33.0986073, 57.4434483]]}}, {"type": "Feature", "id": "way/167683446", "properties": {"name": "канал Копанка", "osm": "way/167683446", "natural": null, "water": null, "waterway": "canal", "kind": "connector"}, "geometry": {"type": "LineString", "coordinates": [[33.0191304, 57.2386727], [33.0192877, 57.2387901], [33.0166176, 57.2377744]]}}, {"type": "Feature", "id": "way/195929170", "properties": {"name": "Сиговка", "osm": "way/195929170", "natural": null, "water": null, "waterway": "river", "kind": "connector"}, "geometry": {"type": "LineString", "coordinates": [[33.1718187, 57.0595205], [33.1719004, 57.0597458], [33.1719732, 57.0601416], [33.1719321, 57.0603516], [33.172046, 57.0608817], [33.172122, 57.0611141], [33.1721537, 57.0614635], [33.1722201, 57.0617079], [33.1721632, 57.0619523], [33.1722455, 57.0621468], [33.1722296, 57.0622724], [33.1723721, 57.062417], [33.1725272, 57.0625357], [33.1728595, 57.0628197], [33.1729988, 57.0629677], [33.1732299, 57.063071], [33.1735781, 57.0631708], [33.1737775, 57.0633945], [33.1738503, 57.0635528], [33.174113, 57.0636905], [33.1747207, 57.0638626], [33.1750214, 57.0640399], [33.1751702, 57.0641948], [33.1752019, 57.064317], [33.1753538, 57.0644684], [33.1755532, 57.0647283], [33.1756102, 57.0648677], [33.1758508, 57.065088], [33.1758603, 57.0652256], [33.1757906, 57.0653685], [33.1759394, 57.065513], [33.1761198, 57.0656782], [33.1761198, 57.0659587], [33.1762528, 57.0662496], [33.1763509, 57.0665146], [33.176161, 57.0667899], [33.1760945, 57.0669138], [33.1761863, 57.0670498], [33.1763857, 57.0672167], [33.1768383, 57.0679326], [33.1770567, 57.068084], [33.1771327, 57.0682216], [33.1774113, 57.0685142], [33.1778797, 57.0689547], [33.1778512, 57.0691147], [33.1783134, 57.0692421], [33.1785318, 57.0693952], [33.1785698, 57.0696223], [33.1791395, 57.0698392], [33.1792471, 57.0699544], [33.1794402, 57.0700439], [33.1801208, 57.0703519], [33.1803233, 57.0704053], [33.181026, 57.0706634], [33.1813679, 57.0708354], [33.181963, 57.0710092], [33.1826055, 57.0713293], [33.1828018, 57.0714893], [33.1831848, 57.0716476], [33.183438, 57.0718971], [33.1835393, 57.0719831], [33.1837134, 57.0721104], [33.1840584, 57.0722343], [33.1842547, 57.0723943], [33.1845111, 57.0723978], [33.1846946, 57.0723444], [33.184666, 57.0725927], [33.1846597, 57.0728267], [33.184761, 57.0729402], [33.1850205, 57.0729815], [33.1852041, 57.0728576], [33.185527, 57.0728232], [33.1856346, 57.072954], [33.1857359, 57.0731398], [33.1857105, 57.0733325], [33.1859005, 57.0733738], [33.1860144, 57.0732327], [33.1861664, 57.0733428], [33.1860524, 57.0735183], [33.1857549, 57.0735803], [33.1859828, 57.0737007], [33.1864006, 57.0736904], [33.1866918, 57.0735046], [33.1867551, 57.0735562], [33.1866475, 57.0736112], [33.1866855, 57.0737695], [33.1866791, 57.0738865], [33.1865399, 57.0740173], [33.1867424, 57.0740207], [33.18704, 57.0740999], [33.1873185, 57.0741136], [33.1873628, 57.0741997], [33.1870083, 57.074327], [33.1870653, 57.0744233], [33.1874705, 57.0744302], [33.187749, 57.0744956], [33.1880655, 57.0745369], [33.1880909, 57.0744405], [33.1882745, 57.0742926], [33.1884074, 57.0744165], [33.188534, 57.0746298], [33.1886077, 57.0746917], [33.1887717, 57.0747532], [33.1888613, 57.0748646], [33.1889804, 57.0748569], [33.189285, 57.0748347], [33.1895722, 57.074764], [33.1898508, 57.0745644], [33.1900344, 57.0745059], [33.1901103, 57.0745713], [33.1901103, 57.0747399], [33.19018, 57.0748707], [33.1903003, 57.0748741], [33.1904581, 57.0748165], [33.1906041, 57.074733], [33.1905832, 57.0745211], [33.1906079, 57.0744191], [33.1907244, 57.0743235], [33.19085, 57.0743339], [33.1910674, 57.0745555], [33.1911119, 57.0745658], [33.1912314, 57.0744963], [33.1913232, 57.0744454], [33.1919074, 57.0742867], [33.1918995, 57.0742478], [33.1918869, 57.0741539], [33.1919272, 57.074093], [33.1920095, 57.0739898], [33.1922438, 57.0740861], [33.192459, 57.0742375], [33.1926109, 57.0742776], [33.1930604, 57.0741825], [33.1929844, 57.074093], [33.1928826, 57.0740958], [33.1927611, 57.0739545], [33.192708, 57.0738003], [33.1928876, 57.0737596], [33.1931387, 57.0737417], [33.1933833, 57.0737661], [33.1937188, 57.0737351], [33.1939023, 57.0736777], [33.1939973, 57.0735872], [33.1940769, 57.0735706], [33.1941218, 57.0735927], [33.1942343, 57.0737546], [33.1943626, 57.0738202], [33.1944566, 57.0738441], [33.194572, 57.0738723], [33.1946935, 57.0738468], [33.1947398, 57.073726], [33.1947234, 57.0735757], [33.1947549, 57.073375], [33.1949071, 57.0733158], [33.1953286, 57.0732744], [33.1956879, 57.0731857], [33.195892, 57.073148], [33.1959614, 57.0731258], [33.1961288, 57.0731613], [33.1962104, 57.0731879], [33.1963288, 57.0731413], [33.1964554, 57.0730947], [33.1965983, 57.0730192], [33.1967289, 57.0729993], [33.1969004, 57.072946], [33.1970419, 57.0729408], [33.1970823, 57.0730443], [33.1971169, 57.0730914], [33.1971516, 57.0731856], [33.1971747, 57.0732923], [33.1971872, 57.0733619], [33.1971963, 57.0733942], [33.1972902, 57.0733996], [33.1973766, 57.0733427], [33.1974892, 57.0733113], [33.1976018, 57.0732799], [33.1976249, 57.073225], [33.1976162, 57.0731606], [33.1976133, 57.0730759], [33.1976363, 57.0730432], [33.1977103, 57.0730226], [33.1977688, 57.0729741], [33.1977879, 57.0729583], [33.1978471, 57.0729183], [33.1979137, 57.0729198], [33.1979675, 57.0729538], [33.1979804, 57.0730301], [33.1980765, 57.073125], [33.198124, 57.073188], [33.198225, 57.0732743], [33.1982768, 57.07329], [33.1983267, 57.0732944], [33.198435, 57.0731909], [33.198506, 57.0731882], [33.198553, 57.0732187], [33.1985544, 57.0732997], [33.1986401, 57.0734484], [33.1988034, 57.0735327], [33.1988479, 57.0736646], [33.1991031, 57.0736743], [33.199403, 57.0736378], [33.1996224, 57.0736621], [33.1996761, 57.0737619], [33.1997388, 57.0739298], [33.1997656, 57.0741439], [33.2000521, 57.0742461], [33.2001864, 57.0743215], [33.2000924, 57.0744164], [33.2001909, 57.0744967], [33.2004505, 57.0745259], [33.2007504, 57.0746086], [33.2007415, 57.0747449], [33.2008623, 57.0748057], [33.2009116, 57.0748665], [33.2008534, 57.0750369], [33.2009429, 57.075178], [33.2012652, 57.0752656], [33.2015965, 57.0753483], [33.2016009, 57.0754481], [33.2017352, 57.0753994], [33.2019053, 57.0753994], [33.2019949, 57.075487], [33.2019412, 57.0755381], [33.2019053, 57.0756549], [33.2019277, 57.0758982], [33.2019994, 57.0760588], [33.2022008, 57.0761585], [33.2024246, 57.0761974], [33.2025052, 57.0762996], [33.2021739, 57.0764189], [33.2021426, 57.0765235], [33.2026171, 57.0767303], [33.2030737, 57.0768568], [33.2034542, 57.0768641], [33.2036825, 57.0769006], [33.2036243, 57.0770441], [33.2038213, 57.0772655], [33.2038257, 57.0774675], [33.2036109, 57.0776135], [33.2031722, 57.0777862], [33.2030379, 57.0778762], [33.2031319, 57.078083], [33.2030916, 57.0781633], [33.2027469, 57.0782338], [33.2022187, 57.0782436], [33.2018472, 57.0783725], [33.201583, 57.078572], [33.2013727, 57.078718], [33.2009608, 57.0787594], [33.2006027, 57.0786596], [33.200173, 57.0786864], [33.2000252, 57.0788859], [33.2002759, 57.0789807], [33.2004595, 57.0790659], [33.2003117, 57.0791681], [33.200352, 57.0793749], [33.2006072, 57.0794916], [33.2007862, 57.0796498], [33.2006699, 57.0798444], [33.2006967, 57.0799271], [33.2010683, 57.0801023], [33.2014667, 57.0803091], [33.2018337, 57.0805207], [33.2018606, 57.0807616], [33.2018651, 57.0808954], [33.201977, 57.0810316], [33.2023485, 57.0811508], [33.2027693, 57.0811873], [33.2031319, 57.0813308], [33.2033333, 57.08154], [33.2032214, 57.081669], [33.2033065, 57.0819828], [33.2032662, 57.0821968], [33.2034542, 57.0826712], [33.2034542, 57.0828439], [33.2034094, 57.083041], [33.203678, 57.0831358], [33.2039332, 57.0831772], [33.2044032, 57.0831334], [33.2047926, 57.0831091], [33.2050075, 57.0832915], [33.2052761, 57.0836297], [33.2055313, 57.0838486], [33.2058267, 57.0840626], [33.2065653, 57.0842402], [33.2068831, 57.0843935], [33.2071025, 57.0844713], [33.2072547, 57.0846975], [33.2074069, 57.0848556], [33.2079888, 57.0850113], [33.2082485, 57.0850989], [33.2083917, 57.0852254], [33.2083693, 57.0854224], [33.208432, 57.0855562], [33.2084991, 57.0857289], [33.2093138, 57.0859113], [33.2095511, 57.0859259], [33.2097749, 57.0859259], [33.2099898, 57.0860183], [33.2105046, 57.0860938], [33.2108716, 57.086264], [33.2111984, 57.0865559], [33.2114222, 57.0871275], [33.2114357, 57.0873124], [33.2115118, 57.0874802], [33.2115252, 57.0876918], [33.2112611, 57.0878231], [33.2109791, 57.0879448], [33.2107866, 57.0879958], [33.2105225, 57.0882074], [33.2101554, 57.0884166], [33.209466, 57.0885942], [33.209193, 57.088638], [33.2088617, 57.0886939], [33.2085842, 57.0889541], [33.2081634, 57.0894917], [33.2080783, 57.0898151], [33.2082619, 57.0899465], [33.2088886, 57.0900413], [33.209766, 57.0901435], [33.2102181, 57.0902602], [33.2104643, 57.0905253], [33.210612, 57.0909777], [33.2104285, 57.0910725], [33.2100211, 57.0911868], [33.2094437, 57.0911285], [33.2093989, 57.0913717], [33.2094795, 57.0915298], [33.2095019, 57.0921207], [33.2095421, 57.0922496], [33.2096406, 57.092291], [33.210048, 57.0923202], [33.2104732, 57.0924612], [33.2104822, 57.0926169], [33.2103479, 57.092719], [33.2099898, 57.0927385], [33.2097749, 57.0929233], [33.2100659, 57.093254], [33.2100659, 57.0935653], [33.2099025, 57.0937657], [33.2094638, 57.0938582], [33.2089177, 57.0938582], [33.2085148, 57.0939068], [33.2082373, 57.0940527], [33.2085238, 57.0942813], [33.2084342, 57.0944758], [33.2086491, 57.0946412], [33.208855, 57.0946947], [33.20924, 57.0947336], [33.209428, 57.0948941], [33.2096966, 57.0949476], [33.2102158, 57.0948649], [33.2104397, 57.0949136], [33.2106456, 57.09504], [33.2106277, 57.0953173], [33.2106008, 57.0955118], [33.2107978, 57.0955993], [33.2111559, 57.0956674], [33.2115946, 57.0956431], [33.2120154, 57.0955945], [33.2126645, 57.09522], [33.2134389, 57.0953173], [33.2144416, 57.0953197], [33.2145453, 57.0953543], [33.2152294, 57.0955823], [33.2156217, 57.095822], [33.2164319, 57.095929], [33.216978, 57.0962694], [33.2169473, 57.0963904], [33.2169887, 57.0965008], [33.2170092, 57.0965856], [33.2172928, 57.0967155], [33.2172617, 57.0970073], [33.2172735, 57.0972883], [33.2172466, 57.097478], [33.2170989, 57.0976287], [33.2167408, 57.0978233], [33.2165259, 57.0980373], [33.2164991, 57.0982901], [33.2163245, 57.0984701], [33.216141, 57.0986865], [33.2157336, 57.0989345], [33.2154068, 57.0991339], [33.2152412, 57.0993722], [33.2153531, 57.0995375], [33.2153844, 57.0997296], [33.2153128, 57.0998609], [33.214892, 57.0999144], [33.2146826, 57.1001027], [33.2146458, 57.1001357], [33.2144847, 57.1003521], [33.2144547, 57.1003933], [33.2143784, 57.1004207], [33.2143021, 57.1005195], [33.2142583, 57.1006949], [33.2143567, 57.1007552], [33.2143495, 57.1009516], [33.2143683, 57.1011204], [33.2143678, 57.1012361], [33.2142653, 57.1012906], [33.2140102, 57.1013164], [33.2139297, 57.1013694], [33.2138848, 57.101473], [33.2138691, 57.101606], [33.2139445, 57.1017652], [33.2139313, 57.1018634], [33.2139475, 57.1019592], [33.2138848, 57.1020395], [33.2133891, 57.1021872], [33.2132089, 57.1022048], [33.2130881, 57.1022571], [33.2129887, 57.1023706], [33.2129702, 57.1024466], [33.2129537, 57.1025136], [33.2130649, 57.1025651], [33.2133387, 57.1025977], [33.2138103, 57.102569], [33.2140138, 57.1026104], [33.2142894, 57.1028277], [33.2143771, 57.1030398], [33.2143369, 57.1031773], [33.2142875, 57.1033625], [33.2143326, 57.1035298], [33.2144732, 57.1036368], [33.214782, 57.1037521], [33.2151114, 57.1038946], [33.2152786, 57.1040212], [33.2153121, 57.1042448], [33.2154566, 57.1043984], [33.2156863, 57.1045242], [33.2160322, 57.1045687], [33.2165015, 57.1046301], [33.2167613, 57.1047183], [33.217011, 57.1049374], [33.2171401, 57.1050683], [33.2173201, 57.1051871], [33.2176342, 57.1053031], [33.2178698, 57.1053853], [33.2180763, 57.1054381], [33.2182184, 57.1055666], [33.2182105, 57.1056985], [33.2181742, 57.1058198], [33.2181674, 57.1060095], [33.2181469, 57.1061549], [33.218273, 57.1062783], [33.2184629, 57.1063221], [33.2187301, 57.1063447], [33.2190256, 57.1064635], [33.2191414, 57.106539], [33.2191532, 57.1067851], [33.2192418, 57.1071194], [33.2194753, 57.1072551], [33.2195013, 57.1073773], [33.2194307, 57.107462], [33.2194129, 57.1075853], [33.2195453, 57.1076038], [33.2202687, 57.1074541], [33.2204289, 57.107407], [33.2207018, 57.1074123], [33.2208542, 57.1075649], [33.2208631, 57.1076962], [33.2207754, 57.1078377], [33.2205282, 57.1080079], [33.2202653, 57.1082027], [33.2202123, 57.1083035], [33.2204281, 57.1083807], [33.2209042, 57.1085304], [33.2211076, 57.1085776], [33.2213066, 57.108505], [33.221401, 57.1082824], [33.2213932, 57.108164], [33.2215374, 57.1080984], [33.2219133, 57.1082126], [33.222231, 57.1083312], [33.2222587, 57.1084226], [33.2219992, 57.1085494], [33.2217419, 57.1086693], [33.2216295, 57.1087425], [33.2214578, 57.1088883], [33.2214845, 57.1089861], [33.2216047, 57.109042], [33.2219536, 57.1091007], [33.2223298, 57.1091237], [33.2228105, 57.1091679], [33.223133, 57.1090218], [33.2233429, 57.108848], [33.2236215, 57.1087814], [33.2238514, 57.1087848], [33.2239109, 57.1088613], [33.2239221, 57.1089582], [33.2240304, 57.1090325], [33.2243033, 57.109128], [33.2244889, 57.1092486]]}}, {"type": "Feature", "id": "way/237330209", "properties": {"name": "Березовец", "osm": "way/237330209", "natural": null, "water": null, "waterway": "river", "kind": "connector"}, "geometry": {"type": "LineString", "coordinates": [[32.8025523, 57.3105581], [32.8024343, 57.3105204], [32.8022466, 57.3104741], [32.8021339, 57.3104828], [32.8020481, 57.310477], [32.8019944, 57.3104161], [32.8019472, 57.3103622], [32.801753, 57.3103785], [32.8016779, 57.310335], [32.8017369, 57.3102973], [32.8017262, 57.3102162], [32.8016189, 57.3102162], [32.8014794, 57.3102249], [32.8014644, 57.3101623], [32.8015224, 57.3101119], [32.8015975, 57.3100714], [32.8016404, 57.309996], [32.8016146, 57.3099421], [32.8015181, 57.309974], [32.8015063, 57.3100337], [32.8013786, 57.3100291], [32.8013142, 57.3100117], [32.8013936, 57.3099091], [32.8014204, 57.3098454], [32.8013357, 57.3098378], [32.8012273, 57.3098599], [32.8011522, 57.3097324], [32.8011468, 57.3096976], [32.8010503, 57.3096599], [32.8009012, 57.3095075], [32.8008303, 57.3093673], [32.8008733, 57.3093181], [32.800884, 57.3091819], [32.8008368, 57.3090353], [32.8007338, 57.3089559], [32.8004452, 57.308847], [32.8003111, 57.3087658], [32.8002403, 57.3086893], [32.8001276, 57.3086546], [32.8000203, 57.3085937], [32.7999184, 57.3085995], [32.7997736, 57.3085126], [32.7996716, 57.3084402], [32.7995482, 57.3084546], [32.7994731, 57.308446], [32.7993873, 57.3084054], [32.7993777, 57.3082907], [32.7993219, 57.3082492], [32.799221, 57.3081794], [32.7991352, 57.3080751], [32.7989474, 57.3079853], [32.7987597, 57.3079853], [32.7985076, 57.3078925], [32.7983734, 57.3077795], [32.7982715, 57.3077911], [32.7982501, 57.3077477], [32.7981267, 57.3077013], [32.7980677, 57.3076897], [32.7980355, 57.3075883], [32.797999, 57.3075141], [32.7980301, 57.3073362], [32.7979497, 57.307174], [32.7977083, 57.3071682], [32.7975044, 57.3070639], [32.7975956, 57.3068002], [32.7977404, 57.3067017], [32.7976224, 57.3065336], [32.7973499, 57.3061755], [32.7971892, 57.3060588], [32.7966783, 57.3054354], [32.7962062, 57.3049254], [32.7956322, 57.3046299], [32.7952192, 57.3043836], [32.794893, 57.3043586], [32.7947256, 57.3043372], [32.7947256, 57.3042126], [32.7946892, 57.3041094], [32.7945432, 57.3040069], [32.7946033, 57.303895], [32.7945926, 57.3038226], [32.7944671, 57.3037566]]}}, {"type": "Feature", "id": "way/288428252", "properties": {"name": null, "osm": "way/288428252", "natural": null, "water": null, "waterway": "canal", "kind": "connector"}, "geometry": {"type": "LineString", "coordinates": [[33.0595027, 57.2535303], [33.0593608, 57.2535051], [33.0591697, 57.2533584], [33.0589048, 57.2531784], [33.0589392, 57.2530564]]}}, {"type": "Feature", "id": "way/308145403", "properties": {"name": null, "osm": "way/308145403", "natural": null, "water": null, "waterway": "canal", "kind": "connector"}, "geometry": {"type": "LineString", "coordinates": [[33.017449, 57.2232584], [33.0175046, 57.223448], [33.0175153, 57.2235119], [33.017408, 57.2235525], [33.0173021, 57.2236359], [33.0171988, 57.2237152], [33.0170769, 57.2237773]]}}, {"type": "Feature", "id": "way/640414647", "properties": {"name": "Глубочица", "osm": "way/640414647", "natural": null, "water": null, "waterway": "river", "kind": "connector"}, "geometry": {"type": "LineString", "coordinates": [[32.9508948, 57.1046097], [32.9510344, 57.1048807], [32.9511829, 57.1050799], [32.9515172, 57.1052594], [32.9514742, 57.1055741], [32.9514635, 57.1058071], [32.9516228, 57.105954], [32.951934, 57.1059423], [32.9523325, 57.1058829], [32.9525149, 57.1059703], [32.952472, 57.1062966], [32.9522129, 57.1067522], [32.9521502, 57.1070016], [32.9521716, 57.1075959], [32.9520751, 57.1080795], [32.9521823, 57.1085864], [32.9523202, 57.1088148], [32.9527494, 57.1089255], [32.9531141, 57.1089429], [32.9535342, 57.1088252], [32.9538115, 57.1087448], [32.9540921, 57.1087728], [32.9542315, 57.1089709], [32.9542423, 57.1091806], [32.9540492, 57.1093263], [32.9537809, 57.1094603], [32.9537595, 57.1096176], [32.9540706, 57.1098332], [32.9543388, 57.1099846], [32.9546714, 57.1100313], [32.9553994, 57.1098518], [32.9558393, 57.109846], [32.9564953, 57.1099555], [32.9576004, 57.1101419], [32.9585966, 57.1104402], [32.9588112, 57.1106267], [32.9587269, 57.1109052], [32.9585767, 57.1113421], [32.9586196, 57.1116334], [32.9589415, 57.1117907], [32.9592956, 57.1119363], [32.9597538, 57.1120812]]}}, {"type": "Feature", "id": "relation/393574", "properties": {"name": "озеро Сабро", "osm": "relation/393574", "natural": "water", "water": "lake", "waterway": null, "kind": "area"}, "geometry": {"type": "MultiPolygon", "coordinates": [[[[32.9136644, 57.1595132], [32.9136644, 57.1581181], [32.9133539, 57.1575408], [32.9131765, 57.15718], [32.9131322, 57.1566989], [32.9125999, 57.1562178], [32.9120234, 57.1556646], [32.9113137, 57.154991], [32.9105597, 57.1545099], [32.9099388, 57.1543656], [32.9092291, 57.1542453], [32.9084308, 57.1538364], [32.907322, 57.1533793], [32.9063019, 57.1529944], [32.9055923, 57.1526095], [32.9045721, 57.1523689], [32.9037295, 57.1523689], [32.9032859, 57.1525373], [32.9027537, 57.1525373], [32.9028424, 57.1522727], [32.9022658, 57.1521524], [32.9016005, 57.1521043], [32.9009796, 57.1522967], [32.9002256, 57.1526576], [32.8998264, 57.1528019], [32.8998264, 57.1530425], [32.8992499, 57.1530666], [32.8985846, 57.1526817], [32.8974758, 57.1524411], [32.8967218, 57.1521283], [32.8961008, 57.1519118], [32.8968992, 57.1518878], [32.8973871, 57.1520562], [32.8979636, 57.1521524], [32.8985846, 57.1522727], [32.8991612, 57.1521524], [32.8996047, 57.1518156], [32.8998264, 57.1513585], [32.8998264, 57.1509014], [32.8994273, 57.1505886], [32.898895, 57.1503721], [32.8982741, 57.1504924], [32.8976088, 57.1506127], [32.8968105, 57.1504684], [32.8963226, 57.1502037], [32.8964113, 57.1498669], [32.8968548, 57.1496504], [32.8975645, 57.1496263], [32.898141, 57.1494338], [32.8983185, 57.149073], [32.898008, 57.1482549], [32.8975201, 57.1479903], [32.8970322, 57.1477497], [32.8962782, 57.1478219], [32.8956573, 57.1477016], [32.894992, 57.1477978], [32.8943267, 57.1481346], [32.8936615, 57.1483993], [32.8929962, 57.148688], [32.8935949, 57.1480865], [32.8939276, 57.1476955], [32.8944265, 57.147485], [32.894482, 57.147064], [32.8945374, 57.146673], [32.8949255, 57.146282], [32.8955908, 57.1459812], [32.8960343, 57.1455902], [32.8962006, 57.1452594], [32.8968105, 57.1449586], [32.8971209, 57.1445736], [32.8968992, 57.1440442], [32.8964557, 57.1434667], [32.8960565, 57.1429133], [32.9136644, 57.1595132]], [[32.8961008, 57.153692], [32.8964113, 57.1538604], [32.8961008, 57.1540048], [32.8956573, 57.1540288], [32.8953025, 57.1541972], [32.8952138, 57.1545821], [32.8955243, 57.1548948], [32.8953912, 57.1552075], [32.8950364, 57.1554], [32.8944598, 57.1554962], [32.8938832, 57.1556646], [32.8933953, 57.155857], [32.8928188, 57.1557127], [32.8926414, 57.1554], [32.8926857, 57.1550632], [32.8924639, 57.1547264], [32.8921535, 57.1544137], [32.8922865, 57.1540769], [32.8929075, 57.1539566], [32.8934397, 57.1540769], [32.894105, 57.1539807], [32.8944598, 57.1537401], [32.8952581, 57.1537642], [32.8961008, 57.153692]]], [[[[32.8960565, 57.1429133], [32.8955243, 57.1423117], [32.894992, 57.1419507], [32.8942824, 57.141686], [32.8934397, 57.1415176], [32.8928188, 57.1414213], [32.8919761, 57.1415176], [32.8913551, 57.1415657], [32.8907342, 57.1414213], [32.8898915, 57.141277], [32.8892262, 57.1411807], [32.8883835, 57.141301], [32.8875408, 57.1413973], [32.8869199, 57.1414695], [32.886299, 57.1419026], [32.885678, 57.1420229], [32.8851014, 57.1421433], [32.8848797, 57.1424561], [32.8843918, 57.1427689], [32.8839039, 57.1430095], [32.8835048, 57.1432983], [32.8828838, 57.1434427], [32.8822629, 57.1435149], [32.881775, 57.1437314], [32.8811541, 57.1437074], [32.880267, 57.1438277], [32.8794687, 57.1439239], [32.8784042, 57.1439239], [32.8776946, 57.1437555], [32.8770737, 57.1433464], [32.8761423, 57.1430095], [32.8752552, 57.1429855], [32.8746343, 57.1428652], [32.8737916, 57.1426486], [32.8727271, 57.1426005], [32.8706426, 57.142793], [32.869312, 57.1429855], [32.8688241, 57.1432742], [32.8675379, 57.1435389], [32.866163, 57.1438036], [32.8650542, 57.1438999], [32.8640341, 57.1440442], [32.8636349, 57.144357], [32.8625704, 57.144742], [32.8622156, 57.1450548], [32.8612398, 57.145512], [32.8603528, 57.1460654], [32.8597319, 57.1465707], [32.8589335, 57.1471722], [32.8587118, 57.1477737], [32.85849, 57.1481587], [32.8576917, 57.1490248], [32.8574255, 57.149915], [32.8573368, 57.1504684], [32.8575142, 57.1510217], [32.8578691, 57.1514547], [32.8579134, 57.1518397], [32.8584013, 57.1522005], [32.8595101, 57.1529463], [32.8598649, 57.1531628], [32.8598206, 57.1534274], [32.8594658, 57.153668], [32.8589335, 57.153668], [32.8580465, 57.1537401], [32.8567159, 57.1540048], [32.8552079, 57.1543415], [32.8541878, 57.1547986], [32.8532121, 57.1553759], [32.8525911, 57.1559773], [32.8519702, 57.1568673], [32.8517041, 57.1575408], [32.8516154, 57.1579978], [32.8510388, 57.1579497], [32.8503735, 57.1581662], [32.8501961, 57.1585751], [32.8496639, 57.1586713], [32.8490873, 57.1584308], [32.848422, 57.1583105], [32.8477567, 57.1583105], [32.8473575, 57.15807], [32.8474906, 57.1576611], [32.8476237, 57.1571078], [32.8477124, 57.15629], [32.8476237, 57.1552797], [32.847535, 57.1541731], [32.8469584, 57.1533312], [32.8464261, 57.1529703], [32.8463818, 57.1525614], [32.8458496, 57.1521283], [32.8442085, 57.1514307], [32.8423014, 57.1507811], [32.8399063, 57.149891], [32.8390636, 57.1496504], [32.8379548, 57.149482], [32.8369347, 57.1492895], [32.8356929, 57.1489527], [32.834451, 57.148688], [32.8328543, 57.148279], [32.8322334, 57.1479903], [32.8317899, 57.1475813], [32.8312133, 57.1472685], [32.8299714, 57.1470519], [32.8292174, 57.1470279], [32.8286408, 57.1468113], [32.8278868, 57.1466188], [32.8264676, 57.1464985], [32.8253144, 57.1467151], [32.8235847, 57.1471482], [32.822875, 57.147461], [32.8224758, 57.147894], [32.8222097, 57.1482309], [32.8217219, 57.1483512], [32.8210566, 57.1483512], [32.8205243, 57.1488564], [32.8205243, 57.1493617], [32.8202139, 57.1500594], [32.8202139, 57.1509736], [32.8199921, 57.1514547], [32.8195486, 57.1520321], [32.8186615, 57.1527538], [32.8184841, 57.1530666], [32.8189277, 57.153259], [32.8191051, 57.153692], [32.8191938, 57.1543896], [32.8190607, 57.1547505], [32.8200808, 57.1561697], [32.8208792, 57.1570116], [32.8216332, 57.1575649], [32.8217219, 57.1579257], [32.8218549, 57.1586954], [32.8222541, 57.1598499], [32.8225646, 57.1601145], [32.8224315, 57.1604031], [32.8226089, 57.160812], [32.8230081, 57.1610284], [32.8231855, 57.1612689], [32.8230968, 57.1616057], [32.8234516, 57.1618221], [32.8245604, 57.1623512], [32.8261127, 57.1633373], [32.8265563, 57.1636499], [32.8269998, 57.1637942], [32.8271772, 57.1643714], [32.8276207, 57.1647081], [32.8281086, 57.1648524], [32.828153, 57.1651891], [32.8281973, 57.1659827], [32.8284191, 57.1663675], [32.8287739, 57.1667282], [32.8960565, 57.1429133]]]], [[[[32.8287739, 57.1667282], [32.8291287, 57.1669446], [32.829794, 57.1670408], [32.8304149, 57.1671129], [32.8306367, 57.1673294], [32.8304593, 57.1678584], [32.830681, 57.168147], [32.831435, 57.1684596], [32.8326325, 57.1687481], [32.8332978, 57.1688203], [32.8340075, 57.1687962], [32.8347615, 57.1689646], [32.8356929, 57.1693252], [32.8362694, 57.1694936], [32.8369791, 57.1699023], [32.8376444, 57.1701909], [32.8384871, 57.1703352], [32.8392854, 57.1703352], [32.839995, 57.1704554], [32.8407934, 57.1706718], [32.8416361, 57.1709363], [32.8421683, 57.1711527], [32.843011, 57.1712008], [32.8438094, 57.1711286], [32.8445633, 57.1708642], [32.8453617, 57.1705275], [32.8456278, 57.1702149], [32.8455835, 57.16971], [32.8458496, 57.1694695], [32.8465149, 57.1694214], [32.8471801, 57.1695417], [32.8489986, 57.1700947], [32.8496195, 57.170239], [32.8502405, 57.1703352], [32.8513493, 57.170239], [32.8287739, 57.1667282]]]], [[[[32.8513493, 57.170239], [32.8521476, 57.1700226], [32.8529016, 57.1697821], [32.8536112, 57.1695657], [32.854587, 57.1694936], [32.856982, 57.1693733], [32.8580021, 57.1693733], [32.8585344, 57.1694695], [32.8591996, 57.1694695], [32.8598206, 57.1693493], [32.8604415, 57.1693974], [32.8611955, 57.1693493], [32.8620825, 57.1693252], [32.8626148, 57.1695657], [32.8627478, 57.1699745], [32.8632801, 57.1703111], [32.8513493, 57.170239]]]], [[[[32.8632801, 57.1703111], [32.8638123, 57.1706718], [32.8641228, 57.1710565], [32.864655, 57.1714412], [32.865409, 57.1718259], [32.8661186, 57.1720664], [32.8672274, 57.1722107], [32.8682919, 57.1721866], [32.8632801, 57.1703111]]]], [[[[32.8682919, 57.1721866], [32.8694007, 57.1718981], [32.8702877, 57.1715855], [32.8709974, 57.1710084], [32.8715296, 57.170768], [32.8721505, 57.1705997], [32.8730819, 57.1706237], [32.8742795, 57.1706477], [32.8749891, 57.1705756], [32.875477, 57.1703352], [32.8760092, 57.1701428], [32.8767188, 57.1698783], [32.8773398, 57.1695417], [32.8780938, 57.1689165], [32.8791582, 57.1682912], [32.8797348, 57.1679786], [32.8805775, 57.1679065], [32.8813758, 57.1680508], [32.8820855, 57.168171], [32.8834161, 57.1681951], [32.8853232, 57.1682191], [32.8864764, 57.1682191], [32.8874521, 57.168147], [32.8890932, 57.1680027], [32.8906011, 57.1680027], [32.8920648, 57.1682912], [32.8927744, 57.1685317], [32.8929075, 57.1687962], [32.8935284, 57.1688684], [32.8941493, 57.1688924], [32.8947259, 57.1690607], [32.894992, 57.1693012], [32.8950807, 57.1695417], [32.895613, 57.1696859], [32.8961008, 57.1696138], [32.8965887, 57.16971], [32.8972096, 57.1699504], [32.8989837, 57.1703111], [32.8996934, 57.1704313], [32.9008465, 57.1705035], [32.9016892, 57.1704794], [32.9020884, 57.170263], [32.9024876, 57.1698062], [32.9031529, 57.1695897], [32.903552, 57.1693733], [32.9039069, 57.1687241], [32.9040843, 57.1683874], [32.9045721, 57.1680748], [32.9046165, 57.1674496], [32.9047939, 57.1668725], [32.9051931, 57.1663675], [32.905681, 57.1656941], [32.9063462, 57.1652853], [32.907322, 57.1649486], [32.9083421, 57.1646119], [32.9094066, 57.1642752], [32.9098944, 57.1642271], [32.9101162, 57.1639866], [32.9104267, 57.1635297], [32.9109589, 57.1627841], [32.9117129, 57.1620145], [32.9123782, 57.1614373], [32.9130435, 57.1610525], [32.9134426, 57.1607879], [32.9135757, 57.1604271], [32.9136644, 57.1595132], [32.8682919, 57.1721866]]]]]}}, {"type": "Feature", "id": "relation/399614", "properties": {"name": "озеро Сиг", "osm": "relation/399614", "natural": "water", "water": "lake", "waterway": null, "kind": "area"}, "geometry": {"type": "Polygon", "coordinates": [[[33.0517326, 57.0637969], [33.0509407, 57.0635023], [33.0502738, 57.0634116], [33.0488984, 57.0636836], [33.0487733, 57.0639329], [33.0491485, 57.0642728], [33.0496903, 57.0644767], [33.0511491, 57.0649073], [33.0542335, 57.0648166], [33.0552755, 57.064726], [33.0564009, 57.0644541], [33.0565259, 57.0642275], [33.0568593, 57.0641368], [33.0572345, 57.0641368], [33.0583598, 57.0637969], [33.0591101, 57.0632303], [33.0593602, 57.0629131], [33.0593602, 57.0619386], [33.0594852, 57.061576], [33.059777, 57.0613493], [33.0603188, 57.0611453], [33.0610691, 57.0609414], [33.0619443, 57.0605108], [33.0625696, 57.0598762], [33.0626112, 57.0596495], [33.0628613, 57.0594456], [33.0632781, 57.0593549], [33.0647369, 57.0593776], [33.0652788, 57.0593096], [33.065904, 57.0591282], [33.0663625, 57.0588789], [33.0671544, 57.0588109], [33.0675712, 57.0589243], [33.0683215, 57.0593549], [33.0683215, 57.0596722], [33.0680297, 57.0599215], [33.0682381, 57.0602161], [33.0685715, 57.0604428], [33.0688633, 57.0607827], [33.0691134, 57.061372], [33.0699053, 57.0617346], [33.0702804, 57.0617119], [33.0707806, 57.06144], [33.0722394, 57.0604654], [33.0733231, 57.0598762], [33.0741984, 57.0594682], [33.0745735, 57.0591962], [33.0748653, 57.0588336], [33.0749486, 57.058539], [33.0753654, 57.058403], [33.0761157, 57.058335], [33.0769493, 57.0581537], [33.0774078, 57.0578817], [33.0776579, 57.0574284], [33.0775745, 57.0565897], [33.0780747, 57.0563631], [33.0788249, 57.0562044], [33.0794501, 57.0562724], [33.0799086, 57.0564537], [33.0803671, 57.0567484], [33.0807422, 57.0570884], [33.0810757, 57.057587], [33.0810757, 57.0582216], [33.0808256, 57.0590603], [33.0803671, 57.0599668], [33.07895, 57.0621425], [33.0783664, 57.0631623], [33.0782414, 57.0637062], [33.0783247, 57.0641595], [33.0779913, 57.0645221], [33.0778663, 57.06493], [33.0780747, 57.0652472], [33.078033, 57.0656098], [33.0775328, 57.0658137], [33.0775328, 57.0661083], [33.0778663, 57.0663802], [33.0779079, 57.0668334], [33.0776162, 57.0671507], [33.0776162, 57.0676039], [33.0779496, 57.0678305], [33.0777829, 57.0681477], [33.0772411, 57.0684649], [33.077116, 57.0688501], [33.0775328, 57.0699377], [33.0774495, 57.0705042], [33.0768659, 57.0709573], [33.0766992, 57.0715464], [33.0766575, 57.0729738], [33.0760323, 57.0735175], [33.0734898, 57.0746956], [33.0732814, 57.075194], [33.0728646, 57.0756698], [33.0724061, 57.075919], [33.0722811, 57.0763268], [33.0723228, 57.0767798], [33.0725729, 57.0771423], [33.0729897, 57.0775501], [33.0740733, 57.0781617], [33.0755738, 57.078796], [33.0760323, 57.0789546], [33.0764491, 57.0790225], [33.0767409, 57.079249], [33.0771994, 57.0794076], [33.0784081, 57.0795209], [33.0791167, 57.0800192], [33.0794918, 57.0801098], [33.0817425, 57.0802004], [33.0839099, 57.0798833], [33.0846185, 57.0799513], [33.0862023, 57.0802004], [33.0877445, 57.0799966], [33.0906205, 57.0794303], [33.0909956, 57.079249], [33.0915374, 57.0788413], [33.0918292, 57.0784109], [33.0924544, 57.0780711], [33.09433, 57.0775954], [33.0956638, 57.0773235], [33.0966641, 57.0773009], [33.0983313, 57.0773462], [33.0993734, 57.0774141], [33.1012073, 57.0777086], [33.1034164, 57.0777993], [33.1044584, 57.0777993], [33.105292, 57.0777086], [33.1070426, 57.0774141], [33.1071967, 57.0774065], [33.108418, 57.0773462], [33.1100435, 57.0773915], [33.1113356, 57.0774821], [33.1124193, 57.0774595], [33.1135864, 57.0773688], [33.1164206, 57.0769158], [33.1173793, 57.0766666], [33.1186714, 57.0764627], [33.1198384, 57.07644], [33.1211722, 57.076576], [33.1216724, 57.0765533], [33.1230061, 57.0763494], [33.1236314, 57.0763041], [33.124465, 57.0763494], [33.1253819, 57.0764853], [33.1259305, 57.0766717], [33.1260488, 57.0767119], [33.1282162, 57.0773009], [33.1288831, 57.0773915], [33.1297584, 57.0773915], [33.1303836, 57.0773235], [33.1309254, 57.0771876], [33.1312172, 57.0769611], [33.1313006, 57.0765533], [33.1312172, 57.0760323], [33.1315506, 57.0756698], [33.1323842, 57.0754432], [33.1334679, 57.07533], [33.1351351, 57.0746503], [33.1353183, 57.0744755], [33.136844, 57.0730191], [33.1373442, 57.0722261], [33.1379277, 57.0716144], [33.1382002, 57.070934], [33.1390531, 57.0688048], [33.1393449, 57.0671507], [33.1399701, 57.0661083], [33.1399701, 57.0654738], [33.1393866, 57.064726], [33.1391781, 57.0642048], [33.1395533, 57.0637289], [33.1400118, 57.0633663], [33.1401785, 57.0628677], [33.1393449, 57.0619159], [33.1394282, 57.0613267], [33.1401368, 57.0609187], [33.1405536, 57.0601255], [33.1403452, 57.0594682], [33.140637, 57.0588336], [33.1410954, 57.0581537], [33.1415956, 57.057655], [33.1420124, 57.057111], [33.1418874, 57.0562271], [33.1423042, 57.0551844], [33.1446383, 57.054731], [33.1456386, 57.054323], [33.1482228, 57.0530989], [33.1483478, 57.0526909], [33.1486813, 57.0524642], [33.1491398, 57.0524416], [33.1498067, 57.0526002], [33.1504319, 57.0526909], [33.1521824, 57.0526456], [33.153016, 57.0528723], [33.1534745, 57.0534616], [33.1541831, 57.0539377], [33.1548917, 57.0545497], [33.1553918, 57.0552297], [33.1557253, 57.0559097], [33.1561004, 57.0564764], [33.1568506, 57.0570204], [33.1587679, 57.0578363], [33.1609353, 57.0582896], [33.1627693, 57.0587429], [33.1637696, 57.0589469], [33.1644365, 57.0590149], [33.1649783, 57.0591962], [33.1654368, 57.0592869], [33.1661037, 57.0593322], [33.166979, 57.0593322], [33.168146, 57.0591736], [33.1687296, 57.0591509], [33.1697716, 57.0592869], [33.1703134, 57.0594229], [33.1712304, 57.0595135], [33.1718187, 57.0595205], [33.1723558, 57.0595362], [33.1743564, 57.0592189], [33.1758152, 57.0589016], [33.1776075, 57.0583123], [33.1802334, 57.0570204], [33.182109, 57.0555924], [33.1828175, 57.0546404], [33.183151, 57.0538697], [33.1834427, 57.0527363], [33.1834844, 57.0517842], [33.1836095, 57.0510814], [33.1838179, 57.0503106], [33.184068, 57.0498346], [33.1848599, 57.0491318], [33.1877358, 57.0461164], [33.1890696, 57.0440758], [33.1900699, 57.0421712], [33.1919373, 57.0409587], [33.1924375, 57.0402149], [33.1928043, 57.039326], [33.1928376, 57.0386185], [33.1927376, 57.0372759], [33.1920707, 57.0360241], [33.1920707, 57.0350806], [33.1912705, 57.0334477], [33.1900367, 57.0311614], [33.1888697, 57.0296191], [33.1880361, 57.0283669], [33.186769, 57.0269152], [33.1864355, 57.0262982], [33.1859354, 57.0256267], [33.1848683, 57.0245015], [33.1839014, 57.0239026], [33.1832678, 57.02383], [33.1828343, 57.02383], [33.1824342, 57.0236666], [33.1821341, 57.0233944], [33.1820013, 57.0227456], [33.1818012, 57.0224459], [33.1804532, 57.0216074], [33.1799116, 57.0214371], [33.1796525, 57.0212796], [33.1796321, 57.0211393], [33.1792492, 57.0209397], [33.1788664, 57.0206356], [33.1784329, 57.0202182], [33.1776993, 57.0197462], [33.1755653, 57.0186572], [33.1746983, 57.018276], [33.1738647, 57.0180037], [33.1733979, 57.0179492], [33.1729978, 57.0179674], [33.1726977, 57.0180945], [33.1722975, 57.0180218], [33.1722308, 57.0178585], [33.1714639, 57.0172776], [33.1694966, 57.01637], [33.1687297, 57.0159525], [33.167796, 57.0155894], [33.1665623, 57.0153534], [33.1661288, 57.0154624], [33.165762, 57.0154987], [33.1652285, 57.0153897], [33.1642282, 57.0150811], [33.1619941, 57.0145547], [33.1597267, 57.0140645], [33.1588931, 57.0139556], [33.1583596, 57.0137922], [33.1578594, 57.0137196], [33.1571259, 57.0137196], [33.1568258, 57.0136288], [33.1563589, 57.0136107], [33.1559588, 57.0136833], [33.1558588, 57.0139012], [33.1554253, 57.0139919], [33.1541249, 57.0138648], [33.1534913, 57.0138648], [33.1529578, 57.0140101], [33.152591, 57.0142098], [33.1521242, 57.0143732], [33.1514907, 57.0143732], [33.1507238, 57.0143005], [33.1501902, 57.014355], [33.1496567, 57.0145002], [33.1491566, 57.0144821], [33.1487231, 57.014355], [33.1480229, 57.0143368], [33.1470225, 57.0143187], [33.1461222, 57.0144276], [33.1455554, 57.0145728], [33.1451219, 57.0148451], [33.1448552, 57.0152627], [33.1443883, 57.0153716], [33.1431879, 57.0152627], [33.1426544, 57.0153353], [33.1421876, 57.0155168], [33.1416541, 57.0156439], [33.1403203, 57.0156439], [33.1397868, 57.0158254], [33.1384864, 57.0164608], [33.1377195, 57.0165515], [33.1361856, 57.0165878], [33.1347852, 57.0167149], [33.1319176, 57.0172413], [33.1309839, 57.0174954], [33.1295834, 57.0175862], [33.128083, 57.0178403], [33.1264824, 57.0180218], [33.1250153, 57.0183123], [33.1237815, 57.0186209], [33.1222144, 57.0190383], [33.1196468, 57.0198914], [33.1185131, 57.0204178], [33.1175461, 57.0207808], [33.117046, 57.0210894], [33.1168126, 57.0216339], [33.1157789, 57.0221784], [33.1143451, 57.0227047], [33.1136449, 57.0226866], [33.1130113, 57.0227592], [33.1117442, 57.023467], [33.111044, 57.0240296], [33.1105438, 57.0245196], [33.1104771, 57.0249008], [33.110177, 57.0253], [33.1096769, 57.0254996], [33.1093768, 57.0258445], [33.1092768, 57.0262619], [33.1095102, 57.0270059], [33.1092768, 57.0273326], [33.1092434, 57.0277681], [33.1093434, 57.0282581], [33.110077, 57.0293106], [33.1109773, 57.0300909], [33.1112441, 57.0302542], [33.1124111, 57.0303086], [33.1130447, 57.0303812], [33.1134781, 57.0304719], [33.1138449, 57.0306715], [33.1142451, 57.0307441], [33.116079, 57.0309074], [33.1175128, 57.0311977], [33.1181463, 57.0313973], [33.11918, 57.0318873], [33.1193467, 57.0321776], [33.1193801, 57.0325586], [33.1192467, 57.0328671], [33.1184131, 57.0335929], [33.1180463, 57.0337743], [33.1175795, 57.0338287], [33.1170793, 57.0339739], [33.1169793, 57.034246], [33.117046, 57.0345363], [33.1173461, 57.0347904], [33.1175128, 57.0350444], [33.1174461, 57.0355887], [33.1166458, 57.0358245], [33.1165125, 57.0360241], [33.1165458, 57.0363144], [33.1163791, 57.036514], [33.1160457, 57.0366954], [33.1145118, 57.0369131], [33.1141784, 57.0370945], [33.1140783, 57.0373304], [33.1122444, 57.0383826], [33.1121777, 57.0387636], [33.1123111, 57.0394167], [33.1119776, 57.0395437], [33.1114108, 57.0392716], [33.1110107, 57.039326], [33.1106772, 57.0394711], [33.1107772, 57.0400879], [33.1105105, 57.0403419], [33.1096102, 57.0402149], [33.1094101, 57.040487], [33.1088766, 57.0406321], [33.1082764, 57.0406503], [33.1076095, 57.0405596], [33.1067426, 57.0406503], [33.1061424, 57.040868], [33.1057423, 57.0412489], [33.1056089, 57.0417206], [33.1057756, 57.0421015], [33.1062091, 57.0423373], [33.1061757, 57.0426276], [33.1058756, 57.0428453], [33.1053421, 57.0427727], [33.1048753, 57.0428271], [33.1046085, 57.0431173], [33.1045752, 57.0434257], [33.1043418, 57.0438066], [33.1035082, 57.0442238], [33.1027413, 57.0444415], [33.1020744, 57.0444052], [33.1016076, 57.0444597], [33.1009073, 57.0448224], [33.0988066, 57.0461465], [33.0983398, 57.0466363], [33.0979397, 57.0471985], [33.0974729, 57.04845], [33.0974062, 57.0494657], [33.0977063, 57.0502818], [33.0979397, 57.0504994], [33.0983065, 57.0506082], [33.0986399, 57.0511342], [33.0986066, 57.0513699], [33.0983065, 57.0514969], [33.0980397, 57.0513518], [33.0974062, 57.0512793], [33.0957723, 57.0512249], [33.0949053, 57.051243], [33.0940384, 57.0513518], [33.0931048, 57.0515876], [33.0921711, 57.0519321], [33.0915376, 57.0520954], [33.0907373, 57.0521316], [33.0898704, 57.0520409], [33.0870027, 57.0520047], [33.0845686, 57.0520954], [33.0836016, 57.0522586], [33.0811008, 57.0528933], [33.080634, 57.0530746], [33.0802005, 57.0536549], [33.0794002, 57.0538907], [33.0786333, 57.0540539], [33.0781332, 57.0543622], [33.0771662, 57.0545617], [33.0752322, 57.0546705], [33.074632, 57.0551057], [33.0742986, 57.0554865], [33.0733983, 57.0555953], [33.0724646, 57.0555409], [33.0717977, 57.0553414], [33.0712976, 57.0552507], [33.0703639, 57.0552507], [33.0694303, 57.0553051], [33.06873, 57.0555771], [33.0682299, 57.0560849], [33.0677964, 57.0561393], [33.0661625, 57.056103], [33.0654956, 57.0561574], [33.0652956, 57.0564657], [33.0654623, 57.0567377], [33.0658291, 57.0569553], [33.0659625, 57.0571729], [33.0658291, 57.0573904], [33.0653623, 57.0575355], [33.0649621, 57.0575174], [33.0648955, 57.057735], [33.0644953, 57.0578438], [33.0640618, 57.0577531], [33.0636617, 57.0577712], [33.0631615, 57.0581701], [33.0627948, 57.0581701], [33.0622279, 57.0577894], [33.0617611, 57.0576987], [33.0610275, 57.0577168], [33.05846, 57.0583333], [33.0580599, 57.0585509], [33.0579598, 57.0588229], [33.0582266, 57.0590223], [33.0585267, 57.0591311], [33.0583933, 57.0593487], [33.0579598, 57.0594756], [33.0577264, 57.0597476], [33.0577264, 57.0600558], [33.0581266, 57.060219], [33.0584267, 57.0604185], [33.0586267, 57.0610349], [33.0584267, 57.0613069], [33.0577931, 57.0617601], [33.0577264, 57.0623947], [33.0575597, 57.0626304], [33.0573263, 57.0628117], [33.0554257, 57.0629386], [33.0547588, 57.0630836], [33.0541586, 57.0633193], [33.0534917, 57.0638451], [33.0533583, 57.0640989], [33.0530916, 57.0642621], [33.0527248, 57.0642258], [33.052258, 57.0638632], [33.0517326, 57.0637969]], [[33.1109311, 57.0513856], [33.1106226, 57.0510331], [33.1104663, 57.0507214], [33.1102204, 57.050497], [33.1098203, 57.0502975], [33.1096536, 57.0501161], [33.1100204, 57.0501343], [33.1104205, 57.0502612], [33.1108206, 57.05037], [33.1113541, 57.0504426], [33.1118876, 57.0504788], [33.1122544, 57.0506421], [33.1125212, 57.0508778], [33.1127546, 57.0510955], [33.1132881, 57.0514944], [33.1137883, 57.0517665], [33.1143218, 57.0520022], [33.1148219, 57.0521655], [33.1152221, 57.0523105], [33.1154888, 57.0524556], [33.1149553, 57.0524919], [33.1143885, 57.0523831], [33.1139216, 57.0522017], [33.1134548, 57.0520385], [33.112988, 57.0520204], [33.1123545, 57.0520022], [33.1118876, 57.0520385], [33.1114875, 57.0520385], [33.1111541, 57.0519116], [33.1110874, 57.0516758], [33.1109311, 57.0513856]]]}}, {"type": "Feature", "id": "relation/1159264", "properties": {"name": "Ласцо", "osm": "relation/1159264", "natural": "water", "water": null, "waterway": null, "kind": "area"}, "geometry": {"type": "Polygon", "coordinates": [[[32.8235672, 57.4122795], [32.828722, 57.4111985], [32.8302932, 57.4110608], [32.8313646, 57.4114455], [32.8318543, 57.4113395], [32.8327866, 57.4111376], [32.8328746, 57.4104632], [32.8336071, 57.4099609], [32.8375835, 57.4084852], [32.8383399, 57.4072362], [32.8393768, 57.4069787], [32.8397597, 57.4067877], [32.8398849, 57.4064658], [32.8389732, 57.4056254], [32.8388519, 57.4053871], [32.8389587, 57.4051694], [32.8390887, 57.4048938], [32.8395228, 57.4045812], [32.8398938, 57.4042092], [32.840596, 57.4036488], [32.842421, 57.4032145], [32.8435523, 57.4033697], [32.8444756, 57.4042557], [32.845542, 57.4042571], [32.8468976, 57.4037146], [32.8464657, 57.402694], [32.8469793, 57.402428], [32.8499117, 57.4018591], [32.8528799, 57.4018947], [32.8554716, 57.4013795], [32.8568036, 57.4009048], [32.8582843, 57.4007436], [32.8591986, 57.4005201], [32.8600728, 57.399864], [32.860366, 57.3992189], [32.8601315, 57.3985885], [32.859306, 57.398639], [32.8594864, 57.3973277], [32.8608789, 57.396256], [32.8622157, 57.3958568], [32.8637422, 57.3961622], [32.864669, 57.3956721], [32.8651748, 57.3952026], [32.8650838, 57.3948161], [32.8652409, 57.3944414], [32.8658569, 57.3942591], [32.8661411, 57.3939976], [32.865962, 57.3932687], [32.8675107, 57.3933993], [32.8683772, 57.3924153], [32.868256, 57.3917185], [32.8684276, 57.3914381], [32.8688353, 57.3912184], [32.8692001, 57.3910883], [32.8692377, 57.3908021], [32.8691035, 57.3907703], [32.8689641, 57.3906113], [32.8682721, 57.3906431], [32.8676391, 57.3904899], [32.8675264, 57.3903338], [32.8690177, 57.3892323], [32.8697848, 57.389374], [32.8712064, 57.3891572], [32.8722203, 57.3893624], [32.8732341, 57.3894752], [32.8745002, 57.3896024], [32.8755784, 57.3893711], [32.876088, 57.3893393], [32.8771555, 57.3886628], [32.8767854, 57.3884286], [32.8756374, 57.3884749], [32.8721237, 57.3876162], [32.8714384, 57.3876682], [32.8707826, 57.3878591], [32.8705305, 57.3879602], [32.8702569, 57.3881453], [32.8693664, 57.3885298], [32.8689855, 57.3889027], [32.8690016, 57.389134], [32.8676391, 57.3901025], [32.8673547, 57.3903396], [32.867403, 57.3905969], [32.8671938, 57.3907992], [32.8669095, 57.3911577], [32.866534, 57.391363], [32.8666413, 57.3917128], [32.8669969, 57.3921297], [32.8663056, 57.3919791], [32.864099, 57.392186], [32.8621516, 57.3929026], [32.8609049, 57.3927478], [32.860065, 57.3930012], [32.859697, 57.393842], [32.8595569, 57.3948524], [32.8581079, 57.3957458], [32.854657, 57.3964247], [32.8521492, 57.3963318], [32.8480961, 57.3978952], [32.8438828, 57.3980966], [32.8435606, 57.3993878], [32.8426701, 57.399374], [32.842084, 57.3997332], [32.84129, 57.3996387], [32.8403751, 57.3998958], [32.8392184, 57.4001006], [32.8384901, 57.4013618], [32.8365006, 57.4018236], [32.8355386, 57.4026249], [32.83657, 57.4032584], [32.8350291, 57.4040222], [32.8336359, 57.405019], [32.8338595, 57.405319], [32.8350387, 57.4059438], [32.8347858, 57.406321], [32.8318937, 57.4081244], [32.831553, 57.4091379], [32.8296058, 57.4094971], [32.8287551, 57.4099319], [32.828774, 57.4104423], [32.8274773, 57.4108501], [32.8258815, 57.4105746], [32.8239864, 57.4110186], [32.8231403, 57.4118413], [32.8235672, 57.4122795]], [[32.8354174, 57.4066774], [32.8367307, 57.4064544], [32.8376228, 57.4063801], [32.8382608, 57.4064978], [32.8382856, 57.406919], [32.8375175, 57.407396], [32.836867, 57.4076252], [32.8362289, 57.4076748], [32.835213, 57.4080527], [32.8345006, 57.4081951], [32.8338625, 57.4080774], [32.8341909, 57.4078049], [32.8354298, 57.4077305], [32.8358573, 57.4074146], [32.8361236, 57.4071606], [32.8359626, 57.4069438], [32.8351201, 57.4068509], [32.8354174, 57.4066774]], [[32.8521215, 57.3998135], [32.8525552, 57.3997284], [32.8529811, 57.399287], [32.8531359, 57.3991863], [32.8534612, 57.3992328], [32.8537864, 57.3993721], [32.8534767, 57.3996432], [32.8528649, 57.3997671], [32.8525319, 57.3999529], [32.8521215, 57.3998135]], [[32.8614617, 57.3943416], [32.861821, 57.3943726], [32.8619945, 57.3946265], [32.8620069, 57.3949673], [32.8618086, 57.3950912], [32.8613688, 57.3947876], [32.8614617, 57.3943416]], [[32.8619263, 57.3937531], [32.8624467, 57.3938584], [32.8627874, 57.3936849], [32.8626387, 57.3934929], [32.8622237, 57.3934433], [32.8618024, 57.3935548], [32.8619263, 57.3937531]]]}}, {"type": "Feature", "id": "relation/1159265", "properties": {"name": "Стройно", "osm": "relation/1159265", "natural": "water", "water": "lake", "waterway": null, "kind": "area"}, "geometry": {"type": "Polygon", "coordinates": [[[32.8467987, 57.3636717], [32.848575, 57.3643965], [32.8493139, 57.3645954], [32.8499107, 57.3652065], [32.8508628, 57.3659028], [32.8519286, 57.3660591], [32.8525113, 57.3665991], [32.8528381, 57.367338], [32.8538755, 57.3676791], [32.8545149, 57.3678496], [32.8550834, 57.367807], [32.8553249, 57.3680059], [32.8549128, 57.368347], [32.8544155, 57.3685175], [32.8543444, 57.3687591], [32.8547991, 57.3689438], [32.8561207, 57.3692706], [32.8570302, 57.3693701], [32.857627, 57.3694554], [32.8585081, 57.3696828], [32.8590765, 57.3696828], [32.8595312, 57.369427], [32.8600428, 57.3690433], [32.8610233, 57.3685885], [32.861677, 57.368347], [32.8618333, 57.3678354], [32.8618333, 57.3672101], [32.8624302, 57.3671675], [32.8629702, 57.3669828], [32.8632686, 57.3665422], [32.8635102, 57.3661443], [32.8641496, 57.3655617], [32.8639507, 57.3652207], [32.8634533, 57.3651212], [32.8621317, 57.3656328], [32.8615065, 57.3661586], [32.8607107, 57.366258], [32.859787, 57.3666986], [32.8595881, 57.367267], [32.8592186, 57.3676791], [32.8587923, 57.3678496], [32.857897, 57.3677359], [32.8561349, 57.3676222], [32.8555807, 57.3675086], [32.8548844, 57.3676222], [32.8543302, 57.367608], [32.8536055, 57.3672812], [32.8538186, 57.3667128], [32.8539891, 57.3663007], [32.853506, 57.3660307], [32.8527102, 57.3658459], [32.852156, 57.3650501], [32.8516018, 57.3646949], [32.8486744, 57.3635154], [32.8478787, 57.3633307], [32.8470402, 57.3633875], [32.8467987, 57.3636717]], [[32.8596947, 57.3676327], [32.8602694, 57.3675236], [32.8607933, 57.3677127], [32.8611571, 57.3681856], [32.8603713, 57.3685349], [32.8598329, 57.3687677], [32.8593236, 57.368695], [32.8593672, 57.3683166], [32.85952, 57.3678219], [32.8596947, 57.3676327]], [[32.8564497, 57.3684912], [32.8570026, 57.3684112], [32.8575265, 57.3686222], [32.8581813, 57.3686004], [32.8588216, 57.368855], [32.8586761, 57.3690587], [32.8576865, 57.3691752], [32.8567625, 57.3691824], [32.8563842, 57.3690005], [32.8562751, 57.368695], [32.8564497, 57.3684912]]]}}, {"type": "Feature", "id": "relation/1236637", "properties": {"name": "озеро Полонец", "osm": "relation/1236637", "natural": "water", "water": null, "waterway": null, "kind": "area"}, "geometry": {"type": "Polygon", "coordinates": [[[32.9512935, 57.5625638], [32.9495619, 57.5639922], [32.9478974, 57.5645463], [32.9458311, 57.5650389], [32.9468813, 57.5660933], [32.9489306, 57.5660547], [32.9501403, 57.5681494], [32.9504229, 57.5701179], [32.9483566, 57.5715954], [32.9487584, 57.5733189], [32.9506568, 57.5743156], [32.9541537, 57.5745192], [32.9544407, 57.5757503], [32.9561052, 57.5763042], [32.9560884, 57.5769863], [32.9584585, 57.5774736], [32.9605822, 57.5779045], [32.9616153, 57.5790739], [32.9636816, 57.5795354], [32.9658053, 57.5792585], [32.9667877, 57.5798386], [32.9699379, 57.57932], [32.9728651, 57.578643], [32.9743461, 57.5776622], [32.9741279, 57.5763042], [32.9731521, 57.5759965], [32.9729799, 57.5753194], [32.9733817, 57.574827], [32.9718894, 57.5746731], [32.970052, 57.5736112], [32.9701101, 57.5716569], [32.9706267, 57.570672], [32.9705693, 57.56941], [32.9685604, 57.5678709], [32.967068, 57.5671014], [32.9678716, 57.5663626], [32.9673064, 57.5646509], [32.9658053, 57.5634996], [32.9640834, 57.5636535], [32.9626485, 57.5633765], [32.9630502, 57.5616524], [32.9608118, 57.5610059], [32.9586307, 57.5600822], [32.9564933, 57.5599223], [32.9529484, 57.5610059], [32.9512935, 57.5625638]], [[32.9702389, 57.5777048], [32.971258, 57.5776275], [32.9714298, 57.5775334], [32.9713848, 57.5773551], [32.970962, 57.5771848], [32.9704578, 57.5772032], [32.970157, 57.5773252], [32.9700115, 57.5776024], [32.9702389, 57.5777048]], [[32.9653461, 57.5770736], [32.9647007, 57.577553], [32.9644325, 57.5779395], [32.9646835, 57.57844], [32.9650848, 57.5782524], [32.9655762, 57.5781098], [32.96628, 57.5781362], [32.9677568, 57.5774429], [32.9682713, 57.577286], [32.9682949, 57.5771089], [32.9673378, 57.5765854], [32.966898, 57.5766119], [32.9653461, 57.5770736]], [[32.9516631, 57.564325], [32.9521682, 57.5655071], [32.9527192, 57.5665415], [32.9536835, 57.5668616], [32.9541427, 57.5660489], [32.9548774, 57.5655564], [32.9558416, 57.5651377], [32.9561631, 57.5642757], [32.9551988, 57.5633891], [32.9534539, 57.5631675], [32.9522141, 57.5634384], [32.9516631, 57.564325]]]}}, {"type": "Feature", "id": "relation/4028772", "properties": {"name": "озеро Стерж", "osm": "relation/4028772", "natural": "water", "water": "lake", "waterway": null, "kind": "area"}, "geometry": {"type": "MultiPolygon", "coordinates": [[[[32.618696, 57.1043052], [32.6182925, 57.1038103], [32.6179989, 57.1034502], [32.618696, 57.1043052]], [[32.6138247, 57.1087889], [32.6135587, 57.1089594], [32.6132442, 57.1092459], [32.6128869, 57.1097309], [32.6124404, 57.1105338], [32.6109718, 57.1128669], [32.6102757, 57.1137482], [32.6098654, 57.1141761], [32.6095247, 57.1147036], [32.6096749, 57.1148317], [32.609915, 57.1148981], [32.6106727, 57.1147968], [32.6114531, 57.1149412], [32.6117408, 57.1151729], [32.6116813, 57.1167191], [32.6120881, 57.1168861], [32.6124, 57.1168938], [32.6132584, 57.1167598], [32.6141167, 57.1165676], [32.6150179, 57.1164977], [32.6157904, 57.1164802], [32.6162624, 57.1164278], [32.6163053, 57.1161948], [32.6161766, 57.115822], [32.6155758, 57.1151929], [32.6149535, 57.1142608], [32.6147177, 57.1134649], [32.6148033, 57.1123268], [32.6150393, 57.1110684], [32.6153329, 57.1101458], [32.6152861, 57.1096294], [32.6151146, 57.1091759], [32.6150072, 57.1089302], [32.6147574, 57.1087124], [32.6142883, 57.1086913], [32.6138247, 57.1087889]], [[32.616654, 57.1921545], [32.6165226, 57.1921385], [32.6165843, 57.1920993], [32.6167318, 57.1920935], [32.616654, 57.1921545]], [[32.5940376, 57.1861316], [32.5941825, 57.1864136], [32.5943112, 57.1865909], [32.5947994, 57.1868438], [32.5954592, 57.1870299], [32.5958669, 57.187059], [32.5967896, 57.1870502], [32.5969613, 57.1870066], [32.5970075, 57.1869696], [32.5969559, 57.186934], [32.5968003, 57.1868758], [32.5961888, 57.1867857], [32.596001, 57.1867072], [32.5958991, 57.1865968], [32.5958455, 57.1863264], [32.5956953, 57.1861956], [32.5954968, 57.1861374], [32.5951159, 57.186152], [32.5949228, 57.1861694], [32.5947189, 57.1861549], [32.594499, 57.1861055], [32.5941128, 57.1860067], [32.594043, 57.1860197], [32.5940149, 57.1860619], [32.5940376, 57.1861316]], [[32.5820589, 57.2329199], [32.5820482, 57.2328763], [32.5820589, 57.2328299], [32.5821716, 57.2327689], [32.5822896, 57.2327253], [32.5823379, 57.2326905], [32.5823218, 57.2326528], [32.5822413, 57.2326208], [32.5821125, 57.2325715], [32.5820643, 57.2325221], [32.582075, 57.2324582], [32.582134, 57.232406], [32.5822467, 57.2323769], [32.5826329, 57.2323363], [32.5828904, 57.2323305], [32.5829548, 57.2323682], [32.5829601, 57.232435], [32.5829226, 57.2325569], [32.5828528, 57.2326411], [32.5826329, 57.2327515], [32.5824451, 57.2328792], [32.5823593, 57.2329199], [32.5822413, 57.2329489], [32.5821555, 57.2329547], [32.5820965, 57.2329605], [32.5820589, 57.2329199]], [[32.5817853, 57.2312243], [32.5816888, 57.2311284], [32.5816888, 57.2310646], [32.5817424, 57.2309746], [32.5819248, 57.2308671], [32.582252, 57.2307074], [32.5824988, 57.2305826], [32.5826061, 57.2304781], [32.5827509, 57.2303445], [32.5828206, 57.2303038], [32.582885, 57.2302951], [32.5829226, 57.2303213], [32.5829494, 57.230388], [32.5829226, 57.2305071], [32.5828797, 57.2306232], [32.5828099, 57.2307045], [32.5826865, 57.2307713], [32.5824934, 57.2308323], [32.582413, 57.2309049], [32.5823539, 57.2309949], [32.5822467, 57.2310965], [32.5821286, 57.2311633], [32.5819892, 57.2312214], [32.5818819, 57.2312388], [32.5817853, 57.2312243]], [[32.5767106, 57.2326528], [32.576614, 57.2326121], [32.5765228, 57.2325569], [32.5764424, 57.2324844], [32.5764316, 57.2324147], [32.5764477, 57.2323276], [32.5764584, 57.2322405], [32.5764799, 57.2321882], [32.5765282, 57.2321708], [32.5766087, 57.2321795], [32.5766838, 57.2322811], [32.5767213, 57.2323943], [32.5767642, 57.2325018], [32.5768232, 57.2325686], [32.5768179, 57.2326179], [32.5767749, 57.2326528], [32.5767106, 57.2326528]], [[32.5772792, 57.2268078], [32.5773758, 57.2266916], [32.5774991, 57.2265813], [32.5775742, 57.2265406], [32.577703, 57.2265232], [32.5778103, 57.2265261], [32.5778961, 57.2265581], [32.5779176, 57.2266219], [32.5778532, 57.2267236], [32.5777781, 57.2267613], [32.5776601, 57.2267758], [32.577526, 57.2267904], [32.577424, 57.2268194], [32.5773784, 57.2268267], [32.5773302, 57.2268267], [32.5772966, 57.2268252], [32.5772805, 57.2268201], [32.5772792, 57.2268078]], [[32.5752461, 57.2265261], [32.5753426, 57.2264332], [32.5753963, 57.226288], [32.5753748, 57.2261544], [32.5753105, 57.2259744], [32.5752461, 57.2258698], [32.575171, 57.2257653], [32.575171, 57.2256898], [32.5752997, 57.2256549], [32.575525, 57.2256956], [32.5758469, 57.2258698], [32.5760722, 57.2261196], [32.5761688, 57.2263519], [32.5761151, 57.2265435], [32.5759864, 57.2266016], [32.5758254, 57.2266016], [32.5755143, 57.22659], [32.5753587, 57.2265842], [32.5752783, 57.226561], [32.5752461, 57.2265261]], [[32.6079783, 57.1109888], [32.6081753, 57.1109837], [32.6084626, 57.1109169], [32.6087362, 57.1107742], [32.6091888, 57.1105893], [32.6094462, 57.110488], [32.6096274, 57.1104349], [32.6099799, 57.1103948], [32.6102436, 57.1103256], [32.6104528, 57.1102382], [32.6105547, 57.1101362], [32.6105708, 57.1099644], [32.610485, 57.1097808], [32.6102903, 57.1096293], [32.6099911, 57.1096229], [32.6093745, 57.1099061], [32.6090205, 57.1100984], [32.6084894, 57.1104537], [32.6083499, 57.1105703], [32.6081293, 57.1107043], [32.6080388, 57.11078], [32.6079659, 57.1108696], [32.6079783, 57.1109888]], [[32.6045385, 57.1918544], [32.6044527, 57.1918246], [32.6043937, 57.1917483], [32.6043883, 57.191688], [32.6045251, 57.1915092], [32.6046323, 57.1913348], [32.6046592, 57.1912041], [32.6045828, 57.1910551], [32.6044862, 57.1909715], [32.6042052, 57.190804], [32.604161, 57.1907557], [32.6041563, 57.1907266], [32.6042019, 57.1906969], [32.6043306, 57.1906583], [32.6045331, 57.1906482], [32.6046122, 57.1906593], [32.6046736, 57.1906749], [32.6048001, 57.1907069], [32.6049423, 57.190743], [32.6051849, 57.1908044], [32.6053539, 57.1909323], [32.6056355, 57.1912012], [32.6058394, 57.1914497], [32.6058957, 57.191595], [32.605897, 57.1916284], [32.6058742, 57.1916415], [32.6058327, 57.1916441], [32.6057991, 57.1916342], [32.605596, 57.1915194], [32.6055068, 57.1914871], [32.6054417, 57.1914838], [32.6053311, 57.1915194], [32.6051702, 57.1915932], [32.6047169, 57.1918195], [32.6046203, 57.1918566], [32.6045385, 57.1918544]], [[32.6014245, 57.1876898], [32.6013225, 57.1877523], [32.6011026, 57.187793], [32.6008719, 57.187793], [32.6005635, 57.1877348], [32.6003677, 57.1876549], [32.6000512, 57.1874485], [32.5997615, 57.1873235], [32.5994557, 57.1872087], [32.5986779, 57.1869848], [32.5986081, 57.1869093], [32.5986215, 57.1868482], [32.5986725, 57.1868322], [32.5987798, 57.1868264], [32.5993431, 57.1870197], [32.5999385, 57.1872552], [32.6003569, 57.1873773], [32.6007298, 57.187495], [32.6009443, 57.1875023], [32.6010865, 57.1874834], [32.6013092, 57.1873867], [32.6013949, 57.1873773], [32.6014647, 57.1874107], [32.6015183, 57.1875008], [32.601521, 57.1876156], [32.6014245, 57.1876898]], [[32.6019824, 57.1894513], [32.6018617, 57.1894949], [32.601757, 57.1895007], [32.6015827, 57.1894644], [32.6014352, 57.1894353], [32.6013708, 57.1893917], [32.6013279, 57.1893031], [32.6012796, 57.1891476], [32.6011562, 57.1889601], [32.6009712, 57.1888176], [32.6009765, 57.1887406], [32.6010409, 57.188697], [32.6012099, 57.1886897], [32.6014727, 57.1887595], [32.601757, 57.1889572], [32.6019394, 57.189101], [32.6020253, 57.1892522], [32.6020521, 57.1893598], [32.6019824, 57.1894513]], [[32.6028809, 57.1905951], [32.6025912, 57.1906605], [32.6023444, 57.1906808], [32.6018456, 57.1907158], [32.601572, 57.1907187], [32.6013896, 57.1906823], [32.6012072, 57.1906315], [32.6011273, 57.190565], [32.6010355, 57.1904731], [32.6009791, 57.1903641], [32.6009631, 57.190271], [32.6010141, 57.1902202], [32.6012742, 57.190117], [32.601521, 57.1900225], [32.6017544, 57.1899789], [32.6018911, 57.1899688], [32.6020038, 57.1899775], [32.6022801, 57.1900792], [32.60272, 57.1903306], [32.6029184, 57.1904774], [32.6029345, 57.1905501], [32.6028809, 57.1905951]], [[32.5790012, 57.2154608], [32.5793391, 57.2157425], [32.5793633, 57.2157875], [32.5793794, 57.2158514], [32.5793713, 57.2158921], [32.5793418, 57.2159139], [32.5793016, 57.2159168], [32.5792694, 57.2159066], [32.5791353, 57.2157614], [32.5790387, 57.2157076], [32.57891, 57.21568], [32.578792, 57.2156655], [32.5786874, 57.2156641], [32.5786176, 57.2156786], [32.5784433, 57.2157658], [32.5783896, 57.2157875], [32.5783199, 57.2157947], [32.5782555, 57.2157905], [32.5782153, 57.2157759], [32.5782126, 57.2157454], [32.5782931, 57.2156452], [32.5783762, 57.2155276], [32.5784567, 57.2154259], [32.578572, 57.2153417], [32.5786686, 57.2153111], [32.5787223, 57.215314], [32.5788322, 57.215346], [32.5790012, 57.2154608]], [[32.577585, 57.2304258], [32.5774508, 57.2303503], [32.5773864, 57.230269], [32.5773274, 57.2300599], [32.5772202, 57.2297783], [32.5770378, 57.2293485], [32.5769519, 57.2290582], [32.5769466, 57.2289769], [32.5769681, 57.2289043], [32.5770325, 57.2288492], [32.5771344, 57.2288143], [32.5772899, 57.2288172], [32.5773972, 57.2287998], [32.5774723, 57.2287504], [32.5775528, 57.2286517], [32.5775474, 57.2285675], [32.5774187, 57.2284571], [32.5773543, 57.2283787], [32.5773489, 57.2283265], [32.577408, 57.2282829], [32.5774938, 57.2282713], [32.5776493, 57.22828], [32.5778479, 57.2283381], [32.5779927, 57.2284484], [32.5780624, 57.2286807], [32.5780893, 57.2288579], [32.5781697, 57.2291627], [32.5782502, 57.2293979], [32.5784004, 57.2296012], [32.5786042, 57.2297783], [32.5786418, 57.2299874], [32.5785881, 57.2301412], [32.5784916, 57.2302516], [32.5783735, 57.2303271], [32.578159, 57.23042], [32.5779229, 57.2304722], [32.5777566, 57.2304635], [32.577585, 57.2304258]], [[32.5792426, 57.2308323], [32.57913, 57.2307713], [32.5788617, 57.2306958], [32.5788027, 57.2306465], [32.5787813, 57.2305942], [32.5788241, 57.2305419], [32.5788992, 57.2305187], [32.5793177, 57.2305071], [32.579543, 57.2304723], [32.5797629, 57.2304228], [32.5799292, 57.23033], [32.5800472, 57.2302313], [32.5800955, 57.2301558], [32.580117, 57.230057], [32.5801331, 57.2300251], [32.5801813, 57.2299902], [32.5802618, 57.2299931], [32.5804388, 57.2300599], [32.5805569, 57.2300919], [32.5806373, 57.2300977], [32.5807768, 57.2300628], [32.5810718, 57.2298393], [32.5814742, 57.2296186], [32.5816351, 57.2295983], [32.581796, 57.2296331], [32.5818872, 57.2296941], [32.5819033, 57.2297899], [32.5818229, 57.2299061], [32.5815332, 57.2300367], [32.5812435, 57.230147], [32.5809163, 57.2303329], [32.5807339, 57.2304955], [32.5805086, 57.2306668], [32.5804228, 57.2306929], [32.5802833, 57.2306987], [32.5800687, 57.2307016], [32.5799292, 57.2307104], [32.5796878, 57.2308032], [32.5794572, 57.2309077], [32.579382, 57.2309107], [32.5792962, 57.2308933], [32.5792426, 57.2308323]], [[32.6078618, 57.122232], [32.607733, 57.1222786], [32.6076794, 57.1223893], [32.6076901, 57.1226805], [32.607674, 57.1229542], [32.6077598, 57.1232483], [32.6078242, 57.1235104], [32.6079583, 57.1236706], [32.6080763, 57.1240083], [32.6081943, 57.1242762], [32.6083982, 57.124384], [32.6085157, 57.1244025], [32.6086181, 57.1243549], [32.6086557, 57.1242355], [32.6086235, 57.1240287], [32.6084679, 57.1238424], [32.6084143, 57.1236938], [32.6084465, 57.1235628], [32.6085108, 57.1233764], [32.6086128, 57.1232279], [32.608763, 57.1229833], [32.6087522, 57.122762], [32.6086203, 57.1225248], [32.6083553, 57.1223048], [32.6080978, 57.1222349], [32.6078618, 57.122232]], [[32.6050776, 57.1230649], [32.6053539, 57.1230692], [32.6056436, 57.1230241], [32.6057538, 57.1229128], [32.6056677, 57.1227926], [32.605547, 57.1226907], [32.6053441, 57.1226503], [32.6051688, 57.1226674], [32.6049891, 57.1227707], [32.6048577, 57.1228625], [32.6047987, 57.1229627], [32.6049086, 57.123043], [32.6050776, 57.1230649]], [[32.603475, 57.1882181], [32.6035112, 57.1882036], [32.6036131, 57.1881759], [32.6037459, 57.1881854], [32.6038531, 57.1882232], [32.6042099, 57.1883998], [32.6042354, 57.1884281], [32.604224, 57.1884416], [32.6041952, 57.1884434], [32.6041214, 57.1884354], [32.603986, 57.1884092], [32.6038934, 57.1883823], [32.6037378, 57.188338], [32.6036024, 57.1883024], [32.6034817, 57.188245], [32.603475, 57.1882181]], [[32.6010852, 57.1813071], [32.6010456, 57.1812864], [32.6010215, 57.1812489], [32.6009893, 57.1811036], [32.6010134, 57.1810887], [32.6010436, 57.1810872], [32.6012018, 57.1811235], [32.601236, 57.1811457], [32.6012635, 57.1811755], [32.6012783, 57.1812762], [32.6012474, 57.1812944], [32.6011468, 57.1813165], [32.6010852, 57.1813071]], [[32.6161391, 57.1346121], [32.6153451, 57.1344112], [32.6146477, 57.1340502], [32.6146585, 57.1336383], [32.61516, 57.1334665], [32.6159352, 57.1337518], [32.6164448, 57.1340982], [32.6162893, 57.1345102], [32.6161391, 57.1346121]], [[32.6175417, 57.1345865], [32.6172674, 57.1348906], [32.6169598, 57.134746], [32.6171609, 57.1345524], [32.6174667, 57.1344636], [32.6175417, 57.1345865]], [[32.61774, 57.1343667], [32.6176593, 57.1344562], [32.6172951, 57.1343209], [32.617456, 57.1342903], [32.6178259, 57.1342714], [32.61774, 57.1343667]]], [[[[32.6179989, 57.1034502], [32.6179281, 57.1034561], [32.6178449, 57.1034255], [32.6175848, 57.10314], [32.6175043, 57.1030817], [32.6173675, 57.1030292], [32.6171529, 57.1029884], [32.6160935, 57.1028792], [32.6154229, 57.1028122], [32.6144144, 57.1027219], [32.6133415, 57.1026796], [32.6125288, 57.1026636], [32.6179989, 57.1034502]]]], [[[[32.6125288, 57.1026636], [32.6121828, 57.1026811], [32.6119494, 57.1027175], [32.6117563, 57.1027743], [32.6115069, 57.1028894], [32.611303, 57.1029943], [32.6110134, 57.1031152], [32.6106432, 57.1032303], [32.6103079, 57.1032682], [32.6097473, 57.1033526], [32.6094818, 57.1034473], [32.6092941, 57.1034954], [32.6089749, 57.1035697], [32.6086611, 57.1036411], [32.6082882, 57.1037474], [32.6080012, 57.1039106], [32.6078027, 57.1041262], [32.6076579, 57.1042864], [32.6072985, 57.1046768], [32.6071054, 57.104805], [32.6066762, 57.1050031], [32.6058608, 57.1053906], [32.6054692, 57.1055946], [32.6047236, 57.1058305], [32.6042193, 57.1059412], [32.6035112, 57.1060986], [32.6030552, 57.1063112], [32.6027924, 57.1064598], [32.6125288, 57.1026636]]]], [[[[32.6027924, 57.1064598], [32.6025188, 57.1067861], [32.602154, 57.1071881], [32.6019716, 57.107427], [32.6016176, 57.108033], [32.6016283, 57.1082893], [32.6017195, 57.108502], [32.6017946, 57.108668], [32.6020735, 57.1089244], [32.6023847, 57.1091691], [32.6025832, 57.1093031], [32.6027334, 57.1093934], [32.6028138, 57.1095041], [32.602787, 57.109676], [32.6027548, 57.10981], [32.6027548, 57.1099381], [32.6028728, 57.1101188], [32.6030338, 57.1103052], [32.6032805, 57.1104625], [32.6035273, 57.1106722], [32.6037043, 57.1108587], [32.6037312, 57.1110684], [32.603758, 57.111281], [32.6037419, 57.111482], [32.6037687, 57.1116102], [32.6039189, 57.111718], [32.6042193, 57.1119102], [32.6043856, 57.1120588], [32.6044714, 57.1122219], [32.604627, 57.1123792], [32.6048577, 57.1125161], [32.6050347, 57.1126297], [32.6051366, 57.1128045], [32.6052171, 57.1129967], [32.6051903, 57.1133958], [32.6051956, 57.1136113], [32.6053029, 57.1137744], [32.6054531, 57.1138472], [32.605716, 57.1138589], [32.6060432, 57.1137715], [32.606526, 57.113556], [32.606923, 57.1134365], [32.6072717, 57.1133987], [32.6075989, 57.1134103], [32.6081514, 57.1135035], [32.6084733, 57.1135094], [32.6088113, 57.1134744], [32.6090205, 57.1133317], [32.609514, 57.1128744], [32.6100504, 57.1122568], [32.6102435, 57.1118665], [32.610265, 57.1110393], [32.6105654, 57.1106081], [32.6109731, 57.1102469], [32.6111448, 57.109676], [32.6114774, 57.1090584], [32.6117349, 57.1085573], [32.6119602, 57.1082777], [32.6123893, 57.1077999], [32.6126683, 57.1075669], [32.6129722, 57.1075168], [32.6133978, 57.1076659], [32.6135802, 57.1078931], [32.6136231, 57.1082194], [32.6134086, 57.1087554], [32.6131189, 57.1090875], [32.6127219, 57.109676], [32.6121774, 57.1105279], [32.6106948, 57.1128242], [32.610029, 57.1137715], [32.6095474, 57.1143964], [32.609315, 57.1147976], [32.609278, 57.114989], [32.6094282, 57.1151405], [32.6096749, 57.1151521], [32.6100075, 57.1150647], [32.610265, 57.1150414], [32.6107693, 57.1149774], [32.611177, 57.1150647], [32.6115096, 57.1151929], [32.6115203, 57.1154521], [32.6114559, 57.1159123], [32.6113433, 57.1163987], [32.6112574, 57.1166259], [32.6111233, 57.1168297], [32.6108229, 57.1169579], [32.6104045, 57.1171326], [32.6101148, 57.1172375], [32.609514, 57.1174122], [32.6089346, 57.1175695], [32.6083767, 57.117721], [32.6077974, 57.1179714], [32.6073253, 57.1183209], [32.6067567, 57.118717], [32.6064563, 57.118851], [32.6059788, 57.1189762], [32.6053941, 57.1190373], [32.6049489, 57.1190315], [32.6045948, 57.1190199], [32.6042408, 57.1190228], [32.6040047, 57.1190519], [32.6037151, 57.1190985], [32.6035273, 57.1191218], [32.6033449, 57.1191276], [32.6031019, 57.1191435], [32.6027924, 57.1064598]]]], [[[[32.6031019, 57.1191435], [32.6028621, 57.1194858], [32.6027495, 57.1196926], [32.602551, 57.1198965], [32.6024115, 57.1200741], [32.6022077, 57.1202459], [32.6019984, 57.1204178], [32.6018804, 57.1205372], [32.6014996, 57.12084], [32.6013064, 57.1211312], [32.6013869, 57.1213438], [32.6015586, 57.1216525], [32.6017517, 57.1218039], [32.6020038, 57.1218738], [32.6022613, 57.1218505], [32.6024651, 57.1217632], [32.6027816, 57.121571], [32.6030928, 57.1213176], [32.6032162, 57.1211866], [32.6034254, 57.121006], [32.6035756, 57.120907], [32.6037687, 57.1208022], [32.6039618, 57.1206391], [32.6041549, 57.1205197], [32.6047182, 57.1203581], [32.6050374, 57.120361], [32.6051527, 57.1203974], [32.6051908, 57.1204427], [32.6051525, 57.1204886], [32.6048845, 57.1205575], [32.6045694, 57.1206397], [32.6045036, 57.1206609], [32.6044661, 57.1206915], [32.6044741, 57.1207206], [32.6045868, 57.1207876], [32.6047155, 57.1208502], [32.6048899, 57.1209187], [32.6051129, 57.1210008], [32.6052546, 57.1210613], [32.6054397, 57.1211909], [32.6055175, 57.1213162], [32.6056328, 57.1214399], [32.6059145, 57.1216117], [32.6062814, 57.1217481], [32.6070356, 57.1219758], [32.6074138, 57.1221053], [32.6074447, 57.1221381], [32.6074299, 57.1221767], [32.6073977, 57.1221898], [32.607324, 57.1221927], [32.6065958, 57.1220777], [32.6063812, 57.1220748], [32.6062095, 57.1220937], [32.605885, 57.1221345], [32.6056167, 57.1221519], [32.6050937, 57.1221723], [32.6048389, 57.1222204], [32.6047638, 57.1223019], [32.6046672, 57.1225057], [32.6043856, 57.1228931], [32.6038063, 57.1231435], [32.6032966, 57.1232658], [32.6027709, 57.1233764], [32.6022667, 57.12349], [32.6020253, 57.1235453], [32.6014996, 57.1236036], [32.6011294, 57.1236152], [32.6008451, 57.1236327], [32.6005232, 57.1236414], [32.6002335, 57.1236531], [32.5999439, 57.1236531], [32.5995684, 57.123656], [32.5991875, 57.123656], [32.5988281, 57.1236152], [32.5983345, 57.1237084], [32.5980717, 57.1237696], [32.5978035, 57.1239035], [32.5975567, 57.1241889], [32.597267, 57.1244801], [32.6031019, 57.1191435]]]], [[[[32.597267, 57.1244801], [32.596693, 57.1250013], [32.596575, 57.1252575], [32.5966716, 57.1253973], [32.5969291, 57.1254614], [32.5972483, 57.1254483], [32.5977807, 57.1253886], [32.5978947, 57.1253973], [32.5979309, 57.1254089], [32.5979564, 57.125422], [32.5979416, 57.1254402], [32.5978947, 57.1254606], [32.5976211, 57.1255283], [32.597149, 57.1256477], [32.5963175, 57.1258807], [32.5958079, 57.126003], [32.5949764, 57.1264135], [32.5943541, 57.1267192], [32.5937587, 57.1269929], [32.5933993, 57.1270803], [32.5929379, 57.1271065], [32.5925195, 57.1271152], [32.5921118, 57.1271152], [32.5915003, 57.1270774], [32.5911033, 57.1270104], [32.59054, 57.1270075], [32.5902718, 57.1271138], [32.5900626, 57.1272666], [32.5899982, 57.1274355], [32.5899178, 57.1276714], [32.58995, 57.1278926], [32.590245, 57.1280935], [32.5906849, 57.1281984], [32.5911194, 57.1282449], [32.5917095, 57.1282857], [32.5921011, 57.1283439], [32.5928038, 57.1284691], [32.5930399, 57.1284837], [32.5932866, 57.1284633], [32.5936782, 57.1284196], [32.5940001, 57.1284109], [32.5943863, 57.1284604], [32.5945044, 57.1286002], [32.5945312, 57.1287836], [32.5944292, 57.128935], [32.5941449, 57.1291941], [32.5938499, 57.1293368], [32.5937158, 57.1294474], [32.5937158, 57.1296163], [32.5938016, 57.1297677], [32.5940162, 57.1298871], [32.59422, 57.1299162], [32.5944239, 57.1299365], [32.5945003, 57.1299678], [32.5945419, 57.130021], [32.5945526, 57.1301345], [32.5945097, 57.130481], [32.5944722, 57.1306266], [32.5943112, 57.1308012], [32.5938767, 57.1310836], [32.5933242, 57.1314301], [32.5929809, 57.1316106], [32.5926644, 57.1320182], [32.5923854, 57.132321], [32.5923318, 57.132679], [32.5923854, 57.1330138], [32.5925034, 57.1334563], [32.5925678, 57.1337504], [32.5926053, 57.1339687], [32.5926697, 57.1343006], [32.5928789, 57.1347198], [32.5931042, 57.1348973], [32.5933993, 57.1350807], [32.5938016, 57.1353194], [32.594043, 57.1356309], [32.594161, 57.1359686], [32.5942039, 57.1365333], [32.5943434, 57.1371883], [32.5945795, 57.1378374], [32.5949228, 57.138306], [32.5952607, 57.1386437], [32.5956845, 57.1388969], [32.5962102, 57.1391589], [32.5963604, 57.1392782], [32.5966233, 57.1395257], [32.5966821, 57.1395868], [32.5967752, 57.1396837], [32.5970095, 57.1399273], [32.5971276, 57.1400816], [32.5971222, 57.140198], [32.5969988, 57.140297], [32.5968915, 57.1404687], [32.5969452, 57.1405764], [32.5972348, 57.1408355], [32.597782, 57.1413215], [32.5982112, 57.1415223], [32.5986457, 57.141729], [32.5991929, 57.14186], [32.5996059, 57.1419589], [32.599917, 57.1420521], [32.6003408, 57.1422471], [32.6005018, 57.1424275], [32.6004857, 57.1426167], [32.6003087, 57.1427768], [32.6000565, 57.1428554], [32.5990051, 57.1429136], [32.5977123, 57.1428874], [32.5963658, 57.142803], [32.5933886, 57.1427302], [32.5924122, 57.1427186], [32.5913179, 57.142736], [32.5901699, 57.1429485], [32.5886357, 57.1432832], [32.5876647, 57.1436936], [32.5874126, 57.1438041], [32.5871873, 57.1438245], [32.5869083, 57.1438216], [32.5863129, 57.1438274], [32.5861466, 57.1438973], [32.5861359, 57.1439904], [32.5862271, 57.1440894], [32.5866991, 57.1443193], [32.5871229, 57.144491], [32.5875306, 57.1445987], [32.5878042, 57.1446918], [32.5880027, 57.1447747], [32.5880617, 57.1448606], [32.5880617, 57.1449974], [32.5880724, 57.1453961], [32.5880456, 57.1457599], [32.5879276, 57.1460538], [32.587595, 57.1463768], [32.5866079, 57.1468803], [32.5856048, 57.1474419], [32.5854331, 57.1474652], [32.5852668, 57.1474216], [32.5852025, 57.1473663], [32.585122, 57.1472528], [32.585122, 57.1471102], [32.5852561, 57.1469792], [32.585476, 57.1467697], [32.5855404, 57.1465136], [32.5854707, 57.1462691], [32.5852454, 57.1459869], [32.5850737, 57.1457715], [32.584784, 57.1456464], [32.5843227, 57.1456231], [32.5839686, 57.1456697], [32.583518, 57.1457977], [32.5830245, 57.1462983], [32.5826383, 57.1465776], [32.582311, 57.1467435], [32.5819409, 57.1468337], [32.5814259, 57.1468628], [32.5809646, 57.1468977], [32.5806212, 57.1469268], [32.5802404, 57.147084], [32.5800902, 57.1472353], [32.5800848, 57.1473983], [32.5802886, 57.147893], [32.5806159, 57.1484285], [32.5808895, 57.1488417], [32.5810504, 57.1491443], [32.5812113, 57.1494877], [32.5812757, 57.1498543], [32.5813293, 57.1500289], [32.581619, 57.1505934], [32.5818014, 57.1509019], [32.5822091, 57.1514023], [32.5824458, 57.1517835], [32.5825471, 57.1520105], [32.5826088, 57.1521671], [32.5826383, 57.152316], [32.582767, 57.1527408], [32.5827885, 57.1529852], [32.5829118, 57.1531278], [32.5830781, 57.1531773], [32.5833732, 57.1531656], [32.5837648, 57.1529736], [32.5841939, 57.1528281], [32.5845265, 57.1527234], [32.5847733, 57.1527088], [32.5850201, 57.1528165], [32.5852829, 57.1530289], [32.5856209, 57.1534682], [32.5858194, 57.1538639], [32.5861895, 57.1541723], [32.5865114, 57.1543469], [32.5873268, 57.1547775], [32.5876185, 57.1549212], [32.5879565, 57.1550876], [32.5888395, 57.1555224], [32.5896333, 57.1558002], [32.5900197, 57.1559355], [32.5907307, 57.1562098], [32.5915432, 57.1565232], [32.5929755, 57.1569567], [32.5932035, 57.1570803], [32.5932813, 57.157204], [32.5932598, 57.1572971], [32.5931638, 57.1573578], [32.5930139, 57.1574], [32.5928573, 57.1574441], [32.5924391, 57.1575618], [32.5919133, 57.1577102], [32.5915715, 57.1578178], [32.590937, 57.1582222], [32.5906173, 57.1584934], [32.590127, 57.1590834], [32.5898695, 57.1593452], [32.5897729, 57.159831], [32.5899124, 57.1601975], [32.58995, 57.1606484], [32.5898265, 57.1610426], [32.5898319, 57.1612913], [32.5901806, 57.1616608], [32.5903577, 57.161943], [32.5905025, 57.1623953], [32.5904649, 57.1626295], [32.5902182, 57.1632229], [32.5901592, 57.1635108], [32.5901699, 57.164081], [32.5901538, 57.1644213], [32.58995, 57.1648809], [32.5896281, 57.1653317], [32.5895101, 57.1654961], [32.5894269, 57.1656226], [32.5893426, 57.1658477], [32.5892928, 57.1659803], [32.5892723, 57.1660359], [32.5892651, 57.1660552], [32.5892536, 57.1660862], [32.5892367, 57.1661318], [32.5892241, 57.1661658], [32.5892015, 57.1662268], [32.5891641, 57.1663279], [32.5890782, 57.1665693], [32.5890863, 57.1667017], [32.5891775, 57.1668006], [32.5893277, 57.1669213], [32.5897622, 57.1672747], [32.5902611, 57.1675859], [32.5911623, 57.1680178], [32.5920796, 57.168377], [32.5927153, 57.1687318], [32.5936085, 57.1693658], [32.5941718, 57.1697861], [32.5943461, 57.1699766], [32.5943327, 57.1700609], [32.5942844, 57.170106], [32.5941905, 57.1701002], [32.5940779, 57.1700347], [32.5939438, 57.1698864], [32.5936407, 57.1696988], [32.5932035, 57.1694589], [32.5921869, 57.1690823], [32.5912696, 57.1688481], [32.590878, 57.1687958], [32.59076, 57.1688234], [32.5907224, 57.168899], [32.5907814, 57.1689936], [32.5911355, 57.1692291], [32.5924122, 57.1699097], [32.5929326, 57.1701918], [32.5934046, 57.1703401], [32.5938499, 57.1704041], [32.5940913, 57.1704085], [32.5944775, 57.170359], [32.5946465, 57.1703852], [32.594735, 57.1704361], [32.5949094, 57.1705495], [32.595022, 57.1706935], [32.5950864, 57.1709479], [32.5951374, 57.1710526], [32.5953627, 57.1712213], [32.5959018, 57.1715078], [32.5961673, 57.171739], [32.5964463, 57.1720472], [32.5967091, 57.1724384], [32.5970457, 57.172879], [32.5970632, 57.1729505], [32.5970612, 57.1729742], [32.5970417, 57.1729866], [32.5970035, 57.1729829], [32.5968996, 57.1729517], [32.5966877, 57.1728746], [32.5963202, 57.1728455], [32.595647, 57.1729051], [32.5951052, 57.1729735], [32.5949442, 57.173052], [32.594845, 57.1731712], [32.5948665, 57.1732526], [32.5950193, 57.1734533], [32.5950381, 57.1735478], [32.595014, 57.1736336], [32.5949013, 57.1737078], [32.5938928, 57.1739695], [32.5930157, 57.1741977], [32.5928655, 57.1742821], [32.592667, 57.174442], [32.5924095, 57.1747255], [32.5921628, 57.1749451], [32.5914627, 57.1753478], [32.5911489, 57.1755296], [32.5909317, 57.175723], [32.5908673, 57.1758814], [32.5908726, 57.1760457], [32.5908646, 57.1762027], [32.5908163, 57.1763961], [32.590304, 57.1772074], [32.590194, 57.1774226], [32.5901243, 57.1775963], [32.5900063, 57.1777191], [32.5897662, 57.1778871], [32.5891748, 57.1784984], [32.5886035, 57.1790101], [32.5883621, 57.1792893], [32.5883031, 57.1795088], [32.5884104, 57.180022], [32.5884908, 57.1802095], [32.5886089, 57.1806224], [32.5887644, 57.1809655], [32.5891185, 57.1814713], [32.5895154, 57.1820238], [32.5897112, 57.1823232], [32.590068, 57.1826605], [32.590524, 57.1828785], [32.5907009, 57.183053], [32.590835, 57.1832274], [32.5908995, 57.1833727], [32.5909209, 57.183524], [32.5909638, 57.1836722], [32.5910524, 57.1838277], [32.591216, 57.1839891], [32.5913125, 57.184053], [32.5916693, 57.1842769], [32.5918114, 57.1843816], [32.5919294, 57.1845429], [32.5919563, 57.1846446], [32.5918838, 57.1847115], [32.5917739, 57.184774], [32.591621, 57.1848423], [32.5915593, 57.1849281], [32.5915968, 57.1850153], [32.5917068, 57.185056], [32.5919187, 57.1850822], [32.592136, 57.1850793], [32.5922647, 57.1850953], [32.5923505, 57.185136], [32.5924337, 57.185306], [32.5927877, 57.1856709], [32.5930077, 57.185793], [32.593402, 57.1859034], [32.5937587, 57.1860023], [32.5938874, 57.1860837], [32.5940055, 57.1863061], [32.5940323, 57.1865764], [32.5942522, 57.1867857], [32.5947994, 57.1870706], [32.59514, 57.1872406], [32.5958401, 57.1874281], [32.5960278, 57.1875037], [32.5960869, 57.1876433], [32.5960064, 57.1877537], [32.5955772, 57.1879165], [32.5951803, 57.188181], [32.5952178, 57.1883002], [32.5953948, 57.1884165], [32.5958025, 57.1886374], [32.5966783, 57.1890633], [32.5975943, 57.1895429], [32.5979966, 57.1897812], [32.5981066, 57.1898074], [32.5982514, 57.1898219], [32.5985759, 57.1898198], [32.5990688, 57.1898056], [32.5991198, 57.1898227], [32.5991325, 57.1898463], [32.5991178, 57.1899019], [32.5990266, 57.1900501], [32.5990373, 57.1901082], [32.5990802, 57.1901402], [32.5992385, 57.1901533], [32.5994825, 57.1901271], [32.5996542, 57.1901024], [32.5998419, 57.1901315], [32.5999761, 57.190226], [32.6000378, 57.1903204], [32.6000538, 57.1904091], [32.6000807, 57.1905123], [32.6001558, 57.1905748], [32.600306, 57.1906707], [32.6003838, 57.1907768], [32.6004454, 57.1909119], [32.6006359, 57.1910297], [32.6008076, 57.1910777], [32.6013521, 57.1912782], [32.6013976, 57.1913596], [32.6013494, 57.1914569], [32.6011455, 57.1915674], [32.600593, 57.191752], [32.6005635, 57.1917745], [32.6005554, 57.191797], [32.6005735, 57.1918203], [32.6006117, 57.1918319], [32.6011106, 57.1918145], [32.6012085, 57.1918224], [32.6012515, 57.1918464], [32.6012313, 57.191882], [32.601175, 57.1919017], [32.6004186, 57.1920092], [32.5995094, 57.1922446], [32.598456, 57.1925562], [32.5984284, 57.1925643], [32.5973636, 57.1927911], [32.5968674, 57.1928332], [32.5962666, 57.1928216], [32.595714, 57.1928855], [32.5950998, 57.1929989], [32.5947162, 57.1931253], [32.5936863, 57.193647], [32.59249, 57.1940786], [32.592136, 57.1942574], [32.5919643, 57.1945131], [32.5918221, 57.1947137], [32.5914037, 57.1950072], [32.5911221, 57.1951351], [32.5904945, 57.1952368], [32.5902745, 57.1953124], [32.5899741, 57.1954882], [32.5898963, 57.1956539], [32.5900009, 57.1958253], [32.5901699, 57.1959474], [32.5903496, 57.1959765], [32.5905669, 57.1959692], [32.5909826, 57.1959343], [32.5913005, 57.1958377], [32.5913796, 57.1958275], [32.5913977, 57.1958275], [32.5914145, 57.1958341], [32.5914114, 57.1958433], [32.5914037, 57.19585], [32.5913246, 57.1958835], [32.590996, 57.1959721], [32.5907707, 57.1959997], [32.589907, 57.1960869], [32.5893733, 57.1961988], [32.5888189, 57.1963524], [32.5880831, 57.1966231], [32.5869718, 57.1970635], [32.586675, 57.1971694], [32.5862673, 57.1972886], [32.5861775, 57.1973264], [32.5860983, 57.1974005], [32.5859588, 57.1976562], [32.5858301, 57.1979759], [32.5857282, 57.1982171], [32.585637, 57.1983217], [32.5853393, 57.1984787], [32.5843361, 57.1988783], [32.5835841, 57.1991524], [32.5831693, 57.1992807], [32.5828314, 57.199394], [32.5824357, 57.1995408], [32.5821607, 57.1996756], [32.582016, 57.1997689], [32.5819141, 57.1999026], [32.5818979, 57.2000131], [32.5819946, 57.2003356], [32.5819892, 57.2005739], [32.5819141, 57.2007221], [32.5817639, 57.2009081], [32.5816566, 57.201004], [32.5815546, 57.2010301], [32.5814044, 57.2010156], [32.5807875, 57.2008964], [32.5806749, 57.2008993], [32.580589, 57.2009342], [32.580471, 57.2011493], [32.5804925, 57.2016374], [32.5805461, 57.2017798], [32.580691, 57.2018728], [32.5808197, 57.2020094], [32.5808358, 57.2021024], [32.5807875, 57.2021721], [32.5807017, 57.2021953], [32.5805461, 57.2021663], [32.5804603, 57.2021779], [32.5804281, 57.2022273], [32.5804442, 57.2023639], [32.5807071, 57.2028985], [32.5807822, 57.2029712], [32.5808948, 57.2030119], [32.5810021, 57.2030293], [32.5811952, 57.2029944], [32.5814581, 57.2029073], [32.5815278, 57.2029044], [32.5815707, 57.2029305], [32.5815976, 57.2029915], [32.5815332, 57.2031688], [32.5814474, 57.2032588], [32.5812811, 57.203378], [32.5811201, 57.2034651], [32.5810121, 57.2035557], [32.5809594, 57.2036632], [32.5808973, 57.2037729], [32.5807714, 57.2039578], [32.5804549, 57.2043223], [32.580353, 57.2043833], [32.5802618, 57.2044182], [32.5800204, 57.2044734], [32.5797972, 57.2045612], [32.5795752, 57.2047349], [32.5794791, 57.2048928], [32.5794571, 57.2050458], [32.5794679, 57.2051707], [32.5795323, 57.2052521], [32.5795805, 57.2052884], [32.5797039, 57.2053247], [32.5799024, 57.205377], [32.5800552, 57.2054177], [32.5801518, 57.2054555], [32.5802243, 57.2055034], [32.5803084, 57.2056176], [32.5804706, 57.2057712], [32.5805622, 57.2058782], [32.580734, 57.2061121], [32.5809002, 57.2063653], [32.581045, 57.2067745], [32.5810396, 57.2070535], [32.5810128, 57.2074224], [32.5808657, 57.2077529], [32.5807071, 57.207989], [32.5805238, 57.2082329], [32.5801694, 57.2087074], [32.5798702, 57.2089826], [32.5795859, 57.2092063], [32.5793497, 57.2093075], [32.5791008, 57.2093602], [32.5786954, 57.2093835], [32.5783199, 57.2094184], [32.5781429, 57.2094591], [32.5779873, 57.2095404], [32.5778961, 57.2096392], [32.5778245, 57.2097944], [32.5778317, 57.2099152], [32.5778747, 57.2100111], [32.5779659, 57.2101069], [32.5781482, 57.2102435], [32.5782548, 57.2103133], [32.5784165, 57.2103974], [32.5786418, 57.2104875], [32.5788375, 57.210547], [32.5791782, 57.2106371], [32.5793016, 57.2106778], [32.5794411, 57.2107344], [32.5796369, 57.2108259], [32.579779, 57.2109116], [32.5800311, 57.211022], [32.5803342, 57.2111789], [32.5805569, 57.2113271], [32.5806185, 57.2113968], [32.5806642, 57.2114825], [32.5807265, 57.2116682], [32.5808144, 57.2120214], [32.5808465, 57.2121782], [32.5808197, 57.2125297], [32.5807683, 57.2126944], [32.5806465, 57.2129154], [32.5805086, 57.2130904], [32.5802672, 57.2133112], [32.5801814, 57.213407], [32.5801223, 57.2135232], [32.580044, 57.2136334], [32.5798327, 57.213776], [32.579503, 57.2140116], [32.5790548, 57.2142582], [32.5789261, 57.2143046], [32.5788563, 57.2142988], [32.5788081, 57.2142756], [32.5787008, 57.2141623], [32.5785096, 57.2139174], [32.577876, 57.2133723], [32.5776493, 57.2132269], [32.5775421, 57.2131979], [32.5774777, 57.2132008], [32.5774401, 57.213224], [32.5773489, 57.2134709], [32.5772738, 57.2136452], [32.5771397, 57.2138892], [32.5770754, 57.2140345], [32.5770249, 57.2142745], [32.5770137, 57.2144252], [32.5770217, 57.2144419], [32.5770619, 57.2144542], [32.5771327, 57.214455], [32.577239, 57.2144441], [32.577321, 57.2144623], [32.5774294, 57.2145095], [32.5774616, 57.2145719], [32.5774804, 57.2146663], [32.5774616, 57.2147941], [32.5774481, 57.2149002], [32.577416, 57.214964], [32.5773087, 57.2150671], [32.57718, 57.2151703], [32.5770995, 57.2152211], [32.5769761, 57.21524], [32.5768179, 57.2152429], [32.5765926, 57.2152167], [32.5764745, 57.2151877], [32.5763726, 57.2151267], [32.5763029, 57.2150889], [32.5761956, 57.2150628], [32.5759274, 57.2150454], [32.5756967, 57.2150541], [32.5754768, 57.2151209], [32.5753909, 57.2151819], [32.5753695, 57.2152429], [32.5753856, 57.2153155], [32.5754413, 57.2153953], [32.5756218, 57.2155448], [32.5757879, 57.2157629], [32.5759113, 57.215943], [32.5759756, 57.2161376], [32.5759757, 57.21655], [32.5759918, 57.2166139], [32.5760376, 57.2166479], [32.5761151, 57.2166749], [32.5764155, 57.2167678], [32.576614, 57.2168608], [32.576673, 57.2169218], [32.5767481, 57.2173869], [32.5767481, 57.2174192], [32.5767508, 57.2174428], [32.5767609, 57.2174776], [32.5767804, 57.2179907], [32.576673, 57.218223], [32.5765174, 57.2183769], [32.5763353, 57.218499], [32.5760373, 57.2186558], [32.5759649, 57.2187517], [32.5759327, 57.2188301], [32.5759435, 57.2189172], [32.5759488, 57.2191467], [32.5758856, 57.2193501], [32.5758415, 57.2194197], [32.5757888, 57.2194824], [32.5755789, 57.2196751], [32.575259, 57.2200449], [32.5751603, 57.2202242], [32.5750315, 57.2206424], [32.5748671, 57.221142], [32.5748384, 57.2212291], [32.5748008, 57.2214324], [32.5748545, 57.2215515], [32.5750369, 57.2217577], [32.5752622, 57.2220742], [32.575686, 57.222838], [32.5758362, 57.222989], [32.5760829, 57.2230529], [32.5765657, 57.2230007], [32.57707, 57.2229774], [32.5771987, 57.2230414], [32.5772008, 57.2231055], [32.5770217, 57.2231884], [32.5767266, 57.2232562], [32.5762773, 57.2234202], [32.5758929, 57.2235794], [32.5752344, 57.2237691], [32.5733782, 57.2242076], [32.5721133, 57.2245688], [32.5718656, 57.2246951], [32.5716734, 57.2249928], [32.5717055, 57.225289], [32.5719001, 57.2255513], [32.5722849, 57.2257711], [32.5730252, 57.2259628], [32.5737333, 57.226137], [32.5744092, 57.2264216], [32.5746379, 57.2266771], [32.5747204, 57.2269675], [32.5746882, 57.227525], [32.574578, 57.2277782], [32.57442, 57.2279954], [32.5740015, 57.2282452], [32.5737614, 57.2284358], [32.5736511, 57.2286349], [32.5737119, 57.2288491], [32.573913, 57.2289739], [32.5740659, 57.2290001], [32.5743127, 57.228942], [32.5745888, 57.2287939], [32.5750637, 57.2284775], [32.5754258, 57.2283235], [32.5757611, 57.2282859], [32.57604, 57.2283265], [32.5762116, 57.2284426], [32.5762867, 57.228553], [32.576201, 57.2287794], [32.5757798, 57.229241], [32.5750287, 57.2298624], [32.5748142, 57.2300425], [32.5747633, 57.2302371], [32.5748598, 57.230359], [32.5750369, 57.2304025], [32.5751978, 57.230417], [32.575466, 57.2303764], [32.5757396, 57.2303648], [32.576201, 57.2303822], [32.5771022, 57.2304984], [32.5774025, 57.2305623], [32.5775742, 57.2307016], [32.5775957, 57.2308758], [32.5775635, 57.2310152], [32.5770485, 57.2316713], [32.5767803, 57.2319472], [32.5766595, 57.2320342], [32.576496, 57.2321127], [32.5762464, 57.2321998], [32.5758362, 57.2323537], [32.5752219, 57.2326614], [32.574774, 57.2329895], [32.574259, 57.233576], [32.5738191, 57.2341625], [32.5736018, 57.2345427], [32.5735374, 57.2348446], [32.5736099, 57.2351438], [32.5737011, 57.2353528], [32.5737789, 57.2354457], [32.5738636, 57.2354744], [32.5739479, 57.2354733], [32.5740606, 57.2354297], [32.5741732, 57.2353673], [32.5745648, 57.2351931], [32.5749242, 57.2349957], [32.5751817, 57.2349028], [32.5754982, 57.2348593], [32.5758362, 57.2348534], [32.5765014, 57.2349057], [32.5772846, 57.2349812], [32.5776601, 57.2351147], [32.5778317, 57.2352483], [32.578057, 57.2356663], [32.5782931, 57.2359625], [32.5784647, 57.2361076], [32.5787115, 57.2361657], [32.5790441, 57.2361976], [32.579366, 57.236096], [32.5796664, 57.235945], [32.5797844, 57.2358115], [32.5798058, 57.2356257], [32.5797093, 57.2353818], [32.5795698, 57.2352889], [32.5793928, 57.2352511], [32.5791514, 57.2352425], [32.5788402, 57.2352018], [32.5786686, 57.2350973], [32.5785077, 57.234836], [32.5784862, 57.234656], [32.5786149, 57.2345109], [32.5789556, 57.2343685], [32.5797415, 57.2341277], [32.580471, 57.2338257], [32.5817317, 57.2332886], [32.5818604, 57.2332654], [32.5820535, 57.2332653], [32.5822413, 57.2332973], [32.5824559, 57.2332682], [32.5827241, 57.2331957], [32.5835073, 57.2329228], [32.583695, 57.232824], [32.5837834, 57.2327368], [32.5838184, 57.2326121], [32.5838506, 57.2324727], [32.5838989, 57.2321504], [32.5838935, 57.232014], [32.5838667, 57.2319617], [32.5838131, 57.2319211], [32.5835395, 57.2318427], [32.5833839, 57.231789], [32.5832981, 57.2317353], [32.5832471, 57.2316757], [32.5832391, 57.2316424], [32.5832579, 57.2316075], [32.5833088, 57.2315974], [32.5833678, 57.2316075], [32.5838774, 57.231834], [32.5840411, 57.2318935], [32.5841296, 57.2319008], [32.5842717, 57.2318658], [32.5843335, 57.2318137], [32.584336, 57.2317352], [32.5842744, 57.2316104], [32.5841724, 57.2314681], [32.5841242, 57.231352], [32.5840973, 57.2310559], [32.5840598, 57.2306959], [32.5839283, 57.2303298], [32.5837219, 57.2301702], [32.5836253, 57.2301325], [32.5835529, 57.2301241], [32.5834965, 57.2301384], [32.5833679, 57.2302574], [32.5832551, 57.2303677], [32.5832051, 57.2303855], [32.5831586, 57.2303706], [32.583121, 57.2303242], [32.5831264, 57.2301935], [32.5831854, 57.2301064], [32.5832927, 57.22997], [32.5833249, 57.2298741], [32.5832999, 57.2297756], [32.5831747, 57.229607], [32.5831104, 57.229424], [32.5831318, 57.2291831], [32.5831425, 57.2289652], [32.5830245, 57.2287998], [32.5827616, 57.2286023], [32.5824559, 57.2284891], [32.5814956, 57.2283177], [32.5808036, 57.2281871], [32.5805032, 57.2280826], [32.5803745, 57.2279722], [32.5802725, 57.2277341], [32.5801416, 57.2275835], [32.5799346, 57.2274902], [32.5796341, 57.2274321], [32.5792533, 57.2273276], [32.5790709, 57.2271969], [32.5790548, 57.227133], [32.5790924, 57.2270924], [32.5792909, 57.2270343], [32.5800534, 57.2269106], [32.580691, 57.2267497], [32.5812918, 57.2265784], [32.5816215, 57.2265158], [32.5821877, 57.2264652], [32.5822574, 57.2264913], [32.5822493, 57.2265319], [32.5821903, 57.2265754], [32.5819087, 57.2267236], [32.5817102, 57.2269094], [32.5815411, 57.2271445], [32.5814581, 57.2274146], [32.5814875, 57.2276962], [32.5816083, 57.2279431], [32.5818523, 57.2281086], [32.5822252, 57.2282103], [32.5826436, 57.2282626], [32.5830996, 57.2282394], [32.5836708, 57.2281695], [32.5840946, 57.2280301], [32.584312, 57.2278967], [32.5847277, 57.2274117], [32.5850308, 57.2270604], [32.5855994, 57.2263054], [32.5857389, 57.2261355], [32.5858247, 57.2260978], [32.585983, 57.2260412], [32.5861574, 57.2260078], [32.5869164, 57.2259163], [32.5883084, 57.2257595], [32.588419, 57.2257537], [32.5888422, 57.2257065], [32.58949, 57.2256382], [32.5899796, 57.2255827], [32.5908861, 57.2254894], [32.5915383, 57.2254004], [32.5917631, 57.2253501], [32.5918623, 57.2253235], [32.5919884, 57.2252934], [32.5921145, 57.2252527], [32.5922419, 57.2251961], [32.5924967, 57.2250604], [32.59271, 57.2249275], [32.592934, 57.22477], [32.5932491, 57.224534], [32.5938284, 57.2241681], [32.594322, 57.2239009], [32.594908, 57.2236309], [32.5953949, 57.2234392], [32.5958508, 57.2231807], [32.5961298, 57.2229687], [32.5964409, 57.2226928], [32.5968701, 57.222202], [32.5973583, 57.2214799], [32.5976634, 57.2209813], [32.5977927, 57.2207992], [32.5980448, 57.2206337], [32.5982279, 57.2205638], [32.5987154, 57.2203491], [32.5987422, 57.2202852], [32.5987154, 57.2202416], [32.5986457, 57.2202155], [32.5984794, 57.2202242], [32.5982326, 57.2202358], [32.5979644, 57.2202126], [32.5976586, 57.2201574], [32.5973529, 57.2200383], [32.5971919, 57.2199221], [32.5971651, 57.2198437], [32.5972187, 57.2197856], [32.5978625, 57.2194371], [32.5983775, 57.219167], [32.598753, 57.2189172], [32.5989928, 57.2186685], [32.5991822, 57.2183422], [32.5992679, 57.2180342], [32.5993098, 57.217417], [32.5992548, 57.2171337], [32.5992453, 57.217085], [32.5992287, 57.2169996], [32.5992038, 57.2168712], [32.5991285, 57.2164832], [32.5990535, 57.216178], [32.5988883, 57.2155055], [32.5988191, 57.2152241], [32.5987852, 57.215086], [32.5987315, 57.2148624], [32.5987584, 57.2145283], [32.5987775, 57.2142663], [32.5986597, 57.2139038], [32.5981582, 57.2130594], [32.5977659, 57.212399], [32.5977176, 57.2122596], [32.5977015, 57.2120621], [32.5977246, 57.2118285], [32.5977605, 57.211484], [32.5977476, 57.2110644], [32.5976694, 57.2107083], [32.5975782, 57.2104439], [32.5974762, 57.210287], [32.5972188, 57.2100169], [32.597047, 57.2098222], [32.5970095, 57.2097089], [32.5969934, 57.2095579], [32.5970578, 57.2093487], [32.5971866, 57.2090175], [32.5973442, 57.2085389], [32.5973582, 57.2083057], [32.59731, 57.2080732], [32.5971759, 57.2077681], [32.5970417, 57.2075677], [32.5968851, 57.2073623], [32.5967547, 57.2072409], [32.5966031, 57.2071304], [32.5964307, 57.2070194], [32.5959098, 57.2066845], [32.5959098, 57.2066438], [32.5959608, 57.2066075], [32.5960037, 57.206609], [32.5962317, 57.2067063], [32.5964892, 57.206792], [32.596575, 57.2067964], [32.5966823, 57.2067717], [32.5967574, 57.2067194], [32.596795, 57.2066409], [32.5967951, 57.2064865], [32.5968352, 57.2064332], [32.5968754, 57.2064187], [32.5969586, 57.2064288], [32.5970712, 57.2064695], [32.5972052, 57.2064838], [32.5973481, 57.2064732], [32.5974253, 57.2064535], [32.5974467, 57.2064288], [32.5974427, 57.2064049], [32.5973958, 57.2063845], [32.5972697, 57.206362], [32.5972064, 57.2063346], [32.5971865, 57.2063039], [32.5971946, 57.206269], [32.5972912, 57.2061557], [32.5973689, 57.2060933], [32.597436, 57.2060599], [32.5975245, 57.206025], [32.597546, 57.2059901], [32.5975379, 57.2059508], [32.5975326, 57.2059], [32.5975553, 57.2057634], [32.5975755, 57.205685], [32.597613, 57.2056371], [32.5976855, 57.2056037], [32.5977954, 57.2055732], [32.5979161, 57.2055456], [32.5980659, 57.205521], [32.5984016, 57.2054744], [32.5984767, 57.2054627], [32.5985035, 57.2054453], [32.5985074, 57.2054296], [32.5984768, 57.2053698], [32.5984552, 57.2053567], [32.5984271, 57.2053502], [32.5983707, 57.2053502], [32.5983264, 57.205355], [32.59829, 57.2053584], [32.5979752, 57.2053901], [32.597613, 57.2054366], [32.597427, 57.2054795], [32.597259, 57.2055427], [32.5970547, 57.2056487], [32.5969774, 57.2056647], [32.596929, 57.2056603], [32.5968727, 57.2056342], [32.5968433, 57.2055935], [32.5968566, 57.2055282], [32.5970659, 57.2051562], [32.5972456, 57.2047814], [32.5972939, 57.2046942], [32.5973394, 57.2046666], [32.5973931, 57.2046608], [32.5974816, 57.2046695], [32.5977471, 57.2047233], [32.598061, 57.2047887], [32.5981048, 57.2047818], [32.598134, 57.2047853], [32.5981387, 57.2047858], [32.5981602, 57.2047582], [32.5982113, 57.2046702], [32.5982165, 57.2046434], [32.5981924, 57.2046259], [32.59812, 57.20461], [32.5977418, 57.2045301], [32.597605, 57.2044821], [32.5975379, 57.2044444], [32.5975057, 57.2044051], [32.5974736, 57.2043484], [32.5974709, 57.204302], [32.5975701, 57.2041189], [32.5977605, 57.2038487], [32.597943, 57.2036046], [32.5981146, 57.2033199], [32.5983303, 57.2029152], [32.598415, 57.2027402], [32.5984852, 57.2025552], [32.5984955, 57.2022215], [32.5983721, 57.2017072], [32.5982434, 57.2012829], [32.5982219, 57.2010272], [32.5981682, 57.2008441], [32.5982058, 57.2006872], [32.5983989, 57.200571], [32.5987852, 57.2005158], [32.5994611, 57.2004199], [32.5999492, 57.2002397], [32.6004106, 57.2000566], [32.6008558, 57.1998939], [32.6012528, 57.1996963], [32.6016766, 57.199397], [32.6021272, 57.1989611], [32.6023954, 57.1984845], [32.6027602, 57.1980951], [32.6032001, 57.1977841], [32.6035112, 57.1976621], [32.6041657, 57.1975836], [32.6058716, 57.197572], [32.6073039, 57.1974644], [32.6077974, 57.1973656], [32.608028, 57.1972784], [32.608366, 57.1971593], [32.6090867, 57.1970881], [32.6098497, 57.196996], [32.6105976, 57.1968774], [32.6115602, 57.1966907], [32.6119816, 57.1965054], [32.6124079, 57.1962265], [32.6128668, 57.1958486], [32.6133978, 57.1956655], [32.6141381, 57.1954882], [32.6145941, 57.1952354], [32.6147819, 57.1950697], [32.6150072, 57.1948604], [32.6152378, 57.1946396], [32.6155329, 57.1944681], [32.6158923, 57.1943228], [32.616477, 57.194128], [32.6169705, 57.1939536], [32.6173729, 57.193724], [32.6177537, 57.193445], [32.6179415, 57.19332], [32.6180971, 57.1931427], [32.6181561, 57.1929189], [32.6181185, 57.1925963], [32.6176679, 57.1920237], [32.617566, 57.1918377], [32.6177537, 57.1916895], [32.6180273, 57.1916052], [32.6184082, 57.1915674], [32.6188427, 57.1915936], [32.6191699, 57.1917156], [32.619288, 57.1920644], [32.6194221, 57.1925702], [32.6195562, 57.1928783], [32.6196098, 57.1931166], [32.6197332, 57.1936252], [32.6198995, 57.1937822], [32.6200336, 57.1938229], [32.6201892, 57.1937822], [32.6203769, 57.1936223], [32.6206291, 57.1933142], [32.6209509, 57.1929219], [32.621187, 57.1925963], [32.621761, 57.1921109], [32.6222438, 57.191768], [32.6227105, 57.1916575], [32.6233864, 57.191393], [32.6238799, 57.1910122], [32.6240462, 57.190832], [32.6240891, 57.1906547], [32.6240462, 57.1904977], [32.6238477, 57.1902565], [32.6237941, 57.1900414], [32.623778, 57.1897653], [32.6237404, 57.1893031], [32.6237404, 57.1890124], [32.6238263, 57.1882275], [32.6237404, 57.1876636], [32.6236975, 57.1871927], [32.6235688, 57.1868206], [32.6232684, 57.1865008], [32.6228714, 57.1861345], [32.6223671, 57.1857334], [32.6219487, 57.1854194], [32.621541, 57.185024], [32.6210582, 57.1845938], [32.6205969, 57.18446], [32.6200604, 57.1844659], [32.6197332, 57.1845938], [32.6194596, 57.1848089], [32.6192665, 57.1849223], [32.6190197, 57.184931], [32.6187462, 57.1848467], [32.6171644, 57.1832626], [32.6168203, 57.1827971], [32.6167506, 57.1825936], [32.6167586, 57.1825311], [32.6168257, 57.182486], [32.6169893, 57.18247], [32.6170778, 57.1824947], [32.6173836, 57.1826546], [32.6176786, 57.1827302], [32.6179522, 57.1826953], [32.6181292, 57.1825907], [32.6180917, 57.1824133], [32.6178235, 57.1823145], [32.6173943, 57.182172], [32.6172817, 57.1821139], [32.6171529, 57.1820935], [32.6170027, 57.1820819], [32.6168525, 57.1821168], [32.6166272, 57.1821226], [32.616359, 57.1821052], [32.6160371, 57.1819889], [32.6157689, 57.1817679], [32.615726, 57.1814772], [32.615824, 57.1810994], [32.6159406, 57.1804537], [32.6158118, 57.180099], [32.6156777, 57.1799798], [32.6154256, 57.1799217], [32.6145995, 57.1800932], [32.6139289, 57.1801892], [32.6134461, 57.180227], [32.613084, 57.1801979], [32.612569, 57.1800772], [32.6116008, 57.179785], [32.6109785, 57.1796106], [32.6103884, 57.1794303], [32.6099217, 57.1793547], [32.6094191, 57.179322], [32.6086825, 57.1792965], [32.6073682, 57.1794099], [32.6071322, 57.1794361], [32.6060647, 57.1794855], [32.6058367, 57.179519], [32.6056945, 57.17958], [32.605252, 57.1800263], [32.605142, 57.1802022], [32.6048148, 57.1804065], [32.6047061, 57.1804348], [32.6046418, 57.1804254], [32.6044928, 57.1803157], [32.6044017, 57.1801107], [32.6043427, 57.1800467], [32.6041764, 57.1800118], [32.6040101, 57.1800322], [32.6038921, 57.1800699], [32.6036882, 57.180163], [32.6035488, 57.1803782], [32.6035205, 57.1804844], [32.6034549, 57.1806137], [32.6033181, 57.1807983], [32.6031022, 57.1809655], [32.6027589, 57.1811137], [32.6025335, 57.1811363], [32.6023981, 57.1811217], [32.6022732, 57.1810533], [32.6021165, 57.1808666], [32.6019126, 57.1807183], [32.6017142, 57.1806354], [32.6014888, 57.1806006], [32.601226, 57.1806093], [32.6009551, 57.1806834], [32.600778, 57.1807401], [32.6005554, 57.1808244], [32.6003705, 57.1809158], [32.5998218, 57.1811792], [32.5996971, 57.1812162], [32.5996113, 57.1812199], [32.599555, 57.181201], [32.5995442, 57.1811617], [32.5996099, 57.1811181], [32.6000378, 57.1809524], [32.6006144, 57.1806783], [32.6010919, 57.1803898], [32.6013386, 57.1801892], [32.6018295, 57.179817], [32.6032403, 57.1791395], [32.6036346, 57.1790247], [32.6040423, 57.1789374], [32.6051393, 57.1787208], [32.6059225, 57.1785231], [32.6066548, 57.1782963], [32.6074219, 57.1779445], [32.608307, 57.1774705], [32.6092511, 57.1771798], [32.6105976, 57.1768715], [32.612679, 57.1761882], [32.6140201, 57.1755921], [32.6148355, 57.1751327], [32.6156402, 57.1745918], [32.6165736, 57.173952], [32.6175928, 57.1730447], [32.6188695, 57.1720909], [32.6196206, 57.1712068], [32.6196957, 57.1704448], [32.6195991, 57.1699388], [32.6196313, 57.1696189], [32.6196742, 57.1693222], [32.6199263, 57.1690139], [32.6204145, 57.1687667], [32.620908, 57.1686649], [32.6212835, 57.1686358], [32.6215839, 57.1685718], [32.6218629, 57.1684759], [32.6221043, 57.1683595], [32.6224691, 57.1682577], [32.6231825, 57.1681734], [32.6235795, 57.1681298], [32.6238638, 57.1680978], [32.6242232, 57.1681007], [32.6244217, 57.1680745], [32.6245773, 57.1680076], [32.6247689, 57.1678922], [32.6250762, 57.1677749], [32.6252693, 57.1676353], [32.6253122, 57.1674724], [32.6251084, 57.1671874], [32.6248026, 57.1669722], [32.6244378, 57.1669024], [32.6240838, 57.1669373], [32.6231235, 57.1670885], [32.6220185, 57.1671641], [32.6208651, 57.1671816], [32.6200819, 57.1672049], [32.6194543, 57.1672921], [32.619186, 57.1673939], [32.6189607, 57.1675306], [32.6187676, 57.1677371], [32.6186818, 57.1678564], [32.6185423, 57.1678942], [32.6183653, 57.1678738], [32.6182473, 57.167804], [32.6181132, 57.1676673], [32.6178664, 57.1674957], [32.6175499, 57.1673474], [32.6171046, 57.1672165], [32.6168579, 57.1671438], [32.6167613, 57.1670565], [32.6167774, 57.1669198], [32.6170403, 57.1665155], [32.6172441, 57.1662683], [32.6172656, 57.1661636], [32.6172388, 57.1660618], [32.617003, 57.1660139], [32.6166862, 57.1660036], [32.6164502, 57.1661054], [32.6162893, 57.1662479], [32.6160264, 57.1664399], [32.6159245, 57.1665562], [32.6159862, 57.1667802], [32.6160693, 57.1669053], [32.6161002, 57.1669649], [32.6161028, 57.1669976], [32.6160639, 57.1670071], [32.6159674, 57.1669896], [32.6156455, 57.1668965], [32.6151735, 57.1667453], [32.6144385, 57.1664777], [32.6132959, 57.165992], [32.6122981, 57.165579], [32.611075, 57.165035], [32.6105547, 57.1647616], [32.610265, 57.1646249], [32.610206, 57.1645522], [32.6101899, 57.1644184], [32.6103187, 57.1640286], [32.6107639, 57.1634468], [32.6118743, 57.1628331], [32.6129311, 57.1623386], [32.6134568, 57.1620622], [32.614181, 57.1613844], [32.6145995, 57.160951], [32.6147658, 57.1605612], [32.614814, 57.1601714], [32.6148838, 57.1599648], [32.6149696, 57.1598281], [32.6152325, 57.159607], [32.6159996, 57.1593277], [32.6172388, 57.1586062], [32.6178235, 57.1582455], [32.6182043, 57.1579837], [32.6182419, 57.157812], [32.6180971, 57.1574484], [32.6180273, 57.1571429], [32.6179522, 57.1565581], [32.6176786, 57.1559588], [32.6174641, 57.1555311], [32.6174641, 57.1551092], [32.6175821, 57.154667], [32.6178181, 57.1544488], [32.6179469, 57.1542218], [32.6178878, 57.1540938], [32.6175982, 57.1538232], [32.6168525, 57.1533606], [32.6162678, 57.1529358], [32.6151895, 57.152348], [32.6143205, 57.1518446], [32.6140845, 57.1515886], [32.6138967, 57.1512772], [32.6138645, 57.1510241], [32.6139235, 57.15064], [32.6139986, 57.1500173], [32.6142347, 57.1494411], [32.614578, 57.1489872], [32.6152324, 57.1485216], [32.6163268, 57.1477533], [32.6173568, 57.1471597], [32.6181292, 57.1467173], [32.6185155, 57.1466067], [32.619127, 57.1465194], [32.6199102, 57.1464496], [32.6205647, 57.1463914], [32.6212942, 57.1463157], [32.6224637, 57.1462371], [32.6235419, 57.146112], [32.624234, 57.1459287], [32.6249582, 57.1456027], [32.6252047, 57.1453689], [32.6252208, 57.1453496], [32.6254731, 57.145076], [32.6254302, 57.1448431], [32.6252907, 57.144622], [32.6252639, 57.1443833], [32.6253766, 57.1440806], [32.6261598, 57.1434869], [32.6265728, 57.1428408], [32.6266587, 57.1426662], [32.626884, 57.1425381], [32.6272756, 57.1424159], [32.6274258, 57.1422616], [32.6274848, 57.1418833], [32.6273668, 57.14147], [32.6272112, 57.1410479], [32.6270395, 57.1405648], [32.6269108, 57.1401631], [32.626707, 57.1399302], [32.6261866, 57.1395664], [32.6254892, 57.1387136], [32.6251137, 57.1381401], [32.6244539, 57.1374386], [32.624411, 57.1373222], [32.6245075, 57.1372407], [32.6257413, 57.1367138], [32.6264173, 57.1366003], [32.6270717, 57.13651], [32.6275545, 57.1363267], [32.6279998, 57.1360792], [32.6281419, 57.1357983], [32.6281044, 57.1354301], [32.6280776, 57.1352874], [32.6281044, 57.1352001], [32.6282144, 57.1351244], [32.6283163, 57.135104], [32.6285014, 57.1351069], [32.6297325, 57.1352874], [32.6305184, 57.1354461], [32.6307222, 57.1355188], [32.6309019, 57.1356382], [32.6310816, 57.1357517], [32.6312104, 57.1357823], [32.6314035, 57.1357707], [32.6323906, 57.1355203], [32.6328143, 57.1354534], [32.6330665, 57.1354461], [32.6337397, 57.1355771], [32.6343968, 57.1356033], [32.6350728, 57.1355785], [32.6356977, 57.1355683], [32.636033, 57.1356135], [32.6362583, 57.1357037], [32.6365024, 57.135922], [32.6366472, 57.1361272], [32.6366875, 57.1363703], [32.6365104, 57.1367225], [32.6364595, 57.1369147], [32.6365346, 57.1371359], [32.6367465, 57.1374488], [32.637122, 57.1377559], [32.6373902, 57.1379087], [32.6381251, 57.1381605], [32.6385891, 57.1382391], [32.6392865, 57.1382478], [32.6399624, 57.1381852], [32.6411694, 57.1380237], [32.6421672, 57.1379276], [32.642945, 57.1379946], [32.6432669, 57.1381139], [32.6434815, 57.1382886], [32.6435244, 57.1388271], [32.6436156, 57.1391589], [32.6441574, 57.1396654], [32.6448226, 57.1399157], [32.6462066, 57.1401951], [32.6484597, 57.140428], [32.6491758, 57.1405619], [32.6496774, 57.1407045], [32.6502246, 57.1409068], [32.6506054, 57.141109], [32.650938, 57.1412982], [32.6511472, 57.1414991], [32.651217, 57.1418833], [32.6515818, 57.1426371], [32.6518929, 57.143158], [32.6520967, 57.1435539], [32.6523328, 57.1436674], [32.6526654, 57.1437401], [32.6529711, 57.1436965], [32.6540601, 57.1434083], [32.654618, 57.1432046], [32.6548219, 57.1430242], [32.6548755, 57.1427913], [32.6548433, 57.1425439], [32.6546985, 57.1422325], [32.6545081, 57.1419327], [32.654264, 57.1416097], [32.6538938, 57.1413768], [32.6534539, 57.1411862], [32.6530999, 57.1410872], [32.6528934, 57.1410843], [32.6524052, 57.1410596], [32.6518312, 57.1410101], [32.6515603, 57.1409228], [32.6512814, 57.1407889], [32.6511177, 57.1406681], [32.6510426, 57.1405357], [32.651048, 57.1403916], [32.6511419, 57.1402431], [32.6512733, 57.1400408], [32.6513162, 57.1398633], [32.6512492, 57.1396566], [32.6510721, 57.1394296], [32.6508415, 57.1391909], [32.6505411, 57.1390105], [32.6501924, 57.1388562], [32.6497954, 57.1387223], [32.6492321, 57.138667], [32.6489907, 57.1385593], [32.6488781, 57.1384429], [32.6488352, 57.1381867], [32.648921, 57.1379335], [32.6491409, 57.1376657], [32.6495057, 57.1374241], [32.6500583, 57.1369147], [32.6504552, 57.1366265], [32.6509541, 57.1363412], [32.6513189, 57.1362859], [32.6516086, 57.136283], [32.6519144, 57.1363616], [32.6521504, 57.1366439], [32.6523274, 57.1369205], [32.6526654, 57.1371999], [32.6531643, 57.137654], [32.6534915, 57.1379073], [32.6538026, 57.1380703], [32.6545268, 57.1382886], [32.6550847, 57.1383555], [32.6555514, 57.1383119], [32.6562273, 57.1382158], [32.6566082, 57.1381489], [32.6571286, 57.1381227], [32.6575684, 57.1381722], [32.6577616, 57.1382507], [32.6578581, 57.1383439], [32.6578689, 57.1384516], [32.6577508, 57.1385083], [32.6575255, 57.1385709], [32.6574075, 57.1386932], [32.6574612, 57.1387922], [32.6576328, 57.1389057], [32.6578206, 57.1389464], [32.6581317, 57.138993], [32.6583248, 57.1390658], [32.6583678, 57.1391967], [32.6583087, 57.1393423], [32.6583141, 57.1394907], [32.6584428, 57.1395606], [32.658695, 57.1395868], [32.6589096, 57.1395693], [32.6591617, 57.1394965], [32.6593816, 57.139351], [32.659623, 57.1391298], [32.6598805, 57.138993], [32.6600629, 57.1389552], [32.6603955, 57.1389726], [32.6610339, 57.1390512], [32.6617634, 57.1390978], [32.6623481, 57.1390861], [32.6629972, 57.1389726], [32.6636893, 57.1388242], [32.6640326, 57.1386146], [32.6644349, 57.1383526], [32.6647407, 57.1380557], [32.6649392, 57.1378985], [32.6650786, 57.1377413], [32.6650947, 57.1374881], [32.6650518, 57.1372087], [32.6650572, 57.1369845], [32.6651645, 57.1368099], [32.6654702, 57.1366847], [32.6662534, 57.1365013], [32.66635, 57.1364518], [32.666409, 57.1363732], [32.6664573, 57.1362801], [32.6664412, 57.1361811], [32.6663178, 57.1359104], [32.6660389, 57.135596], [32.6657224, 57.1351855], [32.6656741, 57.1349323], [32.6656794, 57.1346965], [32.6659047, 57.1342132], [32.6660657, 57.1339163], [32.6663983, 57.133567], [32.6666611, 57.1331652], [32.6666611, 57.1329498], [32.66635, 57.1326033], [32.6662134, 57.132468], [32.6661032, 57.1323588], [32.6660013, 57.1322161], [32.6659128, 57.1321143], [32.665835, 57.1320851], [32.6657385, 57.132091], [32.6656392, 57.1321274], [32.6653898, 57.1323573], [32.6649392, 57.1327678], [32.6646602, 57.133222], [32.6644725, 57.1333588], [32.6643276, 57.1334316], [32.6642203, 57.133433], [32.6641238, 57.1334068], [32.664046, 57.1333122], [32.6640809, 57.1329236], [32.6640111, 57.1327766], [32.6638716, 57.1326849], [32.6636544, 57.1326295], [32.6633406, 57.1325699], [32.6630294, 57.1325713], [32.6626593, 57.1326208], [32.6622167, 57.1327737], [32.6612216, 57.1331128], [32.6596498, 57.1337707], [32.6593226, 57.1339745], [32.6590759, 57.1342758], [32.658923, 57.1343471], [32.658813, 57.1343588], [32.6587272, 57.1343297], [32.6585957, 57.1342161], [32.658534, 57.1339862], [32.6584536, 57.1335932], [32.6583034, 57.1329469], [32.6581907, 57.1326994], [32.6579547, 57.132516], [32.6565117, 57.1316484], [32.6558947, 57.1310807], [32.6555836, 57.1307488], [32.6554656, 57.1305217], [32.6555407, 57.130283], [32.6558626, 57.1300152], [32.6567316, 57.1298812], [32.6573753, 57.1298114], [32.6577186, 57.1297182], [32.6578259, 57.1295668], [32.6578635, 57.1293455], [32.6577401, 57.1292232], [32.6575684, 57.1290631], [32.657386, 57.1289612], [32.6571768, 57.1288855], [32.6568121, 57.1287865], [32.6563919, 57.1286538], [32.6559001, 57.1285681], [32.597267, 57.1244801]]]], [[[[32.6559001, 57.1285681], [32.6556802, 57.1285419], [32.6554388, 57.1285041], [32.6559001, 57.1285681]]]], [[[[32.6554388, 57.1285041], [32.6547468, 57.1284779], [32.6541138, 57.1285478], [32.6536202, 57.1285186], [32.6533627, 57.1284779], [32.6529765, 57.1283905], [32.6525903, 57.1283032], [32.6520431, 57.1282217], [32.6515388, 57.1282217], [32.6511848, 57.1282974], [32.6509917, 57.1284662], [32.6509434, 57.1286729], [32.651217, 57.1289204], [32.6517427, 57.1291417], [32.6521718, 57.1292931], [32.6522952, 57.1294037], [32.6523328, 57.129526], [32.6520646, 57.1296716], [32.6516461, 57.1296891], [32.650938, 57.1295319], [32.6502728, 57.1294154], [32.648524, 57.1293048], [32.646963, 57.129427], [32.6458257, 57.1296658], [32.6440877, 57.1301462], [32.6435673, 57.1302248], [32.6431006, 57.1301957], [32.6423496, 57.1299802], [32.6413035, 57.1298055], [32.640515, 57.1297968], [32.63978, 57.1299045], [32.6392007, 57.1301374], [32.6386428, 57.1305509], [32.6384389, 57.1307547], [32.6382351, 57.1308071], [32.6380581, 57.1308129], [32.6375377, 57.1306586], [32.6369744, 57.1304082], [32.6357782, 57.1298987], [32.634303, 57.1292785], [32.6331496, 57.1289233], [32.6322055, 57.1287865], [32.6313418, 57.1287778], [32.6306283, 57.128868], [32.6300865, 57.1289932], [32.629298, 57.1291883], [32.6286542, 57.1293339], [32.6277634, 57.1296216], [32.6271415, 57.1297298], [32.6260855, 57.1297098], [32.6251566, 57.1298463], [32.624383, 57.1300774], [32.6235902, 57.1303879], [32.6554388, 57.1285041]]]], [[[[32.6235902, 57.1303879], [32.6222491, 57.1308944], [32.6208866, 57.1317212], [32.6193845, 57.1327635], [32.6186871, 57.133468], [32.6179361, 57.1341492], [32.6177752, 57.1341841], [32.6173139, 57.1340327], [32.6169813, 57.1340851], [32.6161873, 57.1338814], [32.6158429, 57.1335726], [32.6156854, 57.1334795], [32.6152432, 57.1333457], [32.614181, 57.133433], [32.6133225, 57.1335193], [32.6131028, 57.1337504], [32.6130144, 57.1338878], [32.6142041, 57.1339583], [32.6141401, 57.1344655], [32.6150881, 57.1346368], [32.6156777, 57.1347314], [32.6158246, 57.1347231], [32.6160747, 57.1347139], [32.6161712, 57.1347605], [32.6163731, 57.1348614], [32.6167023, 57.1347896], [32.6168725, 57.1348344], [32.6166507, 57.1350704], [32.6166969, 57.1355232], [32.6164556, 57.135807], [32.616131, 57.1360501], [32.6156616, 57.1362553], [32.6235902, 57.1303879]]]], [[[[32.6156616, 57.1362553], [32.6150608, 57.136478], [32.6144278, 57.1366818], [32.6136339, 57.136839], [32.6125073, 57.1369612], [32.6115632, 57.1370486], [32.6105869, 57.1371417], [32.6096856, 57.1371883], [32.6089561, 57.137229], [32.6083124, 57.137264], [32.6076901, 57.137229], [32.6070571, 57.1370719], [32.6065743, 57.1368739], [32.6060754, 57.1365712], [32.6058608, 57.1362975], [32.605598, 57.1357241], [32.6054048, 57.1349585], [32.6053083, 57.1344083], [32.6050401, 57.1338348], [32.6049033, 57.1336703], [32.6047236, 57.1335291], [32.6044486, 57.1333734], [32.6043789, 57.1333122], [32.6043561, 57.1332693], [32.6043923, 57.1332307], [32.604509, 57.1332023], [32.6051152, 57.1331332], [32.6062256, 57.1328799], [32.6071912, 57.1326761], [32.6082051, 57.1324898], [32.6092619, 57.132353], [32.609911, 57.1322744], [32.6104474, 57.1321259], [32.6108283, 57.1319454], [32.6110455, 57.1318522], [32.6156616, 57.1362553]]]], [[[[32.6110455, 57.1318522], [32.6112252, 57.131746], [32.6113191, 57.131727], [32.6114076, 57.1317489], [32.6114666, 57.1318828], [32.6115954, 57.1319963], [32.6117134, 57.1320371], [32.6118126, 57.1320225], [32.6119682, 57.131957], [32.6120836, 57.1318551], [32.6121479, 57.1317576], [32.6120836, 57.1317139], [32.6119038, 57.1316572], [32.6116115, 57.1315829], [32.6115471, 57.1315364], [32.6115257, 57.1314447], [32.6116142, 57.1313166], [32.6120084, 57.1311186], [32.6125583, 57.130925], [32.6128641, 57.1308871], [32.6130947, 57.1309119], [32.6132825, 57.1310109], [32.6134676, 57.1311157], [32.613615, 57.1311381], [32.6137546, 57.1311404], [32.6139638, 57.1310735], [32.6141891, 57.1309381], [32.6145834, 57.130644], [32.6147872, 57.1304955], [32.6150286, 57.1303267], [32.6110455, 57.1318522]]]], [[[[32.6150286, 57.1303267], [32.6151681, 57.1302219], [32.6153612, 57.1301374], [32.6155329, 57.130085], [32.6156187, 57.1299977], [32.6156187, 57.1298783], [32.6156026, 57.129791], [32.6156884, 57.1296716], [32.6158494, 57.1295406], [32.6160747, 57.1293746], [32.6163107, 57.1292815], [32.6165843, 57.1292465], [32.6168257, 57.1292815], [32.6170188, 57.1293455], [32.6150286, 57.1303267]]]], [[[[32.6170188, 57.1293455], [32.6172709, 57.1293746], [32.617448, 57.1293717], [32.6177698, 57.1292785], [32.6179361, 57.1292028], [32.6170188, 57.1293455]]]], [[[[32.6179361, 57.1292028], [32.6184243, 57.1289321], [32.6189715, 57.1284953], [32.6194596, 57.1280586], [32.6198566, 57.1275229], [32.6200453, 57.1271357], [32.6202643, 57.1266406], [32.6203501, 57.1261951], [32.6204252, 57.1256943], [32.6204681, 57.1254031], [32.6205218, 57.1249722], [32.6179361, 57.1292028]]]], [[[[32.6205218, 57.1249722], [32.6206398, 57.1243141], [32.6205218, 57.1249722]]]], [[[[32.6206398, 57.1243141], [32.6207793, 57.1238773], [32.6206398, 57.1243141]]]], [[[[32.6207793, 57.1238773], [32.6211762, 57.1234463], [32.6214874, 57.1229367], [32.6216644, 57.1226688], [32.6217341, 57.1223543], [32.6216912, 57.1221883], [32.6215625, 57.1220223], [32.6213747, 57.1218272], [32.6212084, 57.1216205], [32.6210636, 57.1213962], [32.6208115, 57.1210322], [32.6204413, 57.1207206], [32.6200122, 57.1203915], [32.6197171, 57.1200858], [32.6195723, 57.1197916], [32.619465, 57.1195994], [32.619347, 57.1194043], [32.6191539, 57.119183], [32.6207793, 57.1238773]]]], [[[[32.6191539, 57.119183], [32.6189554, 57.1189092], [32.6191539, 57.119183]]]], [[[[32.6189554, 57.1189092], [32.6187086, 57.1187141], [32.6189554, 57.1189092]]]], [[[[32.6187086, 57.1187141], [32.6185638, 57.1185277], [32.6184833, 57.1183413], [32.6184028, 57.11812], [32.6183653, 57.1178724], [32.618376, 57.1176423], [32.6184136, 57.1173977], [32.6186174, 57.1169987], [32.6189339, 57.1166288], [32.6195669, 57.116189], [32.6199317, 57.1159793], [32.6204145, 57.1156356], [32.62079, 57.1153385], [32.6210046, 57.1151346], [32.6211011, 57.1149133], [32.6211333, 57.1146337], [32.621144, 57.1142608], [32.6211119, 57.1138822], [32.6212084, 57.1136492], [32.6211655, 57.1133055], [32.6209724, 57.1129384], [32.6206827, 57.1127462], [32.6201945, 57.1123413], [32.6199263, 57.1121258], [32.6197922, 57.1119452], [32.6197708, 57.1117267], [32.6199371, 57.1114966], [32.6202965, 57.1112752], [32.620672, 57.1111179], [32.6214874, 57.1108441], [32.6219809, 57.1107101], [32.622394, 57.1106052], [32.6227051, 57.1104741], [32.6229465, 57.1103605], [32.6187086, 57.1187141]]]], [[[[32.6229465, 57.1103605], [32.6230377, 57.1102061], [32.6230216, 57.1100314], [32.6229572, 57.1098915], [32.6227158, 57.1095886], [32.6224476, 57.1093643], [32.6220989, 57.1090788], [32.6218682, 57.108936], [32.6217288, 57.1089098], [32.6214927, 57.1089448], [32.6210314, 57.1091312], [32.620393, 57.1094662], [32.6200283, 57.1095594], [32.6197761, 57.1095507], [32.6195884, 57.1095099], [32.6194006, 57.1094225], [32.6192504, 57.1093031], [32.6189071, 57.1089594], [32.6186925, 57.1085894], [32.6185952, 57.1082416], [32.6185048, 57.1080359], [32.618317, 57.1078553], [32.61792, 57.1076615], [32.6174346, 57.1074926], [32.6169502, 57.1072947], [32.616764, 57.1071925], [32.6166943, 57.1070978], [32.616697, 57.107041], [32.6167747, 57.1070031], [32.6168979, 57.1069819], [32.617102, 57.1069871], [32.6173782, 57.1070337], [32.6176035, 57.107057], [32.6176786, 57.1070541], [32.6177108, 57.1070235], [32.6177457, 57.1069886], [32.6177216, 57.1069201], [32.617625, 57.1068502], [32.6176089, 57.1067366], [32.6176625, 57.1066637], [32.6178718, 57.1065472], [32.6181883, 57.1064336], [32.6185638, 57.1062064], [32.6187193, 57.106049], [32.6187676, 57.1058538], [32.6186302, 57.1056561], [32.6184565, 57.1055188], [32.6179898, 57.1053819], [32.6177806, 57.1053411], [32.6175767, 57.1052537], [32.6175016, 57.1051255], [32.6176625, 57.104974], [32.6180917, 57.1046477], [32.6184297, 57.1044991], [32.618696, 57.1043052], [32.6229465, 57.1103605]]]]]}}, {"type": "Feature", "id": "relation/6407846", "properties": {"name": null, "osm": "relation/6407846", "natural": "water", "water": null, "waterway": null, "kind": "area"}, "geometry": {"type": "MultiPolygon", "coordinates": [[[[[33.015728, 57.2308607], [33.0159882, 57.2308418], [33.0162135, 57.2307895], [33.0162886, 57.2307692], [33.0163423, 57.2307576], [33.0164495, 57.2307605], [33.0165193, 57.2307721], [33.0166319, 57.2307939], [33.0168707, 57.2308142], [33.0169672, 57.2308389], [33.017096, 57.2308447], [33.0171764, 57.2308447], [33.0172032, 57.2308766], [33.0172596, 57.2308926], [33.0173615, 57.2308853], [33.0179006, 57.2308505], [33.0184049, 57.2307619], [33.0188179, 57.2306255], [33.0190352, 57.2305282], [33.019223, 57.2304106], [33.0193571, 57.2303482], [33.019459, 57.2302306], [33.0194831, 57.2301449], [33.0194536, 57.2300709], [33.0194724, 57.2299867], [33.0195743, 57.2299228], [33.0197192, 57.229856], [33.0198989, 57.2298255], [33.0201108, 57.2298241], [33.0201805, 57.2298168], [33.0202824, 57.2297951], [33.0203629, 57.2297747], [33.0204621, 57.2297718], [33.0205506, 57.2297834], [33.0205909, 57.2298052], [33.020666, 57.2297951], [33.0208832, 57.2297138], [33.0211085, 57.2296325], [33.0213017, 57.2295032], [33.0214572, 57.2293726], [33.015728, 57.2308607]]]], [[[[33.0214572, 57.2293726], [33.0214706, 57.2293348], [33.0214358, 57.229271], [33.0213848, 57.2291955], [33.0213553, 57.2290779], [33.0212722, 57.2290154], [33.0210603, 57.2289254], [33.0207438, 57.2288673], [33.0201456, 57.2288398], [33.0194965, 57.2288456], [33.0190647, 57.228879], [33.018547, 57.2289719], [33.018016, 57.2291505], [33.0174259, 57.2294176], [33.0166936, 57.2297791], [33.0162698, 57.2299373], [33.0159802, 57.2301275], [33.015897, 57.2302328], [33.0156395, 57.2303903], [33.0153901, 57.2305681], [33.0153123, 57.2306269], [33.0153378, 57.2306915], [33.0153753, 57.2307554], [33.0154223, 57.230804], [33.0155376, 57.2308461], [33.015728, 57.2308607], [33.0214572, 57.2293726]]]]]}}, {"type": "Feature", "id": "relation/9617479", "properties": {"name": "Мелкое", "osm": "relation/9617479", "natural": "water", "water": null, "waterway": null, "kind": "area"}, "geometry": {"type": "MultiPolygon", "coordinates": [[[[[33.2276915, 57.2905459], [33.2276571, 57.2907766], [33.2275128, 57.2911891], [33.2275536, 57.2916355], [33.2279758, 57.2923637], [33.228553, 57.2925109], [33.2288475, 57.2925472], [33.2293534, 57.2928982], [33.2302696, 57.2936814], [33.2320066, 57.2941858], [33.2337012, 57.2944373], [33.235222, 57.2944565], [33.2353663, 57.2943194], [33.2365007, 57.2942406], [33.2372857, 57.2942246], [33.2377825, 57.2939489], [33.2389466, 57.2938089], [33.2391797, 57.29361], [33.2395881, 57.293486], [33.2395066, 57.293331], [33.2398027, 57.2931907], [33.2399914, 57.29308], [33.240109, 57.293011], [33.2401418, 57.2929663], [33.2401863, 57.2929057], [33.2400506, 57.2927727], [33.2396729, 57.2926214], [33.2395447, 57.2923646], [33.2390463, 57.292073], [33.2385169, 57.2921057], [33.2382517, 57.2918511], [33.2378769, 57.2919127], [33.2376028, 57.2918167], [33.2374939, 57.2914506], [33.2377594, 57.2911598], [33.2374611, 57.2910213], [33.237201, 57.2906673], [33.2369848, 57.2899293], [33.2365257, 57.2898805], [33.2356238, 57.2894675], [33.2342173, 57.289217], [33.232984, 57.2892298], [33.2305512, 57.2896481], [33.2302535, 57.2902059], [33.2290251, 57.2903551], [33.228715, 57.2902328], [33.2276915, 57.2905459]]]], [[[[33.2276915, 57.2905459], [33.2282138, 57.2903861], [33.228715, 57.2902328], [33.2276915, 57.2905459]]]]]}}, {"type": "Feature", "id": "relation/9617480", "properties": {"name": "Глубокое", "osm": "relation/9617480", "natural": "water", "water": null, "waterway": null, "kind": "area"}, "geometry": {"type": "MultiPolygon", "coordinates": [[[[33.2232325, 57.292297], [33.2231108, 57.2917292], [33.2263193, 57.2904299], [33.2269662, 57.2904688], [33.2274117, 57.2904491], [33.2276915, 57.2905459], [33.2232325, 57.292297]], [[33.2116377, 57.2817307], [33.2117933, 57.2815104], [33.2117718, 57.2812262], [33.211863, 57.2809942], [33.2120562, 57.2808869], [33.2123297, 57.280858], [33.2125175, 57.2808927], [33.2126087, 57.2809565], [33.2126087, 57.2810928], [33.2125014, 57.2813393], [33.2122761, 57.2815191], [33.2120937, 57.281606], [33.2116377, 57.2817307]]], [[[[33.2276915, 57.2905459], [33.2282138, 57.2903861], [33.228715, 57.2902328], [33.2276915, 57.2905459]]]], [[[[33.228715, 57.2902328], [33.2287413, 57.2899099], [33.2291817, 57.2895907], [33.2315633, 57.2875156], [33.2321164, 57.2863587], [33.2331142, 57.2865204], [33.2321995, 57.2862537], [33.2331222, 57.2862667], [33.2322478, 57.2861855], [33.2322312, 57.2861183], [33.2332563, 57.286], [33.2322451, 57.2859058], [33.2333422, 57.2858362], [33.2321888, 57.2858101], [33.2316846, 57.2853288], [33.2316685, 57.2844475], [33.2324946, 57.2840879], [33.2323363, 57.283943], [33.2316631, 57.2841865], [33.2314914, 57.2841082], [33.2320654, 57.2838676], [33.2319099, 57.2837342], [33.2312862, 57.283914], [33.2310516, 57.2836791], [33.2315692, 57.2834385], [33.2315156, 57.2833834], [33.2309282, 57.2835719], [33.2307512, 57.2833457], [33.2312447, 57.2831703], [33.2313493, 57.2832138], [33.2315236, 57.28315], [33.2312044, 57.283034], [33.2301425, 57.2833036], [33.2289884, 57.2814851], [33.2258985, 57.2801461], [33.2227208, 57.2787922], [33.2206555, 57.2785011], [33.2202216, 57.2771963], [33.2191075, 57.2762026], [33.2176497, 57.2760632], [33.2141444, 57.276136], [33.2137132, 57.2758297], [33.2126486, 57.2750734], [33.2114743, 57.2751186], [33.2101419, 57.2755541], [33.2094117, 57.2762477], [33.2062176, 57.2772521], [33.204097, 57.2776178], [33.2032087, 57.2779942], [33.2026216, 57.2779791], [33.2015108, 57.2784105], [33.2019742, 57.2788674], [33.2015526, 57.2792137], [33.2018838, 57.2796503], [33.2035825, 57.2802789], [33.2033691, 57.2814348], [33.2053263, 57.2821311], [33.2057057, 57.2827045], [33.2068319, 57.2823569], [33.2075068, 57.2821399], [33.2096677, 57.2829456], [33.2107652, 57.2837307], [33.2114615, 57.284013], [33.2125154, 57.284126], [33.2140938, 57.284364], [33.2149567, 57.2849375], [33.2141944, 57.2877575], [33.2148905, 57.2878814], [33.2156841, 57.2888999], [33.2172283, 57.2896573], [33.2192128, 57.2905466], [33.2203259, 57.2918084], [33.2219079, 57.2925918], [33.222055, 57.2928949], [33.228715, 57.2902328]]]], [[[[33.222055, 57.2928949], [33.2227149, 57.2925598], [33.2232325, 57.292297], [33.222055, 57.2928949]]]]]}}, {"type": "Feature", "id": "relation/16459681", "properties": {"name": null, "osm": "relation/16459681", "natural": "water", "water": null, "waterway": null, "kind": "area"}, "geometry": {"type": "Polygon", "coordinates": [[[32.9831055, 57.5308473], [32.9830894, 57.5307033], [32.9832584, 57.5306011], [32.983591, 57.5305694], [32.9839718, 57.5305853], [32.984401, 57.5306054], [32.9849535, 57.5305781], [32.9849455, 57.5309121], [32.984637, 57.5309035], [32.9843903, 57.530987], [32.9838592, 57.5311108], [32.9835883, 57.5311656], [32.9834086, 57.5311468], [32.9832503, 57.531072], [32.9831484, 57.5309467], [32.9831055, 57.5308473]], [[32.9831511, 57.5307062], [32.9832959, 57.5306414], [32.983599, 57.5306169], [32.9839665, 57.5306745], [32.9843608, 57.5307264], [32.9844385, 57.5309222], [32.9840738, 57.5310259], [32.983768, 57.5310864], [32.9836312, 57.5311281], [32.9834139, 57.5311022], [32.9832289, 57.530987], [32.9831484, 57.5308416], [32.9831511, 57.5307062]]]}}, {"type": "Feature", "id": "relation/18072605", "properties": {"name": "Княжка", "osm": "relation/18072605", "natural": "water", "water": "river", "waterway": null, "kind": "area"}, "geometry": {"type": "Polygon", "coordinates": [[[33.2449978, 57.2918991], [33.2450016, 57.2917963], [33.2441366, 57.2919301], [33.2436774, 57.292009], [33.2430251, 57.2922339], [33.2422784, 57.2925029], [33.2416561, 57.2927348], [33.2410253, 57.2928762], [33.2405618, 57.2929551], [33.2401418, 57.2929663], [33.2399914, 57.29308], [33.2404888, 57.2930826], [33.2409816, 57.2930541], [33.2414902, 57.2929468], [33.2419179, 57.2928415], [33.2422612, 57.2927023], [33.2427848, 57.2925238], [33.2434543, 57.2922895], [33.2439735, 57.2921087], [33.2444456, 57.2920066], [33.2449978, 57.2918991]]]}}, {"type": "Feature", "id": "relation/18358806", "properties": {"name": "Мелкош", "osm": "relation/18358806", "natural": "water", "water": null, "waterway": null, "kind": "area"}, "geometry": {"type": "Polygon", "coordinates": [[[32.94275, 57.33525], [32.941679, 57.3342254], [32.9406193, 57.3341932], [32.9400483, 57.334661], [32.9394772, 57.3349185], [32.9380597, 57.3337254], [32.93825, 57.333], [32.938, 57.33275], [32.937204, 57.3325207], [32.9363404, 57.3322719], [32.936179, 57.3322254], [32.9359886, 57.3333617], [32.93775, 57.33525], [32.93775, 57.3365], [32.938, 57.337], [32.93925, 57.338], [32.9395, 57.33825], [32.9398006, 57.3382421], [32.9400587, 57.3382353], [32.9404403, 57.3382253], [32.9410255, 57.3371459], [32.9425509, 57.3366137], [32.94275, 57.33525]], [[32.9399709, 57.3369459], [32.9402541, 57.3368556], [32.9404987, 57.3367235], [32.9407305, 57.3365614], [32.9407734, 57.3363391], [32.9406103, 57.336207], [32.9402927, 57.3362047], [32.9400309, 57.3364363], [32.9397606, 57.3367537], [32.9398035, 57.3369389], [32.9398936, 57.3369575], [32.9399322, 57.3369667], [32.9399709, 57.3369459]]]}}]}